Workbook
Name NombreIntervalo1: DATOS!$D$2:$D$5
Name CURSO: CONFIGURACION!$E$2:$E$17

Sheet CONFIGURACION
A1: ANIO_ACADEMICO | C1: CICLO | D1: GRADO | E1: CURSO | G1: GENERO | I1: PERIODO | K1: PRUEBA | L1: HABILITAR | M1: NOMBRE_PRUEBA | N1: UNIDAD | O1: TIPO | P1: OBJETIVO | Q1: MEDIO | R1: MATERIAL | S1: DESCRIPCION | T1: VALORACION
A2: 2024-2025 | C2: ESO | D2: 1 | E2: A | G2: MASCULINO | I2: 1 TRIMESTRE | K2: S. HORIZONTAL | L2: SI | M2: Test de Salto Horizontal | N2: cm | O2: Fuerza | P2: Determinar la potencia de las piernas. | Q2: Superficie plana y antideslizante, con una línea dibujada en el suelo. | S2: Posición inicial: El ejecutante ha de situarse derecho con los pies ligeramente separados y la punta de los pies detrás de la línea de salida. Desarrollo: Ha de tomar impulso para saltar, flexionando las piernas y empujando con los brazos desde detrás hacia adelante. Se salta haciendo una rápida extensión de las piernas y estirando los brazos hacia adelante. Finalización: En el momento de la caída, el ejecutante ha de mantener los pies en el mismo sitio donde ha tomado contacto con el suelo sin perder el equilibrio. | T2: Se registrará la distancia en centímetros. Hay que anotar el mejor de los dos resultados.
C3: ESO | D3: 1 | E3: B | G3: FEMENINO | I3: 2 TRIMESTRE | K3: L. BALON | L3: SI | M3: Test de Balón medicinal | N3: m | O3: Fuerza | P3: Medir la fuerza del tren superior. | Q3: Superficie plana y antideslizante. | R3: Balón medicinal. | S3: Posición inicial: El ejecutante se colocará en la línea con los pies separados a la anchura de los hombros, cogiendo el balón con las dos manos por detrás de la cabeza. Desarrollo: Lanzar el balón lo más lejos posible. No se podrá saltar en el momento del lanzamiento. De igual modo, se tendrá que mantener la posición de equilibrio. Se ejecutarán dos intentos. | T3: Se registrará la distancia en centímetros. Hay que anotar el mejor de los dos resultados.
C4: ESO | D4: 2 | E4: A | I4: 3 TRIMESTRE | K4: ABDOMINALES | L4: SI | M4: Test de Abdominales | N4: repeticiones | O4: Fuerza | P4: Medir la fuerza-resistencia de los músculos abdominales. | Q4: Superficie plana y lisa. | R4: Cronómetro con precisión de centésimas de segundo. | S4: Posición Inicial: El ejecutante ha de colocarse en decúbito supino con las piernas flexionadas 90o, los pies ligeramente separados y los dedos entrelazados detrás de la nuca o brazos cruzados sobre el pecho. Un ayudante ha de sujetarle los pies para fijarlos al suelo. Desarrollo: Al oír la señal del observador "preparado...ya!", el ejecutante ha de tratar de hacer el mayor número de repeticiones posibles, tocando siempre con los codos las rodillas y con la espalda en la colchoneta. El ayudante contará el número de repeticiones. Finalización: Cuando hayan pasado 30” se indicará el final. | T4: Se registra el número de repeticiones realizadas correctamente. Solo habrá un intento.
C5: ESO | D5: 2 | E5: B | K5: FLEXIBILIDAD | L5: SI | M5: Test de Flexión anterior del tronco | N5: cm | O5: Flexibilidad | P5: Medir la flexibilidad del tronco. | Q5: Superficie antideslizante. | S5: Posición Inicial: El ejecutante descalzo, se ha de sentar enfrente del cajón con las piernas completamente extendidas y las plantas de los pies en completo contacto con la pared del cajón. Desarrollo: Flexionar el tronco hacia adelante sin doblar las piernas, y extender los brazos y las palmas de la mano sobre la regla, ha de tratar de llegar lo más lejos posible. Finalización: El ejecutante, en el momento en que llega a la posición máxima, ha de permanecer inmóvil durante 2 segundos para que se pueda registrar el resultado conseguido. | T5: El registro se hará en centímetros. Se anota el mejor de los 2 resultados.
C6: ESO | D6: 3 | E6: A | K6: S. VERTICAL | L6: SI | M6: Test de Salto Vertical | N6: cm | O6: Fuerza | P6: Medir la fuerza explosiva del tren inferior en el sentido vertical. | Q6: Superficie plana y antideslizante. | R6: Tabla graduada o escala pintada sobre la pared. | S6: Posición Inicial: El ejecutante se colocará junto a una pared, lateralmente, y con el brazo más próximo a ella señalará su punto más alto. Desarrollo: A la señal y previa separación de la pared, ha de tomar impulso para saltar, flexionando las piernas, hasta alcanzar el máximo posible dejando marca con los dedos en la tabla. | T6: Se registrará la diferencia entre el máximo estático y el de la marca del salto en centímetros. Hay que anotar el mejor de los dos resultados.
C7: ESO | D7: 3 | E7: B | K7: COOPER | L7: SI | M7: Test de Cooper | N7: m | O7: Resistencia | P7: Valorar la resistencia aeróbica. Determinar el VO2 máximo. | Q7: Pista o terreno liso y sin pendiente. | R7: Cronómetro | S7: Consiste en cubrir la máxima distancia posible durante 12 minutos de carrera continua. | T7: Se anotará la distancia recorrida al finalizar los doce minutos.
C8: ESO | D8: 4 | E8: A | K8: VELOCIDAD | L8: SI | M8: Test de Velocidad en 50m | N8: seg | O8: Velocidad | P8: Medir la velocidad de traslación partiendo de una velocidad inicial igual a 0. | Q8: Pista o terreno liso y sin pendiente. | R8: Cronómetro | S8: Recorrer la distancia de 50 metros en el menor tiempo posible. Se realizarán dos intentos con un periodo de reposo entre cada uno. | T8: El registro se hará en centésimas de segundo. Se anota el mejor de los dos resultados.
C9: ESO | D9: 4 | E9: B | K9: INTESIDAD FISICA | L9: NO | M9: Test de intensidad de esfuerzos físicos | N9: fc | O9: Medición | P9: Calcular la zona de actividad a partir de la frecuencia cardiaca y ejercicio físico | Q9: Cualquier medio | R9: Cronómetro | S9: Conocer la intensidad de nuestros esfuerzos y nos va a ayudar a situarnos en la ZONA DE ACTIVIDAD apropiada según el objetivo que pretendamos. | T9: Toma el pulso nada más parar la actividad física, durante 15” y multiplica tu resultado por 4 para saber los latidos por minuto.
C10: ESO | D10: 1 | E10: A1
C11: ESO | D11: 1 | E11: A2-C
C12: BCH | D12: 1 | E12: B1
C13: BCH | D13: 1 | E13: B2
C14: BCH | D14: 2 | E14: A1
C15: BCH | D15: 2 | E15: B1
C16: BCH | D16: 2 | E16: B2
C17: BCH | D17: 2 | E17: C

Sheet ALUMNOS
A1: CICLO | B1: GRADO | C1: CURSO | D1: NOMBRE_ALUMNO | E1: GENERO | F1: Peso (kg) | G1: Talla (cm)
A2: {=IF(C2="","",IFERROR(INDEX(CONFIGURACION!C:C,MATCH(C2,CONFIGURACION!E:E,0)),""))} -> BCH | B2: {=IF(C2="","",IFERROR(INDEX(CONFIGURACION!D:D,MATCH(C2,CONFIGURACION!E:E,0)),""))} -> 1 | C2: B1 | D2: Manolo Díaz Camacho | E2: MASCULINO
A3: {=IF(C3="","",IFERROR(INDEX(CONFIGURACION!C:C,MATCH(C3,CONFIGURACION!E:E,0)),""))} -> BCH | B3: {=IF(C3="","",IFERROR(INDEX(CONFIGURACION!D:D,MATCH(C3,CONFIGURACION!E:E,0)),""))} -> 1 | C3: B1 | D3: Juan Carlos Huizar Moreno | E3: MASCULINO
A4: {=IF(C4="","",IFERROR(INDEX(CONFIGURACION!C:C,MATCH(C4,CONFIGURACION!E:E,0)),""))} -> BCH | B4: {=IF(C4="","",IFERROR(INDEX(CONFIGURACION!D:D,MATCH(C4,CONFIGURACION!E:E,0)),""))} -> 1 | C4: B1 | D4: Gerardo Huizar Castro | E4: MASCULINO
A5: BCH | B5: 1 | C5: B2 | D5: Alumno de prueba | E5: MASCULINO
A6: ESO | B6: 1 | C6: A | D6: Alumno de prueba 2 | E6: MASCULINO
A7: ESO | B7: 1 | C7: A | D7: Alumna de prueba 3 | E7: MASCULINO

Sheet DATOS
A1: CICLO | B1: GRADO | C1: GENERO | D1: CURSO | E1: PRUEBA | F1: NOMBRE_ALUMNO | G1: PERIODO | H1: MEDICION | I1: NOMBRE_CORTO | J1: POSICION_TABLA_BAREMO | K1: BAREMO
A2: {=IF(D2="","",IFERROR(INDEX(CONFIGURACION!C:C,MATCH(D2,CONFIGURACION!E:E,0)),""))} -> BCH | B2: {=IF(D2="","",IFERROR(INDEX(CONFIGURACION!D:D,MATCH(D2,CONFIGURACION!E:E,0)),""))} -> 1 | C2: MASCULINO | D2: B1 | E2: COOPER | F2: Manolo Díaz Camacho | G2: 1 TRIMESTRE | H2: 1900 | I2: =IFERROR(__xludf.DUMMYFUNCTION("IF(F2="""","""",LET( nombre, TRIM(F2), primer, REGEXEXTRACT(nombre, ""^\S+""), resto, TRIM(REGEXREPLACE(nombre, ""^\S+\s*"", """")), iniciales, IF( resto="""", """", TEXTJOIN("""",1,ARRAYFORMULA(LEFT(SPLIT(resto,"" ""),1) & ""."")) )"&", UPPER(primer) & "" "" & UPPER(iniciales) ))"),"MANOLO D.C.") -> MANOLO D.C. | J2: =IFERROR(__xludf.DUMMYFUNCTION("IF(H2="""","""",IFERROR( IF(REGEXMATCH(E2,""VELOCIDAD""), IF(H2>=MAX(INDEX(BAREMOS!G:Y,MATCH(1,(BAREMOS!A:A=A2)*(BAREMOS!B:B=B2)*(BAREMOS!C:C=C2)*(BAREMOS!D:D=E2),0),0)),1, IF(H2<=MIN(INDEX(BAREMOS!G:Y,MATCH(1,(BAREMOS!A:A=A2)*(BAREMOS!B:B=B2)*(B"&"AREMOS!C:C=C2)*(BAREMOS!D:D=E2),0),0)),19, MATCH(H2,INDEX(BAREMOS!G:Y,MATCH(1,(BAREMOS!A:A=A2)*(BAREMOS!B:B=B2)*(BAREMOS!C:C=C2)*(BAREMOS!D:D=E2),0),0),-1) ) ), IF(H2<=MIN(INDEX(BAREMOS!G:Y,MATCH(1,(BAREMOS!A:A=A2)*(BAREMOS!B:B=B2)*(B"&"AREMOS!C:C=C2)*(BAREMOS!D:D=E2),0),0)),1, IF(H2>=MAX(INDEX(BAREMOS!G:Y,MATCH(1,(BAREMOS!A:A=A2)*(BAREMOS!B:B=B2)*(BAREMOS!C:C=C2)*(BAREMOS!D:D=E2),0),0)),19, MATCH(H2,INDEX(BAREMOS!G:Y,MATCH(1,(BAREMOS!A:A=A2)*(BAREMOS!B:B=B2)*(BAREMOS!C:C="&"C2)*(BAREMOS!D:D=E2),0),0),1) ) ) ) ,"""")) "),1.0) -> 1 | K2: =IF(J2="","",INDEX(SEQUENCE(1,19,1,0.5),1,J2)) -> 1
A3: {=IF(D3="","",IFERROR(INDEX(CONFIGURACION!C:C,MATCH(D3,CONFIGURACION!E:E,0)),""))} -> BCH | B3: {=IF(D3="","",IFERROR(INDEX(CONFIGURACION!D:D,MATCH(D3,CONFIGURACION!E:E,0)),""))} -> 1 | C3: MASCULINO | D3: B1 | E3: S. HORIZONTAL | F3: Manolo Díaz Camacho | G3: 1 TRIMESTRE | H3: 33 | I3: =IFERROR(__xludf.DUMMYFUNCTION("IF(F3="""","""",LET( nombre, TRIM(F3), primer, REGEXEXTRACT(nombre, ""^\S+""), resto, TRIM(REGEXREPLACE(nombre, ""^\S+\s*"", """")), iniciales, IF( resto="""", """", TEXTJOIN("""",1,ARRAYFORMULA(LEFT(SPLIT(resto,"" ""),1) & ""."")) )"&", UPPER(primer) & "" "" & UPPER(iniciales) ))"),"MANOLO D.C.") -> MANOLO D.C. | J3: =IFERROR(__xludf.DUMMYFUNCTION("IF(H3="""","""",IFERROR( IF(REGEXMATCH(E3,""VELOCIDAD""), IF(H3>=MAX(INDEX(BAREMOS!G:Y,MATCH(1,(BAREMOS!A:A=A3)*(BAREMOS!B:B=B3)*(BAREMOS!C:C=C3)*(BAREMOS!D:D=E3),0),0)),1, IF(H3<=MIN(INDEX(BAREMOS!G:Y,MATCH(1,(BAREMOS!A:A=A3)*(BAREMOS!B:B=B3)*(B"&"AREMOS!C:C=C3)*(BAREMOS!D:D=E3),0),0)),19, MATCH(H3,INDEX(BAREMOS!G:Y,MATCH(1,(BAREMOS!A:A=A3)*(BAREMOS!B:B=B3)*(BAREMOS!C:C=C3)*(BAREMOS!D:D=E3),0),0),-1) ) ), IF(H3<=MIN(INDEX(BAREMOS!G:Y,MATCH(1,(BAREMOS!A:A=A3)*(BAREMOS!B:B=B3)*(B"&"AREMOS!C:C=C3)*(BAREMOS!D:D=E3),0),0)),1, IF(H3>=MAX(INDEX(BAREMOS!G:Y,MATCH(1,(BAREMOS!A:A=A3)*(BAREMOS!B:B=B3)*(BAREMOS!C:C=C3)*(BAREMOS!D:D=E3),0),0)),19, MATCH(H3,INDEX(BAREMOS!G:Y,MATCH(1,(BAREMOS!A:A=A3)*(BAREMOS!B:B=B3)*(BAREMOS!C:C="&"C3)*(BAREMOS!D:D=E3),0),0),1) ) ) ) ,"""")) "),1.0) -> 1 | K3: =IF(J3="","",INDEX(SEQUENCE(1,19,1,0.5),1,J3)) -> 1
A4: {=IF(D4="","",IFERROR(INDEX(CONFIGURACION!C:C,MATCH(D4,CONFIGURACION!E:E,0)),""))} -> BCH | B4: {=IF(D4="","",IFERROR(INDEX(CONFIGURACION!D:D,MATCH(D4,CONFIGURACION!E:E,0)),""))} -> 1 | C4: MASCULINO | D4: B1 | E4: S. VERTICAL | F4: Manolo Díaz Camacho | G4: 1 TRIMESTRE | H4: 37 | I4: =IFERROR(__xludf.DUMMYFUNCTION("IF(F4="""","""",LET( nombre, TRIM(F4), primer, REGEXEXTRACT(nombre, ""^\S+""), resto, TRIM(REGEXREPLACE(nombre, ""^\S+\s*"", """")), iniciales, IF( resto="""", """", TEXTJOIN("""",1,ARRAYFORMULA(LEFT(SPLIT(resto,"" ""),1) & ""."")) )"&", UPPER(primer) & "" "" & UPPER(iniciales) ))"),"MANOLO D.C.") -> MANOLO D.C. | J4: =IFERROR(__xludf.DUMMYFUNCTION("IF(H4="""","""",IFERROR( IF(REGEXMATCH(E4,""VELOCIDAD""), IF(H4>=MAX(INDEX(BAREMOS!G:Y,MATCH(1,(BAREMOS!A:A=A4)*(BAREMOS!B:B=B4)*(BAREMOS!C:C=C4)*(BAREMOS!D:D=E4),0),0)),1, IF(H4<=MIN(INDEX(BAREMOS!G:Y,MATCH(1,(BAREMOS!A:A=A4)*(BAREMOS!B:B=B4)*(B"&"AREMOS!C:C=C4)*(BAREMOS!D:D=E4),0),0)),19, MATCH(H4,INDEX(BAREMOS!G:Y,MATCH(1,(BAREMOS!A:A=A4)*(BAREMOS!B:B=B4)*(BAREMOS!C:C=C4)*(BAREMOS!D:D=E4),0),0),-1) ) ), IF(H4<=MIN(INDEX(BAREMOS!G:Y,MATCH(1,(BAREMOS!A:A=A4)*(BAREMOS!B:B=B4)*(B"&"AREMOS!C:C=C4)*(BAREMOS!D:D=E4),0),0)),1, IF(H4>=MAX(INDEX(BAREMOS!G:Y,MATCH(1,(BAREMOS!A:A=A4)*(BAREMOS!B:B=B4)*(BAREMOS!C:C=C4)*(BAREMOS!D:D=E4),0),0)),19, MATCH(H4,INDEX(BAREMOS!G:Y,MATCH(1,(BAREMOS!A:A=A4)*(BAREMOS!B:B=B4)*(BAREMOS!C:C="&"C4)*(BAREMOS!D:D=E4),0),0),1) ) ) ) ,"""")) "),3.0) -> 3 | K4: =IF(J4="","",INDEX(SEQUENCE(1,19,1,0.5),1,J4)) -> 2
A5: {=IF(D5="","",IFERROR(INDEX(CONFIGURACION!C:C,MATCH(D5,CONFIGURACION!E:E,0)),""))} -> BCH | B5: {=IF(D5="","",IFERROR(INDEX(CONFIGURACION!D:D,MATCH(D5,CONFIGURACION!E:E,0)),""))} -> 1 | C5: MASCULINO | D5: B1 | E5: S. HORIZONTAL | F5: Manolo Díaz Camacho | G5: 1 TRIMESTRE | H5: 144 | I5: =IFERROR(__xludf.DUMMYFUNCTION("IF(F5="""","""",LET( nombre, TRIM(F5), primer, REGEXEXTRACT(nombre, ""^\S+""), resto, TRIM(REGEXREPLACE(nombre, ""^\S+\s*"", """")), iniciales, IF( resto="""", """", TEXTJOIN("""",1,ARRAYFORMULA(LEFT(SPLIT(resto,"" ""),1) & ""."")) )"&", UPPER(primer) & "" "" & UPPER(iniciales) ))"),"MANOLO D.C.") -> MANOLO D.C. | J5: =IFERROR(__xludf.DUMMYFUNCTION("IF(H5="""","""",IFERROR( IF(REGEXMATCH(E5,""VELOCIDAD""), IF(H5>=MAX(INDEX(BAREMOS!G:Y,MATCH(1,(BAREMOS!A:A=A5)*(BAREMOS!B:B=B5)*(BAREMOS!C:C=C5)*(BAREMOS!D:D=E5),0),0)),1, IF(H5<=MIN(INDEX(BAREMOS!G:Y,MATCH(1,(BAREMOS!A:A=A5)*(BAREMOS!B:B=B5)*(B"&"AREMOS!C:C=C5)*(BAREMOS!D:D=E5),0),0)),19, MATCH(H5,INDEX(BAREMOS!G:Y,MATCH(1,(BAREMOS!A:A=A5)*(BAREMOS!B:B=B5)*(BAREMOS!C:C=C5)*(BAREMOS!D:D=E5),0),0),-1) ) ), IF(H5<=MIN(INDEX(BAREMOS!G:Y,MATCH(1,(BAREMOS!A:A=A5)*(BAREMOS!B:B=B5)*(B"&"AREMOS!C:C=C5)*(BAREMOS!D:D=E5),0),0)),1, IF(H5>=MAX(INDEX(BAREMOS!G:Y,MATCH(1,(BAREMOS!A:A=A5)*(BAREMOS!B:B=B5)*(BAREMOS!C:C=C5)*(BAREMOS!D:D=E5),0),0)),19, MATCH(H5,INDEX(BAREMOS!G:Y,MATCH(1,(BAREMOS!A:A=A5)*(BAREMOS!B:B=B5)*(BAREMOS!C:C="&"C5)*(BAREMOS!D:D=E5),0),0),1) ) ) ) ,"""")) "),1.0) -> 1 | K5: =IF(J5="","",INDEX(SEQUENCE(1,19,1,0.5),1,J5)) -> 1
A6: {=IF(D6="","",IFERROR(INDEX(CONFIGURACION!C:C,MATCH(D6,CONFIGURACION!E:E,0)),""))} -> BCH | B6: {=IF(D6="","",IFERROR(INDEX(CONFIGURACION!D:D,MATCH(D6,CONFIGURACION!E:E,0)),""))} -> 1 | C6: MASCULINO | D6: B1 | E6: S. HORIZONTAL | F6: Manolo Díaz Camacho | G6: 1 TRIMESTRE | H6: 10 | I6: =IFERROR(__xludf.DUMMYFUNCTION("IF(F6="""","""",LET( nombre, TRIM(F6), primer, REGEXEXTRACT(nombre, ""^\S+""), resto, TRIM(REGEXREPLACE(nombre, ""^\S+\s*"", """")), iniciales, IF( resto="""", """", TEXTJOIN("""",1,ARRAYFORMULA(LEFT(SPLIT(resto,"" ""),1) & ""."")) )"&", UPPER(primer) & "" "" & UPPER(iniciales) ))"),"MANOLO D.C.") -> MANOLO D.C. | J6: =IFERROR(__xludf.DUMMYFUNCTION("IF(H6="""","""",IFERROR( IF(REGEXMATCH(E6,""VELOCIDAD""), IF(H6>=MAX(INDEX(BAREMOS!G:Y,MATCH(1,(BAREMOS!A:A=A6)*(BAREMOS!B:B=B6)*(BAREMOS!C:C=C6)*(BAREMOS!D:D=E6),0),0)),1, IF(H6<=MIN(INDEX(BAREMOS!G:Y,MATCH(1,(BAREMOS!A:A=A6)*(BAREMOS!B:B=B6)*(B"&"AREMOS!C:C=C6)*(BAREMOS!D:D=E6),0),0)),19, MATCH(H6,INDEX(BAREMOS!G:Y,MATCH(1,(BAREMOS!A:A=A6)*(BAREMOS!B:B=B6)*(BAREMOS!C:C=C6)*(BAREMOS!D:D=E6),0),0),-1) ) ), IF(H6<=MIN(INDEX(BAREMOS!G:Y,MATCH(1,(BAREMOS!A:A=A6)*(BAREMOS!B:B=B6)*(B"&"AREMOS!C:C=C6)*(BAREMOS!D:D=E6),0),0)),1, IF(H6>=MAX(INDEX(BAREMOS!G:Y,MATCH(1,(BAREMOS!A:A=A6)*(BAREMOS!B:B=B6)*(BAREMOS!C:C=C6)*(BAREMOS!D:D=E6),0),0)),19, MATCH(H6,INDEX(BAREMOS!G:Y,MATCH(1,(BAREMOS!A:A=A6)*(BAREMOS!B:B=B6)*(BAREMOS!C:C="&"C6)*(BAREMOS!D:D=E6),0),0),1) ) ) ) ,"""")) "),1.0) -> 1 | K6: =IF(J6="","",INDEX(SEQUENCE(1,19,1,0.5),1,J6)) -> 1
A7: {=IF(D7="","",IFERROR(INDEX(CONFIGURACION!C:C,MATCH(D7,CONFIGURACION!E:E,0)),""))} -> BCH | B7: {=IF(D7="","",IFERROR(INDEX(CONFIGURACION!D:D,MATCH(D7,CONFIGURACION!E:E,0)),""))} -> 1 | C7: MASCULINO | D7: B1 | E7: L. BALON | F7: Juan Carlos Huizar Moreno | G7: 1 TRIMESTRE | H7: 15 | I7: =IFERROR(__xludf.DUMMYFUNCTION("IF(F7="""","""",LET( nombre, TRIM(F7), primer, REGEXEXTRACT(nombre, ""^\S+""), resto, TRIM(REGEXREPLACE(nombre, ""^\S+\s*"", """")), iniciales, IF( resto="""", """", TEXTJOIN("""",1,ARRAYFORMULA(LEFT(SPLIT(resto,"" ""),1) & ""."")) )"&", UPPER(primer) & "" "" & UPPER(iniciales) ))"),"JUAN C.H.M.") -> JUAN C.H.M. | J7: =IFERROR(__xludf.DUMMYFUNCTION("IF(H7="""","""",IFERROR( IF(REGEXMATCH(E7,""VELOCIDAD""), IF(H7>=MAX(INDEX(BAREMOS!G:Y,MATCH(1,(BAREMOS!A:A=A7)*(BAREMOS!B:B=B7)*(BAREMOS!C:C=C7)*(BAREMOS!D:D=E7),0),0)),1, IF(H7<=MIN(INDEX(BAREMOS!G:Y,MATCH(1,(BAREMOS!A:A=A7)*(BAREMOS!B:B=B7)*(B"&"AREMOS!C:C=C7)*(BAREMOS!D:D=E7),0),0)),19, MATCH(H7,INDEX(BAREMOS!G:Y,MATCH(1,(BAREMOS!A:A=A7)*(BAREMOS!B:B=B7)*(BAREMOS!C:C=C7)*(BAREMOS!D:D=E7),0),0),-1) ) ), IF(H7<=MIN(INDEX(BAREMOS!G:Y,MATCH(1,(BAREMOS!A:A=A7)*(BAREMOS!B:B=B7)*(B"&"AREMOS!C:C=C7)*(BAREMOS!D:D=E7),0),0)),1, IF(H7>=MAX(INDEX(BAREMOS!G:Y,MATCH(1,(BAREMOS!A:A=A7)*(BAREMOS!B:B=B7)*(BAREMOS!C:C=C7)*(BAREMOS!D:D=E7),0),0)),19, MATCH(H7,INDEX(BAREMOS!G:Y,MATCH(1,(BAREMOS!A:A=A7)*(BAREMOS!B:B=B7)*(BAREMOS!C:C="&"C7)*(BAREMOS!D:D=E7),0),0),1) ) ) ) ,"""")) "),11.0) -> 11 | K7: =IF(J7="","",INDEX(SEQUENCE(1,19,1,0.5),1,J7)) -> 6
A8: {=IF(D8="","",IFERROR(INDEX(CONFIGURACION!C:C,MATCH(D8,CONFIGURACION!E:E,0)),""))} -> BCH | B8: {=IF(D8="","",IFERROR(INDEX(CONFIGURACION!D:D,MATCH(D8,CONFIGURACION!E:E,0)),""))} -> 1 | C8: MASCULINO | D8: B1 | E8: ABDOMINALES | F8: Juan Carlos Huizar Moreno | G8: 1 TRIMESTRE | H8: 20 | I8: =IFERROR(__xludf.DUMMYFUNCTION("IF(F8="""","""",LET( nombre, TRIM(F8), primer, REGEXEXTRACT(nombre, ""^\S+""), resto, TRIM(REGEXREPLACE(nombre, ""^\S+\s*"", """")), iniciales, IF( resto="""", """", TEXTJOIN("""",1,ARRAYFORMULA(LEFT(SPLIT(resto,"" ""),1) & ""."")) )"&", UPPER(primer) & "" "" & UPPER(iniciales) ))"),"JUAN C.H.M.") -> JUAN C.H.M. | J8: =IFERROR(__xludf.DUMMYFUNCTION("IF(H8="""","""",IFERROR( IF(REGEXMATCH(E8,""VELOCIDAD""), IF(H8>=MAX(INDEX(BAREMOS!G:Y,MATCH(1,(BAREMOS!A:A=A8)*(BAREMOS!B:B=B8)*(BAREMOS!C:C=C8)*(BAREMOS!D:D=E8),0),0)),1, IF(H8<=MIN(INDEX(BAREMOS!G:Y,MATCH(1,(BAREMOS!A:A=A8)*(BAREMOS!B:B=B8)*(B"&"AREMOS!C:C=C8)*(BAREMOS!D:D=E8),0),0)),19, MATCH(H8,INDEX(BAREMOS!G:Y,MATCH(1,(BAREMOS!A:A=A8)*(BAREMOS!B:B=B8)*(BAREMOS!C:C=C8)*(BAREMOS!D:D=E8),0),0),-1) ) ), IF(H8<=MIN(INDEX(BAREMOS!G:Y,MATCH(1,(BAREMOS!A:A=A8)*(BAREMOS!B:B=B8)*(B"&"AREMOS!C:C=C8)*(BAREMOS!D:D=E8),0),0)),1, IF(H8>=MAX(INDEX(BAREMOS!G:Y,MATCH(1,(BAREMOS!A:A=A8)*(BAREMOS!B:B=B8)*(BAREMOS!C:C=C8)*(BAREMOS!D:D=E8),0),0)),19, MATCH(H8,INDEX(BAREMOS!G:Y,MATCH(1,(BAREMOS!A:A=A8)*(BAREMOS!B:B=B8)*(BAREMOS!C:C="&"C8)*(BAREMOS!D:D=E8),0),0),1) ) ) ) ,"""")) "),6.0) -> 6 | K8: =IF(J8="","",INDEX(SEQUENCE(1,19,1,0.5),1,J8)) -> 3.5
A9: {=IF(D9="","",IFERROR(INDEX(CONFIGURACION!C:C,MATCH(D9,CONFIGURACION!E:E,0)),""))} -> BCH | B9: {=IF(D9="","",IFERROR(INDEX(CONFIGURACION!D:D,MATCH(D9,CONFIGURACION!E:E,0)),""))} -> 1 | C9: MASCULINO | D9: B1 | E9: FLEXIBILIDAD | F9: Juan Carlos Huizar Moreno | G9: 1 TRIMESTRE | H9: 25 | I9: =IFERROR(__xludf.DUMMYFUNCTION("IF(F9="""","""",LET( nombre, TRIM(F9), primer, REGEXEXTRACT(nombre, ""^\S+""), resto, TRIM(REGEXREPLACE(nombre, ""^\S+\s*"", """")), iniciales, IF( resto="""", """", TEXTJOIN("""",1,ARRAYFORMULA(LEFT(SPLIT(resto,"" ""),1) & ""."")) )"&", UPPER(primer) & "" "" & UPPER(iniciales) ))"),"JUAN C.H.M.") -> JUAN C.H.M. | J9: =IFERROR(__xludf.DUMMYFUNCTION("IF(H9="""","""",IFERROR( IF(REGEXMATCH(E9,""VELOCIDAD""), IF(H9>=MAX(INDEX(BAREMOS!G:Y,MATCH(1,(BAREMOS!A:A=A9)*(BAREMOS!B:B=B9)*(BAREMOS!C:C=C9)*(BAREMOS!D:D=E9),0),0)),1, IF(H9<=MIN(INDEX(BAREMOS!G:Y,MATCH(1,(BAREMOS!A:A=A9)*(BAREMOS!B:B=B9)*(B"&"AREMOS!C:C=C9)*(BAREMOS!D:D=E9),0),0)),19, MATCH(H9,INDEX(BAREMOS!G:Y,MATCH(1,(BAREMOS!A:A=A9)*(BAREMOS!B:B=B9)*(BAREMOS!C:C=C9)*(BAREMOS!D:D=E9),0),0),-1) ) ), IF(H9<=MIN(INDEX(BAREMOS!G:Y,MATCH(1,(BAREMOS!A:A=A9)*(BAREMOS!B:B=B9)*(B"&"AREMOS!C:C=C9)*(BAREMOS!D:D=E9),0),0)),1, IF(H9>=MAX(INDEX(BAREMOS!G:Y,MATCH(1,(BAREMOS!A:A=A9)*(BAREMOS!B:B=B9)*(BAREMOS!C:C=C9)*(BAREMOS!D:D=E9),0),0)),19, MATCH(H9,INDEX(BAREMOS!G:Y,MATCH(1,(BAREMOS!A:A=A9)*(BAREMOS!B:B=B9)*(BAREMOS!C:C="&"C9)*(BAREMOS!D:D=E9),0),0),1) ) ) ) ,"""")) "),1.0) -> 1 | K9: =IF(J9="","",INDEX(SEQUENCE(1,19,1,0.5),1,J9)) -> 1
A10: {=IF(D10="","",IFERROR(INDEX(CONFIGURACION!C:C,MATCH(D10,CONFIGURACION!E:E,0)),""))} -> BCH | B10: {=IF(D10="","",IFERROR(INDEX(CONFIGURACION!D:D,MATCH(D10,CONFIGURACION!E:E,0)),""))} -> 1 | C10: MASCULINO | D10: B1 | E10: S. VERTICAL | F10: Juan Carlos Huizar Moreno | G10: 1 TRIMESTRE | H10: 30 | I10: =IFERROR(__xludf.DUMMYFUNCTION("IF(F10="""","""",LET( nombre, TRIM(F10), primer, REGEXEXTRACT(nombre, ""^\S+""), resto, TRIM(REGEXREPLACE(nombre, ""^\S+\s*"", """")), iniciales, IF( resto="""", """", TEXTJOIN("""",1,ARRAYFORMULA(LEFT(SPLIT(resto,"" ""),1) & ""."")) "&" ), UPPER(primer) & "" "" & UPPER(iniciales) ))"),"JUAN C.H.M.") -> JUAN C.H.M. | J10: =IFERROR(__xludf.DUMMYFUNCTION("IF(H10="""","""",IFERROR( IF(REGEXMATCH(E10,""VELOCIDAD""), IF(H10>=MAX(INDEX(BAREMOS!G:Y,MATCH(1,(BAREMOS!A:A=A10)*(BAREMOS!B:B=B10)*(BAREMOS!C:C=C10)*(BAREMOS!D:D=E10),0),0)),1, IF(H10<=MIN(INDEX(BAREMOS!G:Y,MATCH(1,(BAREMOS!A:A=A10)*(BAREMOS!B"&":B=B10)*(BAREMOS!C:C=C10)*(BAREMOS!D:D=E10),0),0)),19, MATCH(H10,INDEX(BAREMOS!G:Y,MATCH(1,(BAREMOS!A:A=A10)*(BAREMOS!B:B=B10)*(BAREMOS!C:C=C10)*(BAREMOS!D:D=E10),0),0),-1) ) ), IF(H10<=MIN(INDEX(BAREMOS!G:Y,MATCH(1,(BAREMOS!A:A=A10)*"&"(BAREMOS!B:B=B10)*(BAREMOS!C:C=C10)*(BAREMOS!D:D=E10),0),0)),1, IF(H10>=MAX(INDEX(BAREMOS!G:Y,MATCH(1,(BAREMOS!A:A=A10)*(BAREMOS!B:B=B10)*(BAREMOS!C:C=C10)*(BAREMOS!D:D=E10),0),0)),19, MATCH(H10,INDEX(BAREMOS!G:Y,MATCH(1,(BAREMOS!A:A=A10)*("&"BAREMOS!B:B=B10)*(BAREMOS!C:C=C10)*(BAREMOS!D:D=E10),0),0),1) ) ) ) ,"""")) "),1.0) -> 1 | K10: =IF(J10="","",INDEX(SEQUENCE(1,19,1,0.5),1,J10)) -> 1
A11: {=IF(D11="","",IFERROR(INDEX(CONFIGURACION!C:C,MATCH(D11,CONFIGURACION!E:E,0)),""))} -> BCH | B11: {=IF(D11="","",IFERROR(INDEX(CONFIGURACION!D:D,MATCH(D11,CONFIGURACION!E:E,0)),""))} -> 1 | C11: MASCULINO | D11: B1 | E11: COOPER | F11: Juan Carlos Huizar Moreno | G11: 1 TRIMESTRE | H11: 35 | I11: =IFERROR(__xludf.DUMMYFUNCTION("IF(F11="""","""",LET( nombre, TRIM(F11), primer, REGEXEXTRACT(nombre, ""^\S+""), resto, TRIM(REGEXREPLACE(nombre, ""^\S+\s*"", """")), iniciales, IF( resto="""", """", TEXTJOIN("""",1,ARRAYFORMULA(LEFT(SPLIT(resto,"" ""),1) & ""."")) "&" ), UPPER(primer) & "" "" & UPPER(iniciales) ))"),"JUAN C.H.M.") -> JUAN C.H.M. | J11: =IFERROR(__xludf.DUMMYFUNCTION("IF(H11="""","""",IFERROR( IF(REGEXMATCH(E11,""VELOCIDAD""), IF(H11>=MAX(INDEX(BAREMOS!G:Y,MATCH(1,(BAREMOS!A:A=A11)*(BAREMOS!B:B=B11)*(BAREMOS!C:C=C11)*(BAREMOS!D:D=E11),0),0)),1, IF(H11<=MIN(INDEX(BAREMOS!G:Y,MATCH(1,(BAREMOS!A:A=A11)*(BAREMOS!B"&":B=B11)*(BAREMOS!C:C=C11)*(BAREMOS!D:D=E11),0),0)),19, MATCH(H11,INDEX(BAREMOS!G:Y,MATCH(1,(BAREMOS!A:A=A11)*(BAREMOS!B:B=B11)*(BAREMOS!C:C=C11)*(BAREMOS!D:D=E11),0),0),-1) ) ), IF(H11<=MIN(INDEX(BAREMOS!G:Y,MATCH(1,(BAREMOS!A:A=A11)*"&"(BAREMOS!B:B=B11)*(BAREMOS!C:C=C11)*(BAREMOS!D:D=E11),0),0)),1, IF(H11>=MAX(INDEX(BAREMOS!G:Y,MATCH(1,(BAREMOS!A:A=A11)*(BAREMOS!B:B=B11)*(BAREMOS!C:C=C11)*(BAREMOS!D:D=E11),0),0)),19, MATCH(H11,INDEX(BAREMOS!G:Y,MATCH(1,(BAREMOS!A:A=A11)*("&"BAREMOS!B:B=B11)*(BAREMOS!C:C=C11)*(BAREMOS!D:D=E11),0),0),1) ) ) ) ,"""")) "),1.0) -> 1 | K11: =IF(J11="","",INDEX(SEQUENCE(1,19,1,0.5),1,J11)) -> 1
A12: {=IF(D12="","",IFERROR(INDEX(CONFIGURACION!C:C,MATCH(D12,CONFIGURACION!E:E,0)),""))} -> BCH | B12: {=IF(D12="","",IFERROR(INDEX(CONFIGURACION!D:D,MATCH(D12,CONFIGURACION!E:E,0)),""))} -> 1 | C12: MASCULINO | D12: B1 | E12: VELOCIDAD | F12: Juan Carlos Huizar Moreno | G12: 1 TRIMESTRE | H12: 40 | I12: =IFERROR(__xludf.DUMMYFUNCTION("IF(F12="""","""",LET( nombre, TRIM(F12), primer, REGEXEXTRACT(nombre, ""^\S+""), resto, TRIM(REGEXREPLACE(nombre, ""^\S+\s*"", """")), iniciales, IF( resto="""", """", TEXTJOIN("""",1,ARRAYFORMULA(LEFT(SPLIT(resto,"" ""),1) & ""."")) "&" ), UPPER(primer) & "" "" & UPPER(iniciales) ))"),"JUAN C.H.M.") -> JUAN C.H.M. | J12: =IFERROR(__xludf.DUMMYFUNCTION("IF(H12="""","""",IFERROR( IF(REGEXMATCH(E12,""VELOCIDAD""), IF(H12>=MAX(INDEX(BAREMOS!G:Y,MATCH(1,(BAREMOS!A:A=A12)*(BAREMOS!B:B=B12)*(BAREMOS!C:C=C12)*(BAREMOS!D:D=E12),0),0)),1, IF(H12<=MIN(INDEX(BAREMOS!G:Y,MATCH(1,(BAREMOS!A:A=A12)*(BAREMOS!B"&":B=B12)*(BAREMOS!C:C=C12)*(BAREMOS!D:D=E12),0),0)),19, MATCH(H12,INDEX(BAREMOS!G:Y,MATCH(1,(BAREMOS!A:A=A12)*(BAREMOS!B:B=B12)*(BAREMOS!C:C=C12)*(BAREMOS!D:D=E12),0),0),-1) ) ), IF(H12<=MIN(INDEX(BAREMOS!G:Y,MATCH(1,(BAREMOS!A:A=A12)*"&"(BAREMOS!B:B=B12)*(BAREMOS!C:C=C12)*(BAREMOS!D:D=E12),0),0)),1, IF(H12>=MAX(INDEX(BAREMOS!G:Y,MATCH(1,(BAREMOS!A:A=A12)*(BAREMOS!B:B=B12)*(BAREMOS!C:C=C12)*(BAREMOS!D:D=E12),0),0)),19, MATCH(H12,INDEX(BAREMOS!G:Y,MATCH(1,(BAREMOS!A:A=A12)*("&"BAREMOS!B:B=B12)*(BAREMOS!C:C=C12)*(BAREMOS!D:D=E12),0),0),1) ) ) ) ,"""")) "),19.0) -> 19 | K12: =IF(J12="","",INDEX(SEQUENCE(1,19,1,0.5),1,J12)) -> 10
A13: {=IF(D13="","",IFERROR(INDEX(CONFIGURACION!C:C,MATCH(D13,CONFIGURACION!E:E,0)),""))} -> BCH | B13: {=IF(D13="","",IFERROR(INDEX(CONFIGURACION!D:D,MATCH(D13,CONFIGURACION!E:E,0)),""))} -> 1 | C13: MASCULINO | D13: B1 | E13: INTESIDAD FISICA | F13: Juan Carlos Huizar Moreno | G13: 1 TRIMESTRE | H13: 45 | I13: =IFERROR(__xludf.DUMMYFUNCTION("IF(F13="""","""",LET( nombre, TRIM(F13), primer, REGEXEXTRACT(nombre, ""^\S+""), resto, TRIM(REGEXREPLACE(nombre, ""^\S+\s*"", """")), iniciales, IF( resto="""", """", TEXTJOIN("""",1,ARRAYFORMULA(LEFT(SPLIT(resto,"" ""),1) & ""."")) "&" ), UPPER(primer) & "" "" & UPPER(iniciales) ))"),"JUAN C.H.M.") -> JUAN C.H.M. | J13: =IFERROR(__xludf.DUMMYFUNCTION("IF(H13="""","""",IFERROR( IF(REGEXMATCH(E13,""VELOCIDAD""), IF(H13>=MAX(INDEX(BAREMOS!G:Y,MATCH(1,(BAREMOS!A:A=A13)*(BAREMOS!B:B=B13)*(BAREMOS!C:C=C13)*(BAREMOS!D:D=E13),0),0)),1, IF(H13<=MIN(INDEX(BAREMOS!G:Y,MATCH(1,(BAREMOS!A:A=A13)*(BAREMOS!B"&":B=B13)*(BAREMOS!C:C=C13)*(BAREMOS!D:D=E13),0),0)),19, MATCH(H13,INDEX(BAREMOS!G:Y,MATCH(1,(BAREMOS!A:A=A13)*(BAREMOS!B:B=B13)*(BAREMOS!C:C=C13)*(BAREMOS!D:D=E13),0),0),-1) ) ), IF(H13<=MIN(INDEX(BAREMOS!G:Y,MATCH(1,(BAREMOS!A:A=A13)*"&"(BAREMOS!B:B=B13)*(BAREMOS!C:C=C13)*(BAREMOS!D:D=E13),0),0)),1, IF(H13>=MAX(INDEX(BAREMOS!G:Y,MATCH(1,(BAREMOS!A:A=A13)*(BAREMOS!B:B=B13)*(BAREMOS!C:C=C13)*(BAREMOS!D:D=E13),0),0)),19, MATCH(H13,INDEX(BAREMOS!G:Y,MATCH(1,(BAREMOS!A:A=A13)*("&"BAREMOS!B:B=B13)*(BAREMOS!C:C=C13)*(BAREMOS!D:D=E13),0),0),1) ) ) ) ,"""")) "),"") | K13: =IF(J13="","",INDEX(SEQUENCE(1,19,1,0.5),1,J13))
A14: {=IF(D14="","",IFERROR(INDEX(CONFIGURACION!C:C,MATCH(D14,CONFIGURACION!E:E,0)),""))} -> BCH | B14: {=IF(D14="","",IFERROR(INDEX(CONFIGURACION!D:D,MATCH(D14,CONFIGURACION!E:E,0)),""))} -> 1 | C14: MASCULINO | D14: B1 | E14: S. HORIZONTAL | F14: Gerardo Huizar Castro | G14: 1 TRIMESTRE | H14: 1 | I14: =IFERROR(__xludf.DUMMYFUNCTION("IF(F14="""","""",LET( nombre, TRIM(F14), primer, REGEXEXTRACT(nombre, ""^\S+""), resto, TRIM(REGEXREPLACE(nombre, ""^\S+\s*"", """")), iniciales, IF( resto="""", """", TEXTJOIN("""",1,ARRAYFORMULA(LEFT(SPLIT(resto,"" ""),1) & ""."")) "&" ), UPPER(primer) & "" "" & UPPER(iniciales) ))"),"GERARDO H.C.") -> GERARDO H.C. | J14: =IFERROR(__xludf.DUMMYFUNCTION("IF(H14="""","""",IFERROR( IF(REGEXMATCH(E14,""VELOCIDAD""), IF(H14>=MAX(INDEX(BAREMOS!G:Y,MATCH(1,(BAREMOS!A:A=A14)*(BAREMOS!B:B=B14)*(BAREMOS!C:C=C14)*(BAREMOS!D:D=E14),0),0)),1, IF(H14<=MIN(INDEX(BAREMOS!G:Y,MATCH(1,(BAREMOS!A:A=A14)*(BAREMOS!B"&":B=B14)*(BAREMOS!C:C=C14)*(BAREMOS!D:D=E14),0),0)),19, MATCH(H14,INDEX(BAREMOS!G:Y,MATCH(1,(BAREMOS!A:A=A14)*(BAREMOS!B:B=B14)*(BAREMOS!C:C=C14)*(BAREMOS!D:D=E14),0),0),-1) ) ), IF(H14<=MIN(INDEX(BAREMOS!G:Y,MATCH(1,(BAREMOS!A:A=A14)*"&"(BAREMOS!B:B=B14)*(BAREMOS!C:C=C14)*(BAREMOS!D:D=E14),0),0)),1, IF(H14>=MAX(INDEX(BAREMOS!G:Y,MATCH(1,(BAREMOS!A:A=A14)*(BAREMOS!B:B=B14)*(BAREMOS!C:C=C14)*(BAREMOS!D:D=E14),0),0)),19, MATCH(H14,INDEX(BAREMOS!G:Y,MATCH(1,(BAREMOS!A:A=A14)*("&"BAREMOS!B:B=B14)*(BAREMOS!C:C=C14)*(BAREMOS!D:D=E14),0),0),1) ) ) ) ,"""")) "),1.0) -> 1 | K14: =IF(J14="","",INDEX(SEQUENCE(1,19,1,0.5),1,J14)) -> 1
A15: {=IF(D15="","",IFERROR(INDEX(CONFIGURACION!C:C,MATCH(D15,CONFIGURACION!E:E,0)),""))} -> BCH | B15: {=IF(D15="","",IFERROR(INDEX(CONFIGURACION!D:D,MATCH(D15,CONFIGURACION!E:E,0)),""))} -> 1 | C15: MASCULINO | D15: B1 | E15: L. BALON | F15: Gerardo Huizar Castro | G15: 1 TRIMESTRE | H15: 23 | I15: =IFERROR(__xludf.DUMMYFUNCTION("IF(F15="""","""",LET( nombre, TRIM(F15), primer, REGEXEXTRACT(nombre, ""^\S+""), resto, TRIM(REGEXREPLACE(nombre, ""^\S+\s*"", """")), iniciales, IF( resto="""", """", TEXTJOIN("""",1,ARRAYFORMULA(LEFT(SPLIT(resto,"" ""),1) & ""."")) "&" ), UPPER(primer) & "" "" & UPPER(iniciales) ))"),"GERARDO H.C.") -> GERARDO H.C. | J15: =IFERROR(__xludf.DUMMYFUNCTION("IF(H15="""","""",IFERROR( IF(REGEXMATCH(E15,""VELOCIDAD""), IF(H15>=MAX(INDEX(BAREMOS!G:Y,MATCH(1,(BAREMOS!A:A=A15)*(BAREMOS!B:B=B15)*(BAREMOS!C:C=C15)*(BAREMOS!D:D=E15),0),0)),1, IF(H15<=MIN(INDEX(BAREMOS!G:Y,MATCH(1,(BAREMOS!A:A=A15)*(BAREMOS!B"&":B=B15)*(BAREMOS!C:C=C15)*(BAREMOS!D:D=E15),0),0)),19, MATCH(H15,INDEX(BAREMOS!G:Y,MATCH(1,(BAREMOS!A:A=A15)*(BAREMOS!B:B=B15)*(BAREMOS!C:C=C15)*(BAREMOS!D:D=E15),0),0),-1) ) ), IF(H15<=MIN(INDEX(BAREMOS!G:Y,MATCH(1,(BAREMOS!A:A=A15)*"&"(BAREMOS!B:B=B15)*(BAREMOS!C:C=C15)*(BAREMOS!D:D=E15),0),0)),1, IF(H15>=MAX(INDEX(BAREMOS!G:Y,MATCH(1,(BAREMOS!A:A=A15)*(BAREMOS!B:B=B15)*(BAREMOS!C:C=C15)*(BAREMOS!D:D=E15),0),0)),19, MATCH(H15,INDEX(BAREMOS!G:Y,MATCH(1,(BAREMOS!A:A=A15)*("&"BAREMOS!B:B=B15)*(BAREMOS!C:C=C15)*(BAREMOS!D:D=E15),0),0),1) ) ) ) ,"""")) "),11.0) -> 11 | K15: =IF(J15="","",INDEX(SEQUENCE(1,19,1,0.5),1,J15)) -> 6
A16: {=IF(D16="","",IFERROR(INDEX(CONFIGURACION!C:C,MATCH(D16,CONFIGURACION!E:E,0)),""))} -> BCH | B16: {=IF(D16="","",IFERROR(INDEX(CONFIGURACION!D:D,MATCH(D16,CONFIGURACION!E:E,0)),""))} -> 1 | C16: MASCULINO | D16: B1 | E16: ABDOMINALES | F16: Gerardo Huizar Castro | G16: 1 TRIMESTRE | H16: 3 | I16: =IFERROR(__xludf.DUMMYFUNCTION("IF(F16="""","""",LET( nombre, TRIM(F16), primer, REGEXEXTRACT(nombre, ""^\S+""), resto, TRIM(REGEXREPLACE(nombre, ""^\S+\s*"", """")), iniciales, IF( resto="""", """", TEXTJOIN("""",1,ARRAYFORMULA(LEFT(SPLIT(resto,"" ""),1) & ""."")) "&" ), UPPER(primer) & "" "" & UPPER(iniciales) ))"),"GERARDO H.C.") -> GERARDO H.C. | J16: =IFERROR(__xludf.DUMMYFUNCTION("IF(H16="""","""",IFERROR( IF(REGEXMATCH(E16,""VELOCIDAD""), IF(H16>=MAX(INDEX(BAREMOS!G:Y,MATCH(1,(BAREMOS!A:A=A16)*(BAREMOS!B:B=B16)*(BAREMOS!C:C=C16)*(BAREMOS!D:D=E16),0),0)),1, IF(H16<=MIN(INDEX(BAREMOS!G:Y,MATCH(1,(BAREMOS!A:A=A16)*(BAREMOS!B"&":B=B16)*(BAREMOS!C:C=C16)*(BAREMOS!D:D=E16),0),0)),19, MATCH(H16,INDEX(BAREMOS!G:Y,MATCH(1,(BAREMOS!A:A=A16)*(BAREMOS!B:B=B16)*(BAREMOS!C:C=C16)*(BAREMOS!D:D=E16),0),0),-1) ) ), IF(H16<=MIN(INDEX(BAREMOS!G:Y,MATCH(1,(BAREMOS!A:A=A16)*"&"(BAREMOS!B:B=B16)*(BAREMOS!C:C=C16)*(BAREMOS!D:D=E16),0),0)),1, IF(H16>=MAX(INDEX(BAREMOS!G:Y,MATCH(1,(BAREMOS!A:A=A16)*(BAREMOS!B:B=B16)*(BAREMOS!C:C=C16)*(BAREMOS!D:D=E16),0),0)),19, MATCH(H16,INDEX(BAREMOS!G:Y,MATCH(1,(BAREMOS!A:A=A16)*("&"BAREMOS!B:B=B16)*(BAREMOS!C:C=C16)*(BAREMOS!D:D=E16),0),0),1) ) ) ) ,"""")) "),1.0) -> 1 | K16: =IF(J16="","",INDEX(SEQUENCE(1,19,1,0.5),1,J16)) -> 1
A17: {=IF(D17="","",IFERROR(INDEX(CONFIGURACION!C:C,MATCH(D17,CONFIGURACION!E:E,0)),""))} -> BCH | B17: {=IF(D17="","",IFERROR(INDEX(CONFIGURACION!D:D,MATCH(D17,CONFIGURACION!E:E,0)),""))} -> 1 | C17: MASCULINO | D17: B1 | E17: FLEXIBILIDAD | F17: Gerardo Huizar Castro | G17: 1 TRIMESTRE | H17: 4 | I17: =IFERROR(__xludf.DUMMYFUNCTION("IF(F17="""","""",LET( nombre, TRIM(F17), primer, REGEXEXTRACT(nombre, ""^\S+""), resto, TRIM(REGEXREPLACE(nombre, ""^\S+\s*"", """")), iniciales, IF( resto="""", """", TEXTJOIN("""",1,ARRAYFORMULA(LEFT(SPLIT(resto,"" ""),1) & ""."")) "&" ), UPPER(primer) & "" "" & UPPER(iniciales) ))"),"GERARDO H.C.") -> GERARDO H.C. | J17: =IFERROR(__xludf.DUMMYFUNCTION("IF(H17="""","""",IFERROR( IF(REGEXMATCH(E17,""VELOCIDAD""), IF(H17>=MAX(INDEX(BAREMOS!G:Y,MATCH(1,(BAREMOS!A:A=A17)*(BAREMOS!B:B=B17)*(BAREMOS!C:C=C17)*(BAREMOS!D:D=E17),0),0)),1, IF(H17<=MIN(INDEX(BAREMOS!G:Y,MATCH(1,(BAREMOS!A:A=A17)*(BAREMOS!B"&":B=B17)*(BAREMOS!C:C=C17)*(BAREMOS!D:D=E17),0),0)),19, MATCH(H17,INDEX(BAREMOS!G:Y,MATCH(1,(BAREMOS!A:A=A17)*(BAREMOS!B:B=B17)*(BAREMOS!C:C=C17)*(BAREMOS!D:D=E17),0),0),-1) ) ), IF(H17<=MIN(INDEX(BAREMOS!G:Y,MATCH(1,(BAREMOS!A:A=A17)*"&"(BAREMOS!B:B=B17)*(BAREMOS!C:C=C17)*(BAREMOS!D:D=E17),0),0)),1, IF(H17>=MAX(INDEX(BAREMOS!G:Y,MATCH(1,(BAREMOS!A:A=A17)*(BAREMOS!B:B=B17)*(BAREMOS!C:C=C17)*(BAREMOS!D:D=E17),0),0)),19, MATCH(H17,INDEX(BAREMOS!G:Y,MATCH(1,(BAREMOS!A:A=A17)*("&"BAREMOS!B:B=B17)*(BAREMOS!C:C=C17)*(BAREMOS!D:D=E17),0),0),1) ) ) ) ,"""")) "),1.0) -> 1 | K17: =IF(J17="","",INDEX(SEQUENCE(1,19,1,0.5),1,J17)) -> 1
A18: {=IF(D18="","",IFERROR(INDEX(CONFIGURACION!C:C,MATCH(D18,CONFIGURACION!E:E,0)),""))} -> BCH | B18: {=IF(D18="","",IFERROR(INDEX(CONFIGURACION!D:D,MATCH(D18,CONFIGURACION!E:E,0)),""))} -> 1 | C18: MASCULINO | D18: B1 | E18: S. VERTICAL | F18: Gerardo Huizar Castro | G18: 1 TRIMESTRE | H18: 5 | I18: =IFERROR(__xludf.DUMMYFUNCTION("IF(F18="""","""",LET( nombre, TRIM(F18), primer, REGEXEXTRACT(nombre, ""^\S+""), resto, TRIM(REGEXREPLACE(nombre, ""^\S+\s*"", """")), iniciales, IF( resto="""", """", TEXTJOIN("""",1,ARRAYFORMULA(LEFT(SPLIT(resto,"" ""),1) & ""."")) "&" ), UPPER(primer) & "" "" & UPPER(iniciales) ))"),"GERARDO H.C.") -> GERARDO H.C. | J18: =IFERROR(__xludf.DUMMYFUNCTION("IF(H18="""","""",IFERROR( IF(REGEXMATCH(E18,""VELOCIDAD""), IF(H18>=MAX(INDEX(BAREMOS!G:Y,MATCH(1,(BAREMOS!A:A=A18)*(BAREMOS!B:B=B18)*(BAREMOS!C:C=C18)*(BAREMOS!D:D=E18),0),0)),1, IF(H18<=MIN(INDEX(BAREMOS!G:Y,MATCH(1,(BAREMOS!A:A=A18)*(BAREMOS!B"&":B=B18)*(BAREMOS!C:C=C18)*(BAREMOS!D:D=E18),0),0)),19, MATCH(H18,INDEX(BAREMOS!G:Y,MATCH(1,(BAREMOS!A:A=A18)*(BAREMOS!B:B=B18)*(BAREMOS!C:C=C18)*(BAREMOS!D:D=E18),0),0),-1) ) ), IF(H18<=MIN(INDEX(BAREMOS!G:Y,MATCH(1,(BAREMOS!A:A=A18)*"&"(BAREMOS!B:B=B18)*(BAREMOS!C:C=C18)*(BAREMOS!D:D=E18),0),0)),1, IF(H18>=MAX(INDEX(BAREMOS!G:Y,MATCH(1,(BAREMOS!A:A=A18)*(BAREMOS!B:B=B18)*(BAREMOS!C:C=C18)*(BAREMOS!D:D=E18),0),0)),19, MATCH(H18,INDEX(BAREMOS!G:Y,MATCH(1,(BAREMOS!A:A=A18)*("&"BAREMOS!B:B=B18)*(BAREMOS!C:C=C18)*(BAREMOS!D:D=E18),0),0),1) ) ) ) ,"""")) "),1.0) -> 1 | K18: =IF(J18="","",INDEX(SEQUENCE(1,19,1,0.5),1,J18)) -> 1
A19: {=IF(D19="","",IFERROR(INDEX(CONFIGURACION!C:C,MATCH(D19,CONFIGURACION!E:E,0)),""))} -> BCH | B19: {=IF(D19="","",IFERROR(INDEX(CONFIGURACION!D:D,MATCH(D19,CONFIGURACION!E:E,0)),""))} -> 1 | C19: MASCULINO | D19: B1 | E19: COOPER | F19: Gerardo Huizar Castro | G19: 1 TRIMESTRE | H19: 6 | I19: =IFERROR(__xludf.DUMMYFUNCTION("IF(F19="""","""",LET( nombre, TRIM(F19), primer, REGEXEXTRACT(nombre, ""^\S+""), resto, TRIM(REGEXREPLACE(nombre, ""^\S+\s*"", """")), iniciales, IF( resto="""", """", TEXTJOIN("""",1,ARRAYFORMULA(LEFT(SPLIT(resto,"" ""),1) & ""."")) "&" ), UPPER(primer) & "" "" & UPPER(iniciales) ))"),"GERARDO H.C.") -> GERARDO H.C. | J19: =IFERROR(__xludf.DUMMYFUNCTION("IF(H19="""","""",IFERROR( IF(REGEXMATCH(E19,""VELOCIDAD""), IF(H19>=MAX(INDEX(BAREMOS!G:Y,MATCH(1,(BAREMOS!A:A=A19)*(BAREMOS!B:B=B19)*(BAREMOS!C:C=C19)*(BAREMOS!D:D=E19),0),0)),1, IF(H19<=MIN(INDEX(BAREMOS!G:Y,MATCH(1,(BAREMOS!A:A=A19)*(BAREMOS!B"&":B=B19)*(BAREMOS!C:C=C19)*(BAREMOS!D:D=E19),0),0)),19, MATCH(H19,INDEX(BAREMOS!G:Y,MATCH(1,(BAREMOS!A:A=A19)*(BAREMOS!B:B=B19)*(BAREMOS!C:C=C19)*(BAREMOS!D:D=E19),0),0),-1) ) ), IF(H19<=MIN(INDEX(BAREMOS!G:Y,MATCH(1,(BAREMOS!A:A=A19)*"&"(BAREMOS!B:B=B19)*(BAREMOS!C:C=C19)*(BAREMOS!D:D=E19),0),0)),1, IF(H19>=MAX(INDEX(BAREMOS!G:Y,MATCH(1,(BAREMOS!A:A=A19)*(BAREMOS!B:B=B19)*(BAREMOS!C:C=C19)*(BAREMOS!D:D=E19),0),0)),19, MATCH(H19,INDEX(BAREMOS!G:Y,MATCH(1,(BAREMOS!A:A=A19)*("&"BAREMOS!B:B=B19)*(BAREMOS!C:C=C19)*(BAREMOS!D:D=E19),0),0),1) ) ) ) ,"""")) "),1.0) -> 1 | K19: =IF(J19="","",INDEX(SEQUENCE(1,19,1,0.5),1,J19)) -> 1
A20: {=IF(D20="","",IFERROR(INDEX(CONFIGURACION!C:C,MATCH(D20,CONFIGURACION!E:E,0)),""))} -> BCH | B20: {=IF(D20="","",IFERROR(INDEX(CONFIGURACION!D:D,MATCH(D20,CONFIGURACION!E:E,0)),""))} -> 1 | C20: MASCULINO | D20: B1 | E20: VELOCIDAD | F20: Gerardo Huizar Castro | G20: 1 TRIMESTRE | H20: 7 | I20: =IFERROR(__xludf.DUMMYFUNCTION("IF(F20="""","""",LET( nombre, TRIM(F20), primer, REGEXEXTRACT(nombre, ""^\S+""), resto, TRIM(REGEXREPLACE(nombre, ""^\S+\s*"", """")), iniciales, IF( resto="""", """", TEXTJOIN("""",1,ARRAYFORMULA(LEFT(SPLIT(resto,"" ""),1) & ""."")) "&" ), UPPER(primer) & "" "" & UPPER(iniciales) ))"),"GERARDO H.C.") -> GERARDO H.C. | J20: =IFERROR(__xludf.DUMMYFUNCTION("IF(H20="""","""",IFERROR( IF(REGEXMATCH(E20,""VELOCIDAD""), IF(H20>=MAX(INDEX(BAREMOS!G:Y,MATCH(1,(BAREMOS!A:A=A20)*(BAREMOS!B:B=B20)*(BAREMOS!C:C=C20)*(BAREMOS!D:D=E20),0),0)),1, IF(H20<=MIN(INDEX(BAREMOS!G:Y,MATCH(1,(BAREMOS!A:A=A20)*(BAREMOS!B"&":B=B20)*(BAREMOS!C:C=C20)*(BAREMOS!D:D=E20),0),0)),19, MATCH(H20,INDEX(BAREMOS!G:Y,MATCH(1,(BAREMOS!A:A=A20)*(BAREMOS!B:B=B20)*(BAREMOS!C:C=C20)*(BAREMOS!D:D=E20),0),0),-1) ) ), IF(H20<=MIN(INDEX(BAREMOS!G:Y,MATCH(1,(BAREMOS!A:A=A20)*"&"(BAREMOS!B:B=B20)*(BAREMOS!C:C=C20)*(BAREMOS!D:D=E20),0),0)),1, IF(H20>=MAX(INDEX(BAREMOS!G:Y,MATCH(1,(BAREMOS!A:A=A20)*(BAREMOS!B:B=B20)*(BAREMOS!C:C=C20)*(BAREMOS!D:D=E20),0),0)),19, MATCH(H20,INDEX(BAREMOS!G:Y,MATCH(1,(BAREMOS!A:A=A20)*("&"BAREMOS!B:B=B20)*(BAREMOS!C:C=C20)*(BAREMOS!D:D=E20),0),0),1) ) ) ) ,"""")) "),19.0) -> 19 | K20: =IF(J20="","",INDEX(SEQUENCE(1,19,1,0.5),1,J20)) -> 10
A21: {=IF(D21="","",IFERROR(INDEX(CONFIGURACION!C:C,MATCH(D21,CONFIGURACION!E:E,0)),""))} -> BCH | B21: {=IF(D21="","",IFERROR(INDEX(CONFIGURACION!D:D,MATCH(D21,CONFIGURACION!E:E,0)),""))} -> 1 | C21: MASCULINO | D21: B1 | E21: INTESIDAD FISICA | F21: Gerardo Huizar Castro | G21: 1 TRIMESTRE | H21: 8 | I21: =IFERROR(__xludf.DUMMYFUNCTION("IF(F21="""","""",LET( nombre, TRIM(F21), primer, REGEXEXTRACT(nombre, ""^\S+""), resto, TRIM(REGEXREPLACE(nombre, ""^\S+\s*"", """")), iniciales, IF( resto="""", """", TEXTJOIN("""",1,ARRAYFORMULA(LEFT(SPLIT(resto,"" ""),1) & ""."")) "&" ), UPPER(primer) & "" "" & UPPER(iniciales) ))"),"GERARDO H.C.") -> GERARDO H.C. | J21: =IFERROR(__xludf.DUMMYFUNCTION("IF(H21="""","""",IFERROR( IF(REGEXMATCH(E21,""VELOCIDAD""), IF(H21>=MAX(INDEX(BAREMOS!G:Y,MATCH(1,(BAREMOS!A:A=A21)*(BAREMOS!B:B=B21)*(BAREMOS!C:C=C21)*(BAREMOS!D:D=E21),0),0)),1, IF(H21<=MIN(INDEX(BAREMOS!G:Y,MATCH(1,(BAREMOS!A:A=A21)*(BAREMOS!B"&":B=B21)*(BAREMOS!C:C=C21)*(BAREMOS!D:D=E21),0),0)),19, MATCH(H21,INDEX(BAREMOS!G:Y,MATCH(1,(BAREMOS!A:A=A21)*(BAREMOS!B:B=B21)*(BAREMOS!C:C=C21)*(BAREMOS!D:D=E21),0),0),-1) ) ), IF(H21<=MIN(INDEX(BAREMOS!G:Y,MATCH(1,(BAREMOS!A:A=A21)*"&"(BAREMOS!B:B=B21)*(BAREMOS!C:C=C21)*(BAREMOS!D:D=E21),0),0)),1, IF(H21>=MAX(INDEX(BAREMOS!G:Y,MATCH(1,(BAREMOS!A:A=A21)*(BAREMOS!B:B=B21)*(BAREMOS!C:C=C21)*(BAREMOS!D:D=E21),0),0)),19, MATCH(H21,INDEX(BAREMOS!G:Y,MATCH(1,(BAREMOS!A:A=A21)*("&"BAREMOS!B:B=B21)*(BAREMOS!C:C=C21)*(BAREMOS!D:D=E21),0),0),1) ) ) ) ,"""")) "),"") | K21: =IF(J21="","",INDEX(SEQUENCE(1,19,1,0.5),1,J21))
A22: {=IF(D22="","",IFERROR(INDEX(CONFIGURACION!C:C,MATCH(D22,CONFIGURACION!E:E,0)),""))} -> BCH | B22: {=IF(D22="","",IFERROR(INDEX(CONFIGURACION!D:D,MATCH(D22,CONFIGURACION!E:E,0)),""))} -> 1 | C22: MASCULINO | D22: B1 | E22: S. HORIZONTAL | F22: Juan Carlos Huizar Moreno | G22: 2 TRIMESTRE | H22: 10 | I22: =IFERROR(__xludf.DUMMYFUNCTION("IF(F22="""","""",LET( nombre, TRIM(F22), primer, REGEXEXTRACT(nombre, ""^\S+""), resto, TRIM(REGEXREPLACE(nombre, ""^\S+\s*"", """")), iniciales, IF( resto="""", """", TEXTJOIN("""",1,ARRAYFORMULA(LEFT(SPLIT(resto,"" ""),1) & ""."")) "&" ), UPPER(primer) & "" "" & UPPER(iniciales) ))"),"JUAN C.H.M.") -> JUAN C.H.M. | J22: =IFERROR(__xludf.DUMMYFUNCTION("IF(H22="""","""",IFERROR( IF(REGEXMATCH(E22,""VELOCIDAD""), IF(H22>=MAX(INDEX(BAREMOS!G:Y,MATCH(1,(BAREMOS!A:A=A22)*(BAREMOS!B:B=B22)*(BAREMOS!C:C=C22)*(BAREMOS!D:D=E22),0),0)),1, IF(H22<=MIN(INDEX(BAREMOS!G:Y,MATCH(1,(BAREMOS!A:A=A22)*(BAREMOS!B"&":B=B22)*(BAREMOS!C:C=C22)*(BAREMOS!D:D=E22),0),0)),19, MATCH(H22,INDEX(BAREMOS!G:Y,MATCH(1,(BAREMOS!A:A=A22)*(BAREMOS!B:B=B22)*(BAREMOS!C:C=C22)*(BAREMOS!D:D=E22),0),0),-1) ) ), IF(H22<=MIN(INDEX(BAREMOS!G:Y,MATCH(1,(BAREMOS!A:A=A22)*"&"(BAREMOS!B:B=B22)*(BAREMOS!C:C=C22)*(BAREMOS!D:D=E22),0),0)),1, IF(H22>=MAX(INDEX(BAREMOS!G:Y,MATCH(1,(BAREMOS!A:A=A22)*(BAREMOS!B:B=B22)*(BAREMOS!C:C=C22)*(BAREMOS!D:D=E22),0),0)),19, MATCH(H22,INDEX(BAREMOS!G:Y,MATCH(1,(BAREMOS!A:A=A22)*("&"BAREMOS!B:B=B22)*(BAREMOS!C:C=C22)*(BAREMOS!D:D=E22),0),0),1) ) ) ) ,"""")) "),1.0) -> 1 | K22: =IF(J22="","",INDEX(SEQUENCE(1,19,1,0.5),1,J22)) -> 1
A23: {=IF(D23="","",IFERROR(INDEX(CONFIGURACION!C:C,MATCH(D23,CONFIGURACION!E:E,0)),""))} -> BCH | B23: {=IF(D23="","",IFERROR(INDEX(CONFIGURACION!D:D,MATCH(D23,CONFIGURACION!E:E,0)),""))} -> 1 | C23: MASCULINO | D23: B1 | E23: L. BALON | F23: Juan Carlos Huizar Moreno | G23: 2 TRIMESTRE | H23: 11 | I23: =IFERROR(__xludf.DUMMYFUNCTION("IF(F23="""","""",LET( nombre, TRIM(F23), primer, REGEXEXTRACT(nombre, ""^\S+""), resto, TRIM(REGEXREPLACE(nombre, ""^\S+\s*"", """")), iniciales, IF( resto="""", """", TEXTJOIN("""",1,ARRAYFORMULA(LEFT(SPLIT(resto,"" ""),1) & ""."")) "&" ), UPPER(primer) & "" "" & UPPER(iniciales) ))"),"JUAN C.H.M.") -> JUAN C.H.M. | J23: =IFERROR(__xludf.DUMMYFUNCTION("IF(H23="""","""",IFERROR( IF(REGEXMATCH(E23,""VELOCIDAD""), IF(H23>=MAX(INDEX(BAREMOS!G:Y,MATCH(1,(BAREMOS!A:A=A23)*(BAREMOS!B:B=B23)*(BAREMOS!C:C=C23)*(BAREMOS!D:D=E23),0),0)),1, IF(H23<=MIN(INDEX(BAREMOS!G:Y,MATCH(1,(BAREMOS!A:A=A23)*(BAREMOS!B"&":B=B23)*(BAREMOS!C:C=C23)*(BAREMOS!D:D=E23),0),0)),19, MATCH(H23,INDEX(BAREMOS!G:Y,MATCH(1,(BAREMOS!A:A=A23)*(BAREMOS!B:B=B23)*(BAREMOS!C:C=C23)*(BAREMOS!D:D=E23),0),0),-1) ) ), IF(H23<=MIN(INDEX(BAREMOS!G:Y,MATCH(1,(BAREMOS!A:A=A23)*"&"(BAREMOS!B:B=B23)*(BAREMOS!C:C=C23)*(BAREMOS!D:D=E23),0),0)),1, IF(H23>=MAX(INDEX(BAREMOS!G:Y,MATCH(1,(BAREMOS!A:A=A23)*(BAREMOS!B:B=B23)*(BAREMOS!C:C=C23)*(BAREMOS!D:D=E23),0),0)),19, MATCH(H23,INDEX(BAREMOS!G:Y,MATCH(1,(BAREMOS!A:A=A23)*("&"BAREMOS!B:B=B23)*(BAREMOS!C:C=C23)*(BAREMOS!D:D=E23),0),0),1) ) ) ) ,"""")) "),11.0) -> 11 | K23: =IF(J23="","",INDEX(SEQUENCE(1,19,1,0.5),1,J23)) -> 6
A24: {=IF(D24="","",IFERROR(INDEX(CONFIGURACION!C:C,MATCH(D24,CONFIGURACION!E:E,0)),""))} -> BCH | B24: {=IF(D24="","",IFERROR(INDEX(CONFIGURACION!D:D,MATCH(D24,CONFIGURACION!E:E,0)),""))} -> 1 | C24: MASCULINO | D24: B1 | E24: ABDOMINALES | F24: Juan Carlos Huizar Moreno | G24: 2 TRIMESTRE | H24: 12 | I24: =IFERROR(__xludf.DUMMYFUNCTION("IF(F24="""","""",LET( nombre, TRIM(F24), primer, REGEXEXTRACT(nombre, ""^\S+""), resto, TRIM(REGEXREPLACE(nombre, ""^\S+\s*"", """")), iniciales, IF( resto="""", """", TEXTJOIN("""",1,ARRAYFORMULA(LEFT(SPLIT(resto,"" ""),1) & ""."")) "&" ), UPPER(primer) & "" "" & UPPER(iniciales) ))"),"JUAN C.H.M.") -> JUAN C.H.M. | J24: =IFERROR(__xludf.DUMMYFUNCTION("IF(H24="""","""",IFERROR( IF(REGEXMATCH(E24,""VELOCIDAD""), IF(H24>=MAX(INDEX(BAREMOS!G:Y,MATCH(1,(BAREMOS!A:A=A24)*(BAREMOS!B:B=B24)*(BAREMOS!C:C=C24)*(BAREMOS!D:D=E24),0),0)),1, IF(H24<=MIN(INDEX(BAREMOS!G:Y,MATCH(1,(BAREMOS!A:A=A24)*(BAREMOS!B"&":B=B24)*(BAREMOS!C:C=C24)*(BAREMOS!D:D=E24),0),0)),19, MATCH(H24,INDEX(BAREMOS!G:Y,MATCH(1,(BAREMOS!A:A=A24)*(BAREMOS!B:B=B24)*(BAREMOS!C:C=C24)*(BAREMOS!D:D=E24),0),0),-1) ) ), IF(H24<=MIN(INDEX(BAREMOS!G:Y,MATCH(1,(BAREMOS!A:A=A24)*"&"(BAREMOS!B:B=B24)*(BAREMOS!C:C=C24)*(BAREMOS!D:D=E24),0),0)),1, IF(H24>=MAX(INDEX(BAREMOS!G:Y,MATCH(1,(BAREMOS!A:A=A24)*(BAREMOS!B:B=B24)*(BAREMOS!C:C=C24)*(BAREMOS!D:D=E24),0),0)),19, MATCH(H24,INDEX(BAREMOS!G:Y,MATCH(1,(BAREMOS!A:A=A24)*("&"BAREMOS!B:B=B24)*(BAREMOS!C:C=C24)*(BAREMOS!D:D=E24),0),0),1) ) ) ) ,"""")) "),1.0) -> 1 | K24: =IF(J24="","",INDEX(SEQUENCE(1,19,1,0.5),1,J24)) -> 1
A25: {=IF(D25="","",IFERROR(INDEX(CONFIGURACION!C:C,MATCH(D25,CONFIGURACION!E:E,0)),""))} -> BCH | B25: {=IF(D25="","",IFERROR(INDEX(CONFIGURACION!D:D,MATCH(D25,CONFIGURACION!E:E,0)),""))} -> 1 | C25: MASCULINO | D25: B1 | E25: FLEXIBILIDAD | F25: Juan Carlos Huizar Moreno | G25: 2 TRIMESTRE | H25: 13 | I25: =IFERROR(__xludf.DUMMYFUNCTION("IF(F25="""","""",LET( nombre, TRIM(F25), primer, REGEXEXTRACT(nombre, ""^\S+""), resto, TRIM(REGEXREPLACE(nombre, ""^\S+\s*"", """")), iniciales, IF( resto="""", """", TEXTJOIN("""",1,ARRAYFORMULA(LEFT(SPLIT(resto,"" ""),1) & ""."")) "&" ), UPPER(primer) & "" "" & UPPER(iniciales) ))"),"JUAN C.H.M.") -> JUAN C.H.M. | J25: =IFERROR(__xludf.DUMMYFUNCTION("IF(H25="""","""",IFERROR( IF(REGEXMATCH(E25,""VELOCIDAD""), IF(H25>=MAX(INDEX(BAREMOS!G:Y,MATCH(1,(BAREMOS!A:A=A25)*(BAREMOS!B:B=B25)*(BAREMOS!C:C=C25)*(BAREMOS!D:D=E25),0),0)),1, IF(H25<=MIN(INDEX(BAREMOS!G:Y,MATCH(1,(BAREMOS!A:A=A25)*(BAREMOS!B"&":B=B25)*(BAREMOS!C:C=C25)*(BAREMOS!D:D=E25),0),0)),19, MATCH(H25,INDEX(BAREMOS!G:Y,MATCH(1,(BAREMOS!A:A=A25)*(BAREMOS!B:B=B25)*(BAREMOS!C:C=C25)*(BAREMOS!D:D=E25),0),0),-1) ) ), IF(H25<=MIN(INDEX(BAREMOS!G:Y,MATCH(1,(BAREMOS!A:A=A25)*"&"(BAREMOS!B:B=B25)*(BAREMOS!C:C=C25)*(BAREMOS!D:D=E25),0),0)),1, IF(H25>=MAX(INDEX(BAREMOS!G:Y,MATCH(1,(BAREMOS!A:A=A25)*(BAREMOS!B:B=B25)*(BAREMOS!C:C=C25)*(BAREMOS!D:D=E25),0),0)),19, MATCH(H25,INDEX(BAREMOS!G:Y,MATCH(1,(BAREMOS!A:A=A25)*("&"BAREMOS!B:B=B25)*(BAREMOS!C:C=C25)*(BAREMOS!D:D=E25),0),0),1) ) ) ) ,"""")) "),1.0) -> 1 | K25: =IF(J25="","",INDEX(SEQUENCE(1,19,1,0.5),1,J25)) -> 1
A26: {=IF(D26="","",IFERROR(INDEX(CONFIGURACION!C:C,MATCH(D26,CONFIGURACION!E:E,0)),""))} -> BCH | B26: {=IF(D26="","",IFERROR(INDEX(CONFIGURACION!D:D,MATCH(D26,CONFIGURACION!E:E,0)),""))} -> 1 | C26: MASCULINO | D26: B1 | E26: S. VERTICAL | F26: Juan Carlos Huizar Moreno | G26: 2 TRIMESTRE | H26: 14 | I26: =IFERROR(__xludf.DUMMYFUNCTION("IF(F26="""","""",LET( nombre, TRIM(F26), primer, REGEXEXTRACT(nombre, ""^\S+""), resto, TRIM(REGEXREPLACE(nombre, ""^\S+\s*"", """")), iniciales, IF( resto="""", """", TEXTJOIN("""",1,ARRAYFORMULA(LEFT(SPLIT(resto,"" ""),1) & ""."")) "&" ), UPPER(primer) & "" "" & UPPER(iniciales) ))"),"JUAN C.H.M.") -> JUAN C.H.M. | J26: =IFERROR(__xludf.DUMMYFUNCTION("IF(H26="""","""",IFERROR( IF(REGEXMATCH(E26,""VELOCIDAD""), IF(H26>=MAX(INDEX(BAREMOS!G:Y,MATCH(1,(BAREMOS!A:A=A26)*(BAREMOS!B:B=B26)*(BAREMOS!C:C=C26)*(BAREMOS!D:D=E26),0),0)),1, IF(H26<=MIN(INDEX(BAREMOS!G:Y,MATCH(1,(BAREMOS!A:A=A26)*(BAREMOS!B"&":B=B26)*(BAREMOS!C:C=C26)*(BAREMOS!D:D=E26),0),0)),19, MATCH(H26,INDEX(BAREMOS!G:Y,MATCH(1,(BAREMOS!A:A=A26)*(BAREMOS!B:B=B26)*(BAREMOS!C:C=C26)*(BAREMOS!D:D=E26),0),0),-1) ) ), IF(H26<=MIN(INDEX(BAREMOS!G:Y,MATCH(1,(BAREMOS!A:A=A26)*"&"(BAREMOS!B:B=B26)*(BAREMOS!C:C=C26)*(BAREMOS!D:D=E26),0),0)),1, IF(H26>=MAX(INDEX(BAREMOS!G:Y,MATCH(1,(BAREMOS!A:A=A26)*(BAREMOS!B:B=B26)*(BAREMOS!C:C=C26)*(BAREMOS!D:D=E26),0),0)),19, MATCH(H26,INDEX(BAREMOS!G:Y,MATCH(1,(BAREMOS!A:A=A26)*("&"BAREMOS!B:B=B26)*(BAREMOS!C:C=C26)*(BAREMOS!D:D=E26),0),0),1) ) ) ) ,"""")) "),1.0) -> 1 | K26: =IF(J26="","",INDEX(SEQUENCE(1,19,1,0.5),1,J26)) -> 1
A27: {=IF(D27="","",IFERROR(INDEX(CONFIGURACION!C:C,MATCH(D27,CONFIGURACION!E:E,0)),""))} -> BCH | B27: {=IF(D27="","",IFERROR(INDEX(CONFIGURACION!D:D,MATCH(D27,CONFIGURACION!E:E,0)),""))} -> 1 | C27: MASCULINO | D27: B1 | E27: COOPER | F27: Juan Carlos Huizar Moreno | G27: 2 TRIMESTRE | H27: 15 | I27: =IFERROR(__xludf.DUMMYFUNCTION("IF(F27="""","""",LET( nombre, TRIM(F27), primer, REGEXEXTRACT(nombre, ""^\S+""), resto, TRIM(REGEXREPLACE(nombre, ""^\S+\s*"", """")), iniciales, IF( resto="""", """", TEXTJOIN("""",1,ARRAYFORMULA(LEFT(SPLIT(resto,"" ""),1) & ""."")) "&" ), UPPER(primer) & "" "" & UPPER(iniciales) ))"),"JUAN C.H.M.") -> JUAN C.H.M. | J27: =IFERROR(__xludf.DUMMYFUNCTION("IF(H27="""","""",IFERROR( IF(REGEXMATCH(E27,""VELOCIDAD""), IF(H27>=MAX(INDEX(BAREMOS!G:Y,MATCH(1,(BAREMOS!A:A=A27)*(BAREMOS!B:B=B27)*(BAREMOS!C:C=C27)*(BAREMOS!D:D=E27),0),0)),1, IF(H27<=MIN(INDEX(BAREMOS!G:Y,MATCH(1,(BAREMOS!A:A=A27)*(BAREMOS!B"&":B=B27)*(BAREMOS!C:C=C27)*(BAREMOS!D:D=E27),0),0)),19, MATCH(H27,INDEX(BAREMOS!G:Y,MATCH(1,(BAREMOS!A:A=A27)*(BAREMOS!B:B=B27)*(BAREMOS!C:C=C27)*(BAREMOS!D:D=E27),0),0),-1) ) ), IF(H27<=MIN(INDEX(BAREMOS!G:Y,MATCH(1,(BAREMOS!A:A=A27)*"&"(BAREMOS!B:B=B27)*(BAREMOS!C:C=C27)*(BAREMOS!D:D=E27),0),0)),1, IF(H27>=MAX(INDEX(BAREMOS!G:Y,MATCH(1,(BAREMOS!A:A=A27)*(BAREMOS!B:B=B27)*(BAREMOS!C:C=C27)*(BAREMOS!D:D=E27),0),0)),19, MATCH(H27,INDEX(BAREMOS!G:Y,MATCH(1,(BAREMOS!A:A=A27)*("&"BAREMOS!B:B=B27)*(BAREMOS!C:C=C27)*(BAREMOS!D:D=E27),0),0),1) ) ) ) ,"""")) "),1.0) -> 1 | K27: =IF(J27="","",INDEX(SEQUENCE(1,19,1,0.5),1,J27)) -> 1
A28: {=IF(D28="","",IFERROR(INDEX(CONFIGURACION!C:C,MATCH(D28,CONFIGURACION!E:E,0)),""))} -> BCH | B28: {=IF(D28="","",IFERROR(INDEX(CONFIGURACION!D:D,MATCH(D28,CONFIGURACION!E:E,0)),""))} -> 1 | C28: MASCULINO | D28: B1 | E28: VELOCIDAD | F28: Juan Carlos Huizar Moreno | G28: 2 TRIMESTRE | H28: 16 | I28: =IFERROR(__xludf.DUMMYFUNCTION("IF(F28="""","""",LET( nombre, TRIM(F28), primer, REGEXEXTRACT(nombre, ""^\S+""), resto, TRIM(REGEXREPLACE(nombre, ""^\S+\s*"", """")), iniciales, IF( resto="""", """", TEXTJOIN("""",1,ARRAYFORMULA(LEFT(SPLIT(resto,"" ""),1) & ""."")) "&" ), UPPER(primer) & "" "" & UPPER(iniciales) ))"),"JUAN C.H.M.") -> JUAN C.H.M. | J28: =IFERROR(__xludf.DUMMYFUNCTION("IF(H28="""","""",IFERROR( IF(REGEXMATCH(E28,""VELOCIDAD""), IF(H28>=MAX(INDEX(BAREMOS!G:Y,MATCH(1,(BAREMOS!A:A=A28)*(BAREMOS!B:B=B28)*(BAREMOS!C:C=C28)*(BAREMOS!D:D=E28),0),0)),1, IF(H28<=MIN(INDEX(BAREMOS!G:Y,MATCH(1,(BAREMOS!A:A=A28)*(BAREMOS!B"&":B=B28)*(BAREMOS!C:C=C28)*(BAREMOS!D:D=E28),0),0)),19, MATCH(H28,INDEX(BAREMOS!G:Y,MATCH(1,(BAREMOS!A:A=A28)*(BAREMOS!B:B=B28)*(BAREMOS!C:C=C28)*(BAREMOS!D:D=E28),0),0),-1) ) ), IF(H28<=MIN(INDEX(BAREMOS!G:Y,MATCH(1,(BAREMOS!A:A=A28)*"&"(BAREMOS!B:B=B28)*(BAREMOS!C:C=C28)*(BAREMOS!D:D=E28),0),0)),1, IF(H28>=MAX(INDEX(BAREMOS!G:Y,MATCH(1,(BAREMOS!A:A=A28)*(BAREMOS!B:B=B28)*(BAREMOS!C:C=C28)*(BAREMOS!D:D=E28),0),0)),19, MATCH(H28,INDEX(BAREMOS!G:Y,MATCH(1,(BAREMOS!A:A=A28)*("&"BAREMOS!B:B=B28)*(BAREMOS!C:C=C28)*(BAREMOS!D:D=E28),0),0),1) ) ) ) ,"""")) "),19.0) -> 19 | K28: =IF(J28="","",INDEX(SEQUENCE(1,19,1,0.5),1,J28)) -> 10
A29: {=IF(D29="","",IFERROR(INDEX(CONFIGURACION!C:C,MATCH(D29,CONFIGURACION!E:E,0)),""))} -> BCH | B29: {=IF(D29="","",IFERROR(INDEX(CONFIGURACION!D:D,MATCH(D29,CONFIGURACION!E:E,0)),""))} -> 1 | C29: MASCULINO | D29: B1 | E29: INTESIDAD FISICA | F29: Juan Carlos Huizar Moreno | G29: 2 TRIMESTRE | H29: 17 | I29: =IFERROR(__xludf.DUMMYFUNCTION("IF(F29="""","""",LET( nombre, TRIM(F29), primer, REGEXEXTRACT(nombre, ""^\S+""), resto, TRIM(REGEXREPLACE(nombre, ""^\S+\s*"", """")), iniciales, IF( resto="""", """", TEXTJOIN("""",1,ARRAYFORMULA(LEFT(SPLIT(resto,"" ""),1) & ""."")) "&" ), UPPER(primer) & "" "" & UPPER(iniciales) ))"),"JUAN C.H.M.") -> JUAN C.H.M. | J29: =IFERROR(__xludf.DUMMYFUNCTION("IF(H29="""","""",IFERROR( IF(REGEXMATCH(E29,""VELOCIDAD""), IF(H29>=MAX(INDEX(BAREMOS!G:Y,MATCH(1,(BAREMOS!A:A=A29)*(BAREMOS!B:B=B29)*(BAREMOS!C:C=C29)*(BAREMOS!D:D=E29),0),0)),1, IF(H29<=MIN(INDEX(BAREMOS!G:Y,MATCH(1,(BAREMOS!A:A=A29)*(BAREMOS!B"&":B=B29)*(BAREMOS!C:C=C29)*(BAREMOS!D:D=E29),0),0)),19, MATCH(H29,INDEX(BAREMOS!G:Y,MATCH(1,(BAREMOS!A:A=A29)*(BAREMOS!B:B=B29)*(BAREMOS!C:C=C29)*(BAREMOS!D:D=E29),0),0),-1) ) ), IF(H29<=MIN(INDEX(BAREMOS!G:Y,MATCH(1,(BAREMOS!A:A=A29)*"&"(BAREMOS!B:B=B29)*(BAREMOS!C:C=C29)*(BAREMOS!D:D=E29),0),0)),1, IF(H29>=MAX(INDEX(BAREMOS!G:Y,MATCH(1,(BAREMOS!A:A=A29)*(BAREMOS!B:B=B29)*(BAREMOS!C:C=C29)*(BAREMOS!D:D=E29),0),0)),19, MATCH(H29,INDEX(BAREMOS!G:Y,MATCH(1,(BAREMOS!A:A=A29)*("&"BAREMOS!B:B=B29)*(BAREMOS!C:C=C29)*(BAREMOS!D:D=E29),0),0),1) ) ) ) ,"""")) "),"") | K29: =IF(J29="","",INDEX(SEQUENCE(1,19,1,0.5),1,J29))
A30: {=IF(D30="","",IFERROR(INDEX(CONFIGURACION!C:C,MATCH(D30,CONFIGURACION!E:E,0)),""))} -> BCH | B30: {=IF(D30="","",IFERROR(INDEX(CONFIGURACION!D:D,MATCH(D30,CONFIGURACION!E:E,0)),""))} -> 1 | C30: MASCULINO | D30: B1 | E30: S. HORIZONTAL | F30: Juan Carlos Huizar Moreno | G30: 3 TRIMESTRE | H30: 15 | I30: =IFERROR(__xludf.DUMMYFUNCTION("IF(F30="""","""",LET( nombre, TRIM(F30), primer, REGEXEXTRACT(nombre, ""^\S+""), resto, TRIM(REGEXREPLACE(nombre, ""^\S+\s*"", """")), iniciales, IF( resto="""", """", TEXTJOIN("""",1,ARRAYFORMULA(LEFT(SPLIT(resto,"" ""),1) & ""."")) "&" ), UPPER(primer) & "" "" & UPPER(iniciales) ))"),"JUAN C.H.M.") -> JUAN C.H.M. | J30: =IFERROR(__xludf.DUMMYFUNCTION("IF(H30="""","""",IFERROR( IF(REGEXMATCH(E30,""VELOCIDAD""), IF(H30>=MAX(INDEX(BAREMOS!G:Y,MATCH(1,(BAREMOS!A:A=A30)*(BAREMOS!B:B=B30)*(BAREMOS!C:C=C30)*(BAREMOS!D:D=E30),0),0)),1, IF(H30<=MIN(INDEX(BAREMOS!G:Y,MATCH(1,(BAREMOS!A:A=A30)*(BAREMOS!B"&":B=B30)*(BAREMOS!C:C=C30)*(BAREMOS!D:D=E30),0),0)),19, MATCH(H30,INDEX(BAREMOS!G:Y,MATCH(1,(BAREMOS!A:A=A30)*(BAREMOS!B:B=B30)*(BAREMOS!C:C=C30)*(BAREMOS!D:D=E30),0),0),-1) ) ), IF(H30<=MIN(INDEX(BAREMOS!G:Y,MATCH(1,(BAREMOS!A:A=A30)*"&"(BAREMOS!B:B=B30)*(BAREMOS!C:C=C30)*(BAREMOS!D:D=E30),0),0)),1, IF(H30>=MAX(INDEX(BAREMOS!G:Y,MATCH(1,(BAREMOS!A:A=A30)*(BAREMOS!B:B=B30)*(BAREMOS!C:C=C30)*(BAREMOS!D:D=E30),0),0)),19, MATCH(H30,INDEX(BAREMOS!G:Y,MATCH(1,(BAREMOS!A:A=A30)*("&"BAREMOS!B:B=B30)*(BAREMOS!C:C=C30)*(BAREMOS!D:D=E30),0),0),1) ) ) ) ,"""")) "),1.0) -> 1 | K30: =IF(J30="","",INDEX(SEQUENCE(1,19,1,0.5),1,J30)) -> 1
A31: {=IF(D31="","",IFERROR(INDEX(CONFIGURACION!C:C,MATCH(D31,CONFIGURACION!E:E,0)),""))} -> BCH | B31: {=IF(D31="","",IFERROR(INDEX(CONFIGURACION!D:D,MATCH(D31,CONFIGURACION!E:E,0)),""))} -> 1 | C31: MASCULINO | D31: B1 | E31: L. BALON | F31: Juan Carlos Huizar Moreno | G31: 3 TRIMESTRE | H31: 4 | I31: =IFERROR(__xludf.DUMMYFUNCTION("IF(F31="""","""",LET( nombre, TRIM(F31), primer, REGEXEXTRACT(nombre, ""^\S+""), resto, TRIM(REGEXREPLACE(nombre, ""^\S+\s*"", """")), iniciales, IF( resto="""", """", TEXTJOIN("""",1,ARRAYFORMULA(LEFT(SPLIT(resto,"" ""),1) & ""."")) "&" ), UPPER(primer) & "" "" & UPPER(iniciales) ))"),"JUAN C.H.M.") -> JUAN C.H.M. | J31: =IFERROR(__xludf.DUMMYFUNCTION("IF(H31="""","""",IFERROR( IF(REGEXMATCH(E31,""VELOCIDAD""), IF(H31>=MAX(INDEX(BAREMOS!G:Y,MATCH(1,(BAREMOS!A:A=A31)*(BAREMOS!B:B=B31)*(BAREMOS!C:C=C31)*(BAREMOS!D:D=E31),0),0)),1, IF(H31<=MIN(INDEX(BAREMOS!G:Y,MATCH(1,(BAREMOS!A:A=A31)*(BAREMOS!B"&":B=B31)*(BAREMOS!C:C=C31)*(BAREMOS!D:D=E31),0),0)),19, MATCH(H31,INDEX(BAREMOS!G:Y,MATCH(1,(BAREMOS!A:A=A31)*(BAREMOS!B:B=B31)*(BAREMOS!C:C=C31)*(BAREMOS!D:D=E31),0),0),-1) ) ), IF(H31<=MIN(INDEX(BAREMOS!G:Y,MATCH(1,(BAREMOS!A:A=A31)*"&"(BAREMOS!B:B=B31)*(BAREMOS!C:C=C31)*(BAREMOS!D:D=E31),0),0)),1, IF(H31>=MAX(INDEX(BAREMOS!G:Y,MATCH(1,(BAREMOS!A:A=A31)*(BAREMOS!B:B=B31)*(BAREMOS!C:C=C31)*(BAREMOS!D:D=E31),0),0)),19, MATCH(H31,INDEX(BAREMOS!G:Y,MATCH(1,(BAREMOS!A:A=A31)*("&"BAREMOS!B:B=B31)*(BAREMOS!C:C=C31)*(BAREMOS!D:D=E31),0),0),1) ) ) ) ,"""")) "),1.0) -> 1 | K31: =IF(J31="","",INDEX(SEQUENCE(1,19,1,0.5),1,J31)) -> 1
A32: {=IF(D32="","",IFERROR(INDEX(CONFIGURACION!C:C,MATCH(D32,CONFIGURACION!E:E,0)),""))} -> BCH | B32: {=IF(D32="","",IFERROR(INDEX(CONFIGURACION!D:D,MATCH(D32,CONFIGURACION!E:E,0)),""))} -> 1 | C32: MASCULINO | D32: B1 | E32: ABDOMINALES | F32: Juan Carlos Huizar Moreno | G32: 3 TRIMESTRE | H32: 5 | I32: =IFERROR(__xludf.DUMMYFUNCTION("IF(F32="""","""",LET( nombre, TRIM(F32), primer, REGEXEXTRACT(nombre, ""^\S+""), resto, TRIM(REGEXREPLACE(nombre, ""^\S+\s*"", """")), iniciales, IF( resto="""", """", TEXTJOIN("""",1,ARRAYFORMULA(LEFT(SPLIT(resto,"" ""),1) & ""."")) "&" ), UPPER(primer) & "" "" & UPPER(iniciales) ))"),"JUAN C.H.M.") -> JUAN C.H.M. | J32: =IFERROR(__xludf.DUMMYFUNCTION("IF(H32="""","""",IFERROR( IF(REGEXMATCH(E32,""VELOCIDAD""), IF(H32>=MAX(INDEX(BAREMOS!G:Y,MATCH(1,(BAREMOS!A:A=A32)*(BAREMOS!B:B=B32)*(BAREMOS!C:C=C32)*(BAREMOS!D:D=E32),0),0)),1, IF(H32<=MIN(INDEX(BAREMOS!G:Y,MATCH(1,(BAREMOS!A:A=A32)*(BAREMOS!B"&":B=B32)*(BAREMOS!C:C=C32)*(BAREMOS!D:D=E32),0),0)),19, MATCH(H32,INDEX(BAREMOS!G:Y,MATCH(1,(BAREMOS!A:A=A32)*(BAREMOS!B:B=B32)*(BAREMOS!C:C=C32)*(BAREMOS!D:D=E32),0),0),-1) ) ), IF(H32<=MIN(INDEX(BAREMOS!G:Y,MATCH(1,(BAREMOS!A:A=A32)*"&"(BAREMOS!B:B=B32)*(BAREMOS!C:C=C32)*(BAREMOS!D:D=E32),0),0)),1, IF(H32>=MAX(INDEX(BAREMOS!G:Y,MATCH(1,(BAREMOS!A:A=A32)*(BAREMOS!B:B=B32)*(BAREMOS!C:C=C32)*(BAREMOS!D:D=E32),0),0)),19, MATCH(H32,INDEX(BAREMOS!G:Y,MATCH(1,(BAREMOS!A:A=A32)*("&"BAREMOS!B:B=B32)*(BAREMOS!C:C=C32)*(BAREMOS!D:D=E32),0),0),1) ) ) ) ,"""")) "),1.0) -> 1 | K32: =IF(J32="","",INDEX(SEQUENCE(1,19,1,0.5),1,J32)) -> 1
A33: {=IF(D33="","",IFERROR(INDEX(CONFIGURACION!C:C,MATCH(D33,CONFIGURACION!E:E,0)),""))} -> BCH | B33: {=IF(D33="","",IFERROR(INDEX(CONFIGURACION!D:D,MATCH(D33,CONFIGURACION!E:E,0)),""))} -> 1 | C33: MASCULINO | D33: B1 | E33: FLEXIBILIDAD | F33: Juan Carlos Huizar Moreno | G33: 3 TRIMESTRE | H33: 6 | I33: =IFERROR(__xludf.DUMMYFUNCTION("IF(F33="""","""",LET( nombre, TRIM(F33), primer, REGEXEXTRACT(nombre, ""^\S+""), resto, TRIM(REGEXREPLACE(nombre, ""^\S+\s*"", """")), iniciales, IF( resto="""", """", TEXTJOIN("""",1,ARRAYFORMULA(LEFT(SPLIT(resto,"" ""),1) & ""."")) "&" ), UPPER(primer) & "" "" & UPPER(iniciales) ))"),"JUAN C.H.M.") -> JUAN C.H.M. | J33: =IFERROR(__xludf.DUMMYFUNCTION("IF(H33="""","""",IFERROR( IF(REGEXMATCH(E33,""VELOCIDAD""), IF(H33>=MAX(INDEX(BAREMOS!G:Y,MATCH(1,(BAREMOS!A:A=A33)*(BAREMOS!B:B=B33)*(BAREMOS!C:C=C33)*(BAREMOS!D:D=E33),0),0)),1, IF(H33<=MIN(INDEX(BAREMOS!G:Y,MATCH(1,(BAREMOS!A:A=A33)*(BAREMOS!B"&":B=B33)*(BAREMOS!C:C=C33)*(BAREMOS!D:D=E33),0),0)),19, MATCH(H33,INDEX(BAREMOS!G:Y,MATCH(1,(BAREMOS!A:A=A33)*(BAREMOS!B:B=B33)*(BAREMOS!C:C=C33)*(BAREMOS!D:D=E33),0),0),-1) ) ), IF(H33<=MIN(INDEX(BAREMOS!G:Y,MATCH(1,(BAREMOS!A:A=A33)*"&"(BAREMOS!B:B=B33)*(BAREMOS!C:C=C33)*(BAREMOS!D:D=E33),0),0)),1, IF(H33>=MAX(INDEX(BAREMOS!G:Y,MATCH(1,(BAREMOS!A:A=A33)*(BAREMOS!B:B=B33)*(BAREMOS!C:C=C33)*(BAREMOS!D:D=E33),0),0)),19, MATCH(H33,INDEX(BAREMOS!G:Y,MATCH(1,(BAREMOS!A:A=A33)*("&"BAREMOS!B:B=B33)*(BAREMOS!C:C=C33)*(BAREMOS!D:D=E33),0),0),1) ) ) ) ,"""")) "),1.0) -> 1 | K33: =IF(J33="","",INDEX(SEQUENCE(1,19,1,0.5),1,J33)) -> 1
A34: {=IF(D34="","",IFERROR(INDEX(CONFIGURACION!C:C,MATCH(D34,CONFIGURACION!E:E,0)),""))} -> BCH | B34: {=IF(D34="","",IFERROR(INDEX(CONFIGURACION!D:D,MATCH(D34,CONFIGURACION!E:E,0)),""))} -> 1 | C34: MASCULINO | D34: B1 | E34: S. VERTICAL | F34: Juan Carlos Huizar Moreno | G34: 3 TRIMESTRE | H34: 7 | I34: =IFERROR(__xludf.DUMMYFUNCTION("IF(F34="""","""",LET( nombre, TRIM(F34), primer, REGEXEXTRACT(nombre, ""^\S+""), resto, TRIM(REGEXREPLACE(nombre, ""^\S+\s*"", """")), iniciales, IF( resto="""", """", TEXTJOIN("""",1,ARRAYFORMULA(LEFT(SPLIT(resto,"" ""),1) & ""."")) "&" ), UPPER(primer) & "" "" & UPPER(iniciales) ))"),"JUAN C.H.M.") -> JUAN C.H.M. | J34: =IFERROR(__xludf.DUMMYFUNCTION("IF(H34="""","""",IFERROR( IF(REGEXMATCH(E34,""VELOCIDAD""), IF(H34>=MAX(INDEX(BAREMOS!G:Y,MATCH(1,(BAREMOS!A:A=A34)*(BAREMOS!B:B=B34)*(BAREMOS!C:C=C34)*(BAREMOS!D:D=E34),0),0)),1, IF(H34<=MIN(INDEX(BAREMOS!G:Y,MATCH(1,(BAREMOS!A:A=A34)*(BAREMOS!B"&":B=B34)*(BAREMOS!C:C=C34)*(BAREMOS!D:D=E34),0),0)),19, MATCH(H34,INDEX(BAREMOS!G:Y,MATCH(1,(BAREMOS!A:A=A34)*(BAREMOS!B:B=B34)*(BAREMOS!C:C=C34)*(BAREMOS!D:D=E34),0),0),-1) ) ), IF(H34<=MIN(INDEX(BAREMOS!G:Y,MATCH(1,(BAREMOS!A:A=A34)*"&"(BAREMOS!B:B=B34)*(BAREMOS!C:C=C34)*(BAREMOS!D:D=E34),0),0)),1, IF(H34>=MAX(INDEX(BAREMOS!G:Y,MATCH(1,(BAREMOS!A:A=A34)*(BAREMOS!B:B=B34)*(BAREMOS!C:C=C34)*(BAREMOS!D:D=E34),0),0)),19, MATCH(H34,INDEX(BAREMOS!G:Y,MATCH(1,(BAREMOS!A:A=A34)*("&"BAREMOS!B:B=B34)*(BAREMOS!C:C=C34)*(BAREMOS!D:D=E34),0),0),1) ) ) ) ,"""")) "),1.0) -> 1 | K34: =IF(J34="","",INDEX(SEQUENCE(1,19,1,0.5),1,J34)) -> 1
A35: {=IF(D35="","",IFERROR(INDEX(CONFIGURACION!C:C,MATCH(D35,CONFIGURACION!E:E,0)),""))} -> BCH | B35: {=IF(D35="","",IFERROR(INDEX(CONFIGURACION!D:D,MATCH(D35,CONFIGURACION!E:E,0)),""))} -> 1 | C35: MASCULINO | D35: B1 | E35: COOPER | F35: Juan Carlos Huizar Moreno | G35: 3 TRIMESTRE | H35: 8 | I35: =IFERROR(__xludf.DUMMYFUNCTION("IF(F35="""","""",LET( nombre, TRIM(F35), primer, REGEXEXTRACT(nombre, ""^\S+""), resto, TRIM(REGEXREPLACE(nombre, ""^\S+\s*"", """")), iniciales, IF( resto="""", """", TEXTJOIN("""",1,ARRAYFORMULA(LEFT(SPLIT(resto,"" ""),1) & ""."")) "&" ), UPPER(primer) & "" "" & UPPER(iniciales) ))"),"JUAN C.H.M.") -> JUAN C.H.M. | J35: =IFERROR(__xludf.DUMMYFUNCTION("IF(H35="""","""",IFERROR( IF(REGEXMATCH(E35,""VELOCIDAD""), IF(H35>=MAX(INDEX(BAREMOS!G:Y,MATCH(1,(BAREMOS!A:A=A35)*(BAREMOS!B:B=B35)*(BAREMOS!C:C=C35)*(BAREMOS!D:D=E35),0),0)),1, IF(H35<=MIN(INDEX(BAREMOS!G:Y,MATCH(1,(BAREMOS!A:A=A35)*(BAREMOS!B"&":B=B35)*(BAREMOS!C:C=C35)*(BAREMOS!D:D=E35),0),0)),19, MATCH(H35,INDEX(BAREMOS!G:Y,MATCH(1,(BAREMOS!A:A=A35)*(BAREMOS!B:B=B35)*(BAREMOS!C:C=C35)*(BAREMOS!D:D=E35),0),0),-1) ) ), IF(H35<=MIN(INDEX(BAREMOS!G:Y,MATCH(1,(BAREMOS!A:A=A35)*"&"(BAREMOS!B:B=B35)*(BAREMOS!C:C=C35)*(BAREMOS!D:D=E35),0),0)),1, IF(H35>=MAX(INDEX(BAREMOS!G:Y,MATCH(1,(BAREMOS!A:A=A35)*(BAREMOS!B:B=B35)*(BAREMOS!C:C=C35)*(BAREMOS!D:D=E35),0),0)),19, MATCH(H35,INDEX(BAREMOS!G:Y,MATCH(1,(BAREMOS!A:A=A35)*("&"BAREMOS!B:B=B35)*(BAREMOS!C:C=C35)*(BAREMOS!D:D=E35),0),0),1) ) ) ) ,"""")) "),1.0) -> 1 | K35: =IF(J35="","",INDEX(SEQUENCE(1,19,1,0.5),1,J35)) -> 1
A36: {=IF(D36="","",IFERROR(INDEX(CONFIGURACION!C:C,MATCH(D36,CONFIGURACION!E:E,0)),""))} -> BCH | B36: {=IF(D36="","",IFERROR(INDEX(CONFIGURACION!D:D,MATCH(D36,CONFIGURACION!E:E,0)),""))} -> 1 | C36: MASCULINO | D36: B1 | E36: VELOCIDAD | F36: Juan Carlos Huizar Moreno | G36: 3 TRIMESTRE | H36: 9 | I36: =IFERROR(__xludf.DUMMYFUNCTION("IF(F36="""","""",LET( nombre, TRIM(F36), primer, REGEXEXTRACT(nombre, ""^\S+""), resto, TRIM(REGEXREPLACE(nombre, ""^\S+\s*"", """")), iniciales, IF( resto="""", """", TEXTJOIN("""",1,ARRAYFORMULA(LEFT(SPLIT(resto,"" ""),1) & ""."")) "&" ), UPPER(primer) & "" "" & UPPER(iniciales) ))"),"JUAN C.H.M.") -> JUAN C.H.M. | J36: =IFERROR(__xludf.DUMMYFUNCTION("IF(H36="""","""",IFERROR( IF(REGEXMATCH(E36,""VELOCIDAD""), IF(H36>=MAX(INDEX(BAREMOS!G:Y,MATCH(1,(BAREMOS!A:A=A36)*(BAREMOS!B:B=B36)*(BAREMOS!C:C=C36)*(BAREMOS!D:D=E36),0),0)),1, IF(H36<=MIN(INDEX(BAREMOS!G:Y,MATCH(1,(BAREMOS!A:A=A36)*(BAREMOS!B"&":B=B36)*(BAREMOS!C:C=C36)*(BAREMOS!D:D=E36),0),0)),19, MATCH(H36,INDEX(BAREMOS!G:Y,MATCH(1,(BAREMOS!A:A=A36)*(BAREMOS!B:B=B36)*(BAREMOS!C:C=C36)*(BAREMOS!D:D=E36),0),0),-1) ) ), IF(H36<=MIN(INDEX(BAREMOS!G:Y,MATCH(1,(BAREMOS!A:A=A36)*"&"(BAREMOS!B:B=B36)*(BAREMOS!C:C=C36)*(BAREMOS!D:D=E36),0),0)),1, IF(H36>=MAX(INDEX(BAREMOS!G:Y,MATCH(1,(BAREMOS!A:A=A36)*(BAREMOS!B:B=B36)*(BAREMOS!C:C=C36)*(BAREMOS!D:D=E36),0),0)),19, MATCH(H36,INDEX(BAREMOS!G:Y,MATCH(1,(BAREMOS!A:A=A36)*("&"BAREMOS!B:B=B36)*(BAREMOS!C:C=C36)*(BAREMOS!D:D=E36),0),0),1) ) ) ) ,"""")) "),19.0) -> 19 | K36: =IF(J36="","",INDEX(SEQUENCE(1,19,1,0.5),1,J36)) -> 10
A37: {=IF(D37="","",IFERROR(INDEX(CONFIGURACION!C:C,MATCH(D37,CONFIGURACION!E:E,0)),""))} -> BCH | B37: {=IF(D37="","",IFERROR(INDEX(CONFIGURACION!D:D,MATCH(D37,CONFIGURACION!E:E,0)),""))} -> 1 | C37: MASCULINO | D37: B1 | E37: INTESIDAD FISICA | F37: Juan Carlos Huizar Moreno | G37: 3 TRIMESTRE | H37: 10 | I37: =IFERROR(__xludf.DUMMYFUNCTION("IF(F37="""","""",LET( nombre, TRIM(F37), primer, REGEXEXTRACT(nombre, ""^\S+""), resto, TRIM(REGEXREPLACE(nombre, ""^\S+\s*"", """")), iniciales, IF( resto="""", """", TEXTJOIN("""",1,ARRAYFORMULA(LEFT(SPLIT(resto,"" ""),1) & ""."")) "&" ), UPPER(primer) & "" "" & UPPER(iniciales) ))"),"JUAN C.H.M.") -> JUAN C.H.M. | J37: =IFERROR(__xludf.DUMMYFUNCTION("IF(H37="""","""",IFERROR( IF(REGEXMATCH(E37,""VELOCIDAD""), IF(H37>=MAX(INDEX(BAREMOS!G:Y,MATCH(1,(BAREMOS!A:A=A37)*(BAREMOS!B:B=B37)*(BAREMOS!C:C=C37)*(BAREMOS!D:D=E37),0),0)),1, IF(H37<=MIN(INDEX(BAREMOS!G:Y,MATCH(1,(BAREMOS!A:A=A37)*(BAREMOS!B"&":B=B37)*(BAREMOS!C:C=C37)*(BAREMOS!D:D=E37),0),0)),19, MATCH(H37,INDEX(BAREMOS!G:Y,MATCH(1,(BAREMOS!A:A=A37)*(BAREMOS!B:B=B37)*(BAREMOS!C:C=C37)*(BAREMOS!D:D=E37),0),0),-1) ) ), IF(H37<=MIN(INDEX(BAREMOS!G:Y,MATCH(1,(BAREMOS!A:A=A37)*"&"(BAREMOS!B:B=B37)*(BAREMOS!C:C=C37)*(BAREMOS!D:D=E37),0),0)),1, IF(H37>=MAX(INDEX(BAREMOS!G:Y,MATCH(1,(BAREMOS!A:A=A37)*(BAREMOS!B:B=B37)*(BAREMOS!C:C=C37)*(BAREMOS!D:D=E37),0),0)),19, MATCH(H37,INDEX(BAREMOS!G:Y,MATCH(1,(BAREMOS!A:A=A37)*("&"BAREMOS!B:B=B37)*(BAREMOS!C:C=C37)*(BAREMOS!D:D=E37),0),0),1) ) ) ) ,"""")) "),"") | K37: =IF(J37="","",INDEX(SEQUENCE(1,19,1,0.5),1,J37))
A38: {=IF(D38="","",IFERROR(INDEX(CONFIGURACION!C:C,MATCH(D38,CONFIGURACION!E:E,0)),""))} -> BCH | B38: {=IF(D38="","",IFERROR(INDEX(CONFIGURACION!D:D,MATCH(D38,CONFIGURACION!E:E,0)),""))} -> 1 | C38: MASCULINO | D38: B1 | E38: S. HORIZONTAL | F38: Gerardo Huizar Castro | G38: 3 TRIMESTRE | H38: 9 | I38: =IFERROR(__xludf.DUMMYFUNCTION("IF(F38="""","""",LET( nombre, TRIM(F38), primer, REGEXEXTRACT(nombre, ""^\S+""), resto, TRIM(REGEXREPLACE(nombre, ""^\S+\s*"", """")), iniciales, IF( resto="""", """", TEXTJOIN("""",1,ARRAYFORMULA(LEFT(SPLIT(resto,"" ""),1) & ""."")) "&" ), UPPER(primer) & "" "" & UPPER(iniciales) ))"),"GERARDO H.C.") -> GERARDO H.C. | J38: =IFERROR(__xludf.DUMMYFUNCTION("IF(H38="""","""",IFERROR( IF(REGEXMATCH(E38,""VELOCIDAD""), IF(H38>=MAX(INDEX(BAREMOS!G:Y,MATCH(1,(BAREMOS!A:A=A38)*(BAREMOS!B:B=B38)*(BAREMOS!C:C=C38)*(BAREMOS!D:D=E38),0),0)),1, IF(H38<=MIN(INDEX(BAREMOS!G:Y,MATCH(1,(BAREMOS!A:A=A38)*(BAREMOS!B"&":B=B38)*(BAREMOS!C:C=C38)*(BAREMOS!D:D=E38),0),0)),19, MATCH(H38,INDEX(BAREMOS!G:Y,MATCH(1,(BAREMOS!A:A=A38)*(BAREMOS!B:B=B38)*(BAREMOS!C:C=C38)*(BAREMOS!D:D=E38),0),0),-1) ) ), IF(H38<=MIN(INDEX(BAREMOS!G:Y,MATCH(1,(BAREMOS!A:A=A38)*"&"(BAREMOS!B:B=B38)*(BAREMOS!C:C=C38)*(BAREMOS!D:D=E38),0),0)),1, IF(H38>=MAX(INDEX(BAREMOS!G:Y,MATCH(1,(BAREMOS!A:A=A38)*(BAREMOS!B:B=B38)*(BAREMOS!C:C=C38)*(BAREMOS!D:D=E38),0),0)),19, MATCH(H38,INDEX(BAREMOS!G:Y,MATCH(1,(BAREMOS!A:A=A38)*("&"BAREMOS!B:B=B38)*(BAREMOS!C:C=C38)*(BAREMOS!D:D=E38),0),0),1) ) ) ) ,"""")) "),1.0) -> 1 | K38: =IF(J38="","",INDEX(SEQUENCE(1,19,1,0.5),1,J38)) -> 1
A39: {=IF(D39="","",IFERROR(INDEX(CONFIGURACION!C:C,MATCH(D39,CONFIGURACION!E:E,0)),""))} -> BCH | B39: {=IF(D39="","",IFERROR(INDEX(CONFIGURACION!D:D,MATCH(D39,CONFIGURACION!E:E,0)),""))} -> 1 | C39: MASCULINO | D39: B1 | E39: L. BALON | F39: Gerardo Huizar Castro | G39: 3 TRIMESTRE | H39: 8 | I39: =IFERROR(__xludf.DUMMYFUNCTION("IF(F39="""","""",LET( nombre, TRIM(F39), primer, REGEXEXTRACT(nombre, ""^\S+""), resto, TRIM(REGEXREPLACE(nombre, ""^\S+\s*"", """")), iniciales, IF( resto="""", """", TEXTJOIN("""",1,ARRAYFORMULA(LEFT(SPLIT(resto,"" ""),1) & ""."")) "&" ), UPPER(primer) & "" "" & UPPER(iniciales) ))"),"GERARDO H.C.") -> GERARDO H.C. | J39: =IFERROR(__xludf.DUMMYFUNCTION("IF(H39="""","""",IFERROR( IF(REGEXMATCH(E39,""VELOCIDAD""), IF(H39>=MAX(INDEX(BAREMOS!G:Y,MATCH(1,(BAREMOS!A:A=A39)*(BAREMOS!B:B=B39)*(BAREMOS!C:C=C39)*(BAREMOS!D:D=E39),0),0)),1, IF(H39<=MIN(INDEX(BAREMOS!G:Y,MATCH(1,(BAREMOS!A:A=A39)*(BAREMOS!B"&":B=B39)*(BAREMOS!C:C=C39)*(BAREMOS!D:D=E39),0),0)),19, MATCH(H39,INDEX(BAREMOS!G:Y,MATCH(1,(BAREMOS!A:A=A39)*(BAREMOS!B:B=B39)*(BAREMOS!C:C=C39)*(BAREMOS!D:D=E39),0),0),-1) ) ), IF(H39<=MIN(INDEX(BAREMOS!G:Y,MATCH(1,(BAREMOS!A:A=A39)*"&"(BAREMOS!B:B=B39)*(BAREMOS!C:C=C39)*(BAREMOS!D:D=E39),0),0)),1, IF(H39>=MAX(INDEX(BAREMOS!G:Y,MATCH(1,(BAREMOS!A:A=A39)*(BAREMOS!B:B=B39)*(BAREMOS!C:C=C39)*(BAREMOS!D:D=E39),0),0)),19, MATCH(H39,INDEX(BAREMOS!G:Y,MATCH(1,(BAREMOS!A:A=A39)*("&"BAREMOS!B:B=B39)*(BAREMOS!C:C=C39)*(BAREMOS!D:D=E39),0),0),1) ) ) ) ,"""")) "),11.0) -> 11 | K39: =IF(J39="","",INDEX(SEQUENCE(1,19,1,0.5),1,J39)) -> 6
A40: {=IF(D40="","",IFERROR(INDEX(CONFIGURACION!C:C,MATCH(D40,CONFIGURACION!E:E,0)),""))} -> BCH | B40: {=IF(D40="","",IFERROR(INDEX(CONFIGURACION!D:D,MATCH(D40,CONFIGURACION!E:E,0)),""))} -> 1 | C40: MASCULINO | D40: B1 | E40: ABDOMINALES | F40: Gerardo Huizar Castro | G40: 3 TRIMESTRE | H40: 7 | I40: =IFERROR(__xludf.DUMMYFUNCTION("IF(F40="""","""",LET( nombre, TRIM(F40), primer, REGEXEXTRACT(nombre, ""^\S+""), resto, TRIM(REGEXREPLACE(nombre, ""^\S+\s*"", """")), iniciales, IF( resto="""", """", TEXTJOIN("""",1,ARRAYFORMULA(LEFT(SPLIT(resto,"" ""),1) & ""."")) "&" ), UPPER(primer) & "" "" & UPPER(iniciales) ))"),"GERARDO H.C.") -> GERARDO H.C. | J40: =IFERROR(__xludf.DUMMYFUNCTION("IF(H40="""","""",IFERROR( IF(REGEXMATCH(E40,""VELOCIDAD""), IF(H40>=MAX(INDEX(BAREMOS!G:Y,MATCH(1,(BAREMOS!A:A=A40)*(BAREMOS!B:B=B40)*(BAREMOS!C:C=C40)*(BAREMOS!D:D=E40),0),0)),1, IF(H40<=MIN(INDEX(BAREMOS!G:Y,MATCH(1,(BAREMOS!A:A=A40)*(BAREMOS!B"&":B=B40)*(BAREMOS!C:C=C40)*(BAREMOS!D:D=E40),0),0)),19, MATCH(H40,INDEX(BAREMOS!G:Y,MATCH(1,(BAREMOS!A:A=A40)*(BAREMOS!B:B=B40)*(BAREMOS!C:C=C40)*(BAREMOS!D:D=E40),0),0),-1) ) ), IF(H40<=MIN(INDEX(BAREMOS!G:Y,MATCH(1,(BAREMOS!A:A=A40)*"&"(BAREMOS!B:B=B40)*(BAREMOS!C:C=C40)*(BAREMOS!D:D=E40),0),0)),1, IF(H40>=MAX(INDEX(BAREMOS!G:Y,MATCH(1,(BAREMOS!A:A=A40)*(BAREMOS!B:B=B40)*(BAREMOS!C:C=C40)*(BAREMOS!D:D=E40),0),0)),19, MATCH(H40,INDEX(BAREMOS!G:Y,MATCH(1,(BAREMOS!A:A=A40)*("&"BAREMOS!B:B=B40)*(BAREMOS!C:C=C40)*(BAREMOS!D:D=E40),0),0),1) ) ) ) ,"""")) "),1.0) -> 1 | K40: =IF(J40="","",INDEX(SEQUENCE(1,19,1,0.5),1,J40)) -> 1
A41: {=IF(D41="","",IFERROR(INDEX(CONFIGURACION!C:C,MATCH(D41,CONFIGURACION!E:E,0)),""))} -> BCH | B41: {=IF(D41="","",IFERROR(INDEX(CONFIGURACION!D:D,MATCH(D41,CONFIGURACION!E:E,0)),""))} -> 1 | C41: MASCULINO | D41: B1 | E41: FLEXIBILIDAD | F41: Gerardo Huizar Castro | G41: 3 TRIMESTRE | H41: 6 | I41: =IFERROR(__xludf.DUMMYFUNCTION("IF(F41="""","""",LET( nombre, TRIM(F41), primer, REGEXEXTRACT(nombre, ""^\S+""), resto, TRIM(REGEXREPLACE(nombre, ""^\S+\s*"", """")), iniciales, IF( resto="""", """", TEXTJOIN("""",1,ARRAYFORMULA(LEFT(SPLIT(resto,"" ""),1) & ""."")) "&" ), UPPER(primer) & "" "" & UPPER(iniciales) ))"),"GERARDO H.C.") -> GERARDO H.C. | J41: =IFERROR(__xludf.DUMMYFUNCTION("IF(H41="""","""",IFERROR( IF(REGEXMATCH(E41,""VELOCIDAD""), IF(H41>=MAX(INDEX(BAREMOS!G:Y,MATCH(1,(BAREMOS!A:A=A41)*(BAREMOS!B:B=B41)*(BAREMOS!C:C=C41)*(BAREMOS!D:D=E41),0),0)),1, IF(H41<=MIN(INDEX(BAREMOS!G:Y,MATCH(1,(BAREMOS!A:A=A41)*(BAREMOS!B"&":B=B41)*(BAREMOS!C:C=C41)*(BAREMOS!D:D=E41),0),0)),19, MATCH(H41,INDEX(BAREMOS!G:Y,MATCH(1,(BAREMOS!A:A=A41)*(BAREMOS!B:B=B41)*(BAREMOS!C:C=C41)*(BAREMOS!D:D=E41),0),0),-1) ) ), IF(H41<=MIN(INDEX(BAREMOS!G:Y,MATCH(1,(BAREMOS!A:A=A41)*"&"(BAREMOS!B:B=B41)*(BAREMOS!C:C=C41)*(BAREMOS!D:D=E41),0),0)),1, IF(H41>=MAX(INDEX(BAREMOS!G:Y,MATCH(1,(BAREMOS!A:A=A41)*(BAREMOS!B:B=B41)*(BAREMOS!C:C=C41)*(BAREMOS!D:D=E41),0),0)),19, MATCH(H41,INDEX(BAREMOS!G:Y,MATCH(1,(BAREMOS!A:A=A41)*("&"BAREMOS!B:B=B41)*(BAREMOS!C:C=C41)*(BAREMOS!D:D=E41),0),0),1) ) ) ) ,"""")) "),1.0) -> 1 | K41: =IF(J41="","",INDEX(SEQUENCE(1,19,1,0.5),1,J41)) -> 1
A42: {=IF(D42="","",IFERROR(INDEX(CONFIGURACION!C:C,MATCH(D42,CONFIGURACION!E:E,0)),""))} -> BCH | B42: {=IF(D42="","",IFERROR(INDEX(CONFIGURACION!D:D,MATCH(D42,CONFIGURACION!E:E,0)),""))} -> 1 | C42: MASCULINO | D42: B1 | E42: S. VERTICAL | F42: Gerardo Huizar Castro | G42: 3 TRIMESTRE | H42: 5 | I42: =IFERROR(__xludf.DUMMYFUNCTION("IF(F42="""","""",LET( nombre, TRIM(F42), primer, REGEXEXTRACT(nombre, ""^\S+""), resto, TRIM(REGEXREPLACE(nombre, ""^\S+\s*"", """")), iniciales, IF( resto="""", """", TEXTJOIN("""",1,ARRAYFORMULA(LEFT(SPLIT(resto,"" ""),1) & ""."")) "&" ), UPPER(primer) & "" "" & UPPER(iniciales) ))"),"GERARDO H.C.") -> GERARDO H.C. | J42: =IFERROR(__xludf.DUMMYFUNCTION("IF(H42="""","""",IFERROR( IF(REGEXMATCH(E42,""VELOCIDAD""), IF(H42>=MAX(INDEX(BAREMOS!G:Y,MATCH(1,(BAREMOS!A:A=A42)*(BAREMOS!B:B=B42)*(BAREMOS!C:C=C42)*(BAREMOS!D:D=E42),0),0)),1, IF(H42<=MIN(INDEX(BAREMOS!G:Y,MATCH(1,(BAREMOS!A:A=A42)*(BAREMOS!B"&":B=B42)*(BAREMOS!C:C=C42)*(BAREMOS!D:D=E42),0),0)),19, MATCH(H42,INDEX(BAREMOS!G:Y,MATCH(1,(BAREMOS!A:A=A42)*(BAREMOS!B:B=B42)*(BAREMOS!C:C=C42)*(BAREMOS!D:D=E42),0),0),-1) ) ), IF(H42<=MIN(INDEX(BAREMOS!G:Y,MATCH(1,(BAREMOS!A:A=A42)*"&"(BAREMOS!B:B=B42)*(BAREMOS!C:C=C42)*(BAREMOS!D:D=E42),0),0)),1, IF(H42>=MAX(INDEX(BAREMOS!G:Y,MATCH(1,(BAREMOS!A:A=A42)*(BAREMOS!B:B=B42)*(BAREMOS!C:C=C42)*(BAREMOS!D:D=E42),0),0)),19, MATCH(H42,INDEX(BAREMOS!G:Y,MATCH(1,(BAREMOS!A:A=A42)*("&"BAREMOS!B:B=B42)*(BAREMOS!C:C=C42)*(BAREMOS!D:D=E42),0),0),1) ) ) ) ,"""")) "),1.0) -> 1 | K42: =IF(J42="","",INDEX(SEQUENCE(1,19,1,0.5),1,J42)) -> 1
A43: {=IF(D43="","",IFERROR(INDEX(CONFIGURACION!C:C,MATCH(D43,CONFIGURACION!E:E,0)),""))} -> BCH | B43: {=IF(D43="","",IFERROR(INDEX(CONFIGURACION!D:D,MATCH(D43,CONFIGURACION!E:E,0)),""))} -> 1 | C43: MASCULINO | D43: B1 | E43: COOPER | F43: Gerardo Huizar Castro | G43: 3 TRIMESTRE | H43: 4 | I43: =IFERROR(__xludf.DUMMYFUNCTION("IF(F43="""","""",LET( nombre, TRIM(F43), primer, REGEXEXTRACT(nombre, ""^\S+""), resto, TRIM(REGEXREPLACE(nombre, ""^\S+\s*"", """")), iniciales, IF( resto="""", """", TEXTJOIN("""",1,ARRAYFORMULA(LEFT(SPLIT(resto,"" ""),1) & ""."")) "&" ), UPPER(primer) & "" "" & UPPER(iniciales) ))"),"GERARDO H.C.") -> GERARDO H.C. | J43: =IFERROR(__xludf.DUMMYFUNCTION("IF(H43="""","""",IFERROR( IF(REGEXMATCH(E43,""VELOCIDAD""), IF(H43>=MAX(INDEX(BAREMOS!G:Y,MATCH(1,(BAREMOS!A:A=A43)*(BAREMOS!B:B=B43)*(BAREMOS!C:C=C43)*(BAREMOS!D:D=E43),0),0)),1, IF(H43<=MIN(INDEX(BAREMOS!G:Y,MATCH(1,(BAREMOS!A:A=A43)*(BAREMOS!B"&":B=B43)*(BAREMOS!C:C=C43)*(BAREMOS!D:D=E43),0),0)),19, MATCH(H43,INDEX(BAREMOS!G:Y,MATCH(1,(BAREMOS!A:A=A43)*(BAREMOS!B:B=B43)*(BAREMOS!C:C=C43)*(BAREMOS!D:D=E43),0),0),-1) ) ), IF(H43<=MIN(INDEX(BAREMOS!G:Y,MATCH(1,(BAREMOS!A:A=A43)*"&"(BAREMOS!B:B=B43)*(BAREMOS!C:C=C43)*(BAREMOS!D:D=E43),0),0)),1, IF(H43>=MAX(INDEX(BAREMOS!G:Y,MATCH(1,(BAREMOS!A:A=A43)*(BAREMOS!B:B=B43)*(BAREMOS!C:C=C43)*(BAREMOS!D:D=E43),0),0)),19, MATCH(H43,INDEX(BAREMOS!G:Y,MATCH(1,(BAREMOS!A:A=A43)*("&"BAREMOS!B:B=B43)*(BAREMOS!C:C=C43)*(BAREMOS!D:D=E43),0),0),1) ) ) ) ,"""")) "),1.0) -> 1 | K43: =IF(J43="","",INDEX(SEQUENCE(1,19,1,0.5),1,J43)) -> 1
A44: {=IF(D44="","",IFERROR(INDEX(CONFIGURACION!C:C,MATCH(D44,CONFIGURACION!E:E,0)),""))} -> BCH | B44: {=IF(D44="","",IFERROR(INDEX(CONFIGURACION!D:D,MATCH(D44,CONFIGURACION!E:E,0)),""))} -> 1 | C44: MASCULINO | D44: B1 | E44: VELOCIDAD | F44: Gerardo Huizar Castro | G44: 3 TRIMESTRE | H44: 3 | I44: =IFERROR(__xludf.DUMMYFUNCTION("IF(F44="""","""",LET( nombre, TRIM(F44), primer, REGEXEXTRACT(nombre, ""^\S+""), resto, TRIM(REGEXREPLACE(nombre, ""^\S+\s*"", """")), iniciales, IF( resto="""", """", TEXTJOIN("""",1,ARRAYFORMULA(LEFT(SPLIT(resto,"" ""),1) & ""."")) "&" ), UPPER(primer) & "" "" & UPPER(iniciales) ))"),"GERARDO H.C.") -> GERARDO H.C. | J44: =IFERROR(__xludf.DUMMYFUNCTION("IF(H44="""","""",IFERROR( IF(REGEXMATCH(E44,""VELOCIDAD""), IF(H44>=MAX(INDEX(BAREMOS!G:Y,MATCH(1,(BAREMOS!A:A=A44)*(BAREMOS!B:B=B44)*(BAREMOS!C:C=C44)*(BAREMOS!D:D=E44),0),0)),1, IF(H44<=MIN(INDEX(BAREMOS!G:Y,MATCH(1,(BAREMOS!A:A=A44)*(BAREMOS!B"&":B=B44)*(BAREMOS!C:C=C44)*(BAREMOS!D:D=E44),0),0)),19, MATCH(H44,INDEX(BAREMOS!G:Y,MATCH(1,(BAREMOS!A:A=A44)*(BAREMOS!B:B=B44)*(BAREMOS!C:C=C44)*(BAREMOS!D:D=E44),0),0),-1) ) ), IF(H44<=MIN(INDEX(BAREMOS!G:Y,MATCH(1,(BAREMOS!A:A=A44)*"&"(BAREMOS!B:B=B44)*(BAREMOS!C:C=C44)*(BAREMOS!D:D=E44),0),0)),1, IF(H44>=MAX(INDEX(BAREMOS!G:Y,MATCH(1,(BAREMOS!A:A=A44)*(BAREMOS!B:B=B44)*(BAREMOS!C:C=C44)*(BAREMOS!D:D=E44),0),0)),19, MATCH(H44,INDEX(BAREMOS!G:Y,MATCH(1,(BAREMOS!A:A=A44)*("&"BAREMOS!B:B=B44)*(BAREMOS!C:C=C44)*(BAREMOS!D:D=E44),0),0),1) ) ) ) ,"""")) "),19.0) -> 19 | K44: =IF(J44="","",INDEX(SEQUENCE(1,19,1,0.5),1,J44)) -> 10
A45: {=IF(D45="","",IFERROR(INDEX(CONFIGURACION!C:C,MATCH(D45,CONFIGURACION!E:E,0)),""))} -> BCH | B45: {=IF(D45="","",IFERROR(INDEX(CONFIGURACION!D:D,MATCH(D45,CONFIGURACION!E:E,0)),""))} -> 1 | C45: MASCULINO | D45: B1 | E45: INTESIDAD FISICA | F45: Gerardo Huizar Castro | G45: 3 TRIMESTRE | H45: 2 | I45: =IFERROR(__xludf.DUMMYFUNCTION("IF(F45="""","""",LET( nombre, TRIM(F45), primer, REGEXEXTRACT(nombre, ""^\S+""), resto, TRIM(REGEXREPLACE(nombre, ""^\S+\s*"", """")), iniciales, IF( resto="""", """", TEXTJOIN("""",1,ARRAYFORMULA(LEFT(SPLIT(resto,"" ""),1) & ""."")) "&" ), UPPER(primer) & "" "" & UPPER(iniciales) ))"),"GERARDO H.C.") -> GERARDO H.C. | J45: =IFERROR(__xludf.DUMMYFUNCTION("IF(H45="""","""",IFERROR( IF(REGEXMATCH(E45,""VELOCIDAD""), IF(H45>=MAX(INDEX(BAREMOS!G:Y,MATCH(1,(BAREMOS!A:A=A45)*(BAREMOS!B:B=B45)*(BAREMOS!C:C=C45)*(BAREMOS!D:D=E45),0),0)),1, IF(H45<=MIN(INDEX(BAREMOS!G:Y,MATCH(1,(BAREMOS!A:A=A45)*(BAREMOS!B"&":B=B45)*(BAREMOS!C:C=C45)*(BAREMOS!D:D=E45),0),0)),19, MATCH(H45,INDEX(BAREMOS!G:Y,MATCH(1,(BAREMOS!A:A=A45)*(BAREMOS!B:B=B45)*(BAREMOS!C:C=C45)*(BAREMOS!D:D=E45),0),0),-1) ) ), IF(H45<=MIN(INDEX(BAREMOS!G:Y,MATCH(1,(BAREMOS!A:A=A45)*"&"(BAREMOS!B:B=B45)*(BAREMOS!C:C=C45)*(BAREMOS!D:D=E45),0),0)),1, IF(H45>=MAX(INDEX(BAREMOS!G:Y,MATCH(1,(BAREMOS!A:A=A45)*(BAREMOS!B:B=B45)*(BAREMOS!C:C=C45)*(BAREMOS!D:D=E45),0),0)),19, MATCH(H45,INDEX(BAREMOS!G:Y,MATCH(1,(BAREMOS!A:A=A45)*("&"BAREMOS!B:B=B45)*(BAREMOS!C:C=C45)*(BAREMOS!D:D=E45),0),0),1) ) ) ) ,"""")) "),"") | K45: =IF(J45="","",INDEX(SEQUENCE(1,19,1,0.5),1,J45))
A46: {=IF(D46="","",IFERROR(INDEX(CONFIGURACION!C:C,MATCH(D46,CONFIGURACION!E:E,0)),""))} -> BCH | B46: {=IF(D46="","",IFERROR(INDEX(CONFIGURACION!D:D,MATCH(D46,CONFIGURACION!E:E,0)),""))} -> 1 | C46: MASCULINO | D46: B1 | E46: S. HORIZONTAL | F46: Gerardo Huizar Castro | G46: 2 TRIMESTRE | H46: 78 | I46: =IFERROR(__xludf.DUMMYFUNCTION("IF(F46="""","""",LET( nombre, TRIM(F46), primer, REGEXEXTRACT(nombre, ""^\S+""), resto, TRIM(REGEXREPLACE(nombre, ""^\S+\s*"", """")), iniciales, IF( resto="""", """", TEXTJOIN("""",1,ARRAYFORMULA(LEFT(SPLIT(resto,"" ""),1) & ""."")) "&" ), UPPER(primer) & "" "" & UPPER(iniciales) ))"),"GERARDO H.C.") -> GERARDO H.C. | J46: =IFERROR(__xludf.DUMMYFUNCTION("IF(H46="""","""",IFERROR( IF(REGEXMATCH(E46,""VELOCIDAD""), IF(H46>=MAX(INDEX(BAREMOS!G:Y,MATCH(1,(BAREMOS!A:A=A46)*(BAREMOS!B:B=B46)*(BAREMOS!C:C=C46)*(BAREMOS!D:D=E46),0),0)),1, IF(H46<=MIN(INDEX(BAREMOS!G:Y,MATCH(1,(BAREMOS!A:A=A46)*(BAREMOS!B"&":B=B46)*(BAREMOS!C:C=C46)*(BAREMOS!D:D=E46),0),0)),19, MATCH(H46,INDEX(BAREMOS!G:Y,MATCH(1,(BAREMOS!A:A=A46)*(BAREMOS!B:B=B46)*(BAREMOS!C:C=C46)*(BAREMOS!D:D=E46),0),0),-1) ) ), IF(H46<=MIN(INDEX(BAREMOS!G:Y,MATCH(1,(BAREMOS!A:A=A46)*"&"(BAREMOS!B:B=B46)*(BAREMOS!C:C=C46)*(BAREMOS!D:D=E46),0),0)),1, IF(H46>=MAX(INDEX(BAREMOS!G:Y,MATCH(1,(BAREMOS!A:A=A46)*(BAREMOS!B:B=B46)*(BAREMOS!C:C=C46)*(BAREMOS!D:D=E46),0),0)),19, MATCH(H46,INDEX(BAREMOS!G:Y,MATCH(1,(BAREMOS!A:A=A46)*("&"BAREMOS!B:B=B46)*(BAREMOS!C:C=C46)*(BAREMOS!D:D=E46),0),0),1) ) ) ) ,"""")) "),1.0) -> 1 | K46: =IF(J46="","",INDEX(SEQUENCE(1,19,1,0.5),1,J46)) -> 1
A47: {=IF(D47="","",IFERROR(INDEX(CONFIGURACION!C:C,MATCH(D47,CONFIGURACION!E:E,0)),""))} -> BCH | B47: {=IF(D47="","",IFERROR(INDEX(CONFIGURACION!D:D,MATCH(D47,CONFIGURACION!E:E,0)),""))} -> 1 | C47: MASCULINO | D47: B1 | E47: L. BALON | F47: Gerardo Huizar Castro | G47: 2 TRIMESTRE | H47: 45 | I47: =IFERROR(__xludf.DUMMYFUNCTION("IF(F47="""","""",LET( nombre, TRIM(F47), primer, REGEXEXTRACT(nombre, ""^\S+""), resto, TRIM(REGEXREPLACE(nombre, ""^\S+\s*"", """")), iniciales, IF( resto="""", """", TEXTJOIN("""",1,ARRAYFORMULA(LEFT(SPLIT(resto,"" ""),1) & ""."")) "&" ), UPPER(primer) & "" "" & UPPER(iniciales) ))"),"GERARDO H.C.") -> GERARDO H.C. | J47: =IFERROR(__xludf.DUMMYFUNCTION("IF(H47="""","""",IFERROR( IF(REGEXMATCH(E47,""VELOCIDAD""), IF(H47>=MAX(INDEX(BAREMOS!G:Y,MATCH(1,(BAREMOS!A:A=A47)*(BAREMOS!B:B=B47)*(BAREMOS!C:C=C47)*(BAREMOS!D:D=E47),0),0)),1, IF(H47<=MIN(INDEX(BAREMOS!G:Y,MATCH(1,(BAREMOS!A:A=A47)*(BAREMOS!B"&":B=B47)*(BAREMOS!C:C=C47)*(BAREMOS!D:D=E47),0),0)),19, MATCH(H47,INDEX(BAREMOS!G:Y,MATCH(1,(BAREMOS!A:A=A47)*(BAREMOS!B:B=B47)*(BAREMOS!C:C=C47)*(BAREMOS!D:D=E47),0),0),-1) ) ), IF(H47<=MIN(INDEX(BAREMOS!G:Y,MATCH(1,(BAREMOS!A:A=A47)*"&"(BAREMOS!B:B=B47)*(BAREMOS!C:C=C47)*(BAREMOS!D:D=E47),0),0)),1, IF(H47>=MAX(INDEX(BAREMOS!G:Y,MATCH(1,(BAREMOS!A:A=A47)*(BAREMOS!B:B=B47)*(BAREMOS!C:C=C47)*(BAREMOS!D:D=E47),0),0)),19, MATCH(H47,INDEX(BAREMOS!G:Y,MATCH(1,(BAREMOS!A:A=A47)*("&"BAREMOS!B:B=B47)*(BAREMOS!C:C=C47)*(BAREMOS!D:D=E47),0),0),1) ) ) ) ,"""")) "),11.0) -> 11 | K47: =IF(J47="","",INDEX(SEQUENCE(1,19,1,0.5),1,J47)) -> 6
A48: {=IF(D48="","",IFERROR(INDEX(CONFIGURACION!C:C,MATCH(D48,CONFIGURACION!E:E,0)),""))} -> BCH | B48: {=IF(D48="","",IFERROR(INDEX(CONFIGURACION!D:D,MATCH(D48,CONFIGURACION!E:E,0)),""))} -> 1 | C48: MASCULINO | D48: B1 | E48: ABDOMINALES | F48: Gerardo Huizar Castro | G48: 2 TRIMESTRE | H48: 12 | I48: =IFERROR(__xludf.DUMMYFUNCTION("IF(F48="""","""",LET( nombre, TRIM(F48), primer, REGEXEXTRACT(nombre, ""^\S+""), resto, TRIM(REGEXREPLACE(nombre, ""^\S+\s*"", """")), iniciales, IF( resto="""", """", TEXTJOIN("""",1,ARRAYFORMULA(LEFT(SPLIT(resto,"" ""),1) & ""."")) "&" ), UPPER(primer) & "" "" & UPPER(iniciales) ))"),"GERARDO H.C.") -> GERARDO H.C. | J48: =IFERROR(__xludf.DUMMYFUNCTION("IF(H48="""","""",IFERROR( IF(REGEXMATCH(E48,""VELOCIDAD""), IF(H48>=MAX(INDEX(BAREMOS!G:Y,MATCH(1,(BAREMOS!A:A=A48)*(BAREMOS!B:B=B48)*(BAREMOS!C:C=C48)*(BAREMOS!D:D=E48),0),0)),1, IF(H48<=MIN(INDEX(BAREMOS!G:Y,MATCH(1,(BAREMOS!A:A=A48)*(BAREMOS!B"&":B=B48)*(BAREMOS!C:C=C48)*(BAREMOS!D:D=E48),0),0)),19, MATCH(H48,INDEX(BAREMOS!G:Y,MATCH(1,(BAREMOS!A:A=A48)*(BAREMOS!B:B=B48)*(BAREMOS!C:C=C48)*(BAREMOS!D:D=E48),0),0),-1) ) ), IF(H48<=MIN(INDEX(BAREMOS!G:Y,MATCH(1,(BAREMOS!A:A=A48)*"&"(BAREMOS!B:B=B48)*(BAREMOS!C:C=C48)*(BAREMOS!D:D=E48),0),0)),1, IF(H48>=MAX(INDEX(BAREMOS!G:Y,MATCH(1,(BAREMOS!A:A=A48)*(BAREMOS!B:B=B48)*(BAREMOS!C:C=C48)*(BAREMOS!D:D=E48),0),0)),19, MATCH(H48,INDEX(BAREMOS!G:Y,MATCH(1,(BAREMOS!A:A=A48)*("&"BAREMOS!B:B=B48)*(BAREMOS!C:C=C48)*(BAREMOS!D:D=E48),0),0),1) ) ) ) ,"""")) "),1.0) -> 1 | K48: =IF(J48="","",INDEX(SEQUENCE(1,19,1,0.5),1,J48)) -> 1
A49: {=IF(D49="","",IFERROR(INDEX(CONFIGURACION!C:C,MATCH(D49,CONFIGURACION!E:E,0)),""))} -> BCH | B49: {=IF(D49="","",IFERROR(INDEX(CONFIGURACION!D:D,MATCH(D49,CONFIGURACION!E:E,0)),""))} -> 1 | C49: MASCULINO | D49: B1 | E49: FLEXIBILIDAD | F49: Gerardo Huizar Castro | G49: 2 TRIMESTRE | H49: 98 | I49: =IFERROR(__xludf.DUMMYFUNCTION("IF(F49="""","""",LET( nombre, TRIM(F49), primer, REGEXEXTRACT(nombre, ""^\S+""), resto, TRIM(REGEXREPLACE(nombre, ""^\S+\s*"", """")), iniciales, IF( resto="""", """", TEXTJOIN("""",1,ARRAYFORMULA(LEFT(SPLIT(resto,"" ""),1) & ""."")) "&" ), UPPER(primer) & "" "" & UPPER(iniciales) ))"),"GERARDO H.C.") -> GERARDO H.C. | J49: =IFERROR(__xludf.DUMMYFUNCTION("IF(H49="""","""",IFERROR( IF(REGEXMATCH(E49,""VELOCIDAD""), IF(H49>=MAX(INDEX(BAREMOS!G:Y,MATCH(1,(BAREMOS!A:A=A49)*(BAREMOS!B:B=B49)*(BAREMOS!C:C=C49)*(BAREMOS!D:D=E49),0),0)),1, IF(H49<=MIN(INDEX(BAREMOS!G:Y,MATCH(1,(BAREMOS!A:A=A49)*(BAREMOS!B"&":B=B49)*(BAREMOS!C:C=C49)*(BAREMOS!D:D=E49),0),0)),19, MATCH(H49,INDEX(BAREMOS!G:Y,MATCH(1,(BAREMOS!A:A=A49)*(BAREMOS!B:B=B49)*(BAREMOS!C:C=C49)*(BAREMOS!D:D=E49),0),0),-1) ) ), IF(H49<=MIN(INDEX(BAREMOS!G:Y,MATCH(1,(BAREMOS!A:A=A49)*"&"(BAREMOS!B:B=B49)*(BAREMOS!C:C=C49)*(BAREMOS!D:D=E49),0),0)),1, IF(H49>=MAX(INDEX(BAREMOS!G:Y,MATCH(1,(BAREMOS!A:A=A49)*(BAREMOS!B:B=B49)*(BAREMOS!C:C=C49)*(BAREMOS!D:D=E49),0),0)),19, MATCH(H49,INDEX(BAREMOS!G:Y,MATCH(1,(BAREMOS!A:A=A49)*("&"BAREMOS!B:B=B49)*(BAREMOS!C:C=C49)*(BAREMOS!D:D=E49),0),0),1) ) ) ) ,"""")) "),19.0) -> 19 | K49: =IF(J49="","",INDEX(SEQUENCE(1,19,1,0.5),1,J49)) -> 10
A50: {=IF(D50="","",IFERROR(INDEX(CONFIGURACION!C:C,MATCH(D50,CONFIGURACION!E:E,0)),""))} -> BCH | B50: {=IF(D50="","",IFERROR(INDEX(CONFIGURACION!D:D,MATCH(D50,CONFIGURACION!E:E,0)),""))} -> 1 | C50: MASCULINO | D50: B1 | E50: S. VERTICAL | F50: Gerardo Huizar Castro | G50: 2 TRIMESTRE | H50: 32 | I50: =IFERROR(__xludf.DUMMYFUNCTION("IF(F50="""","""",LET( nombre, TRIM(F50), primer, REGEXEXTRACT(nombre, ""^\S+""), resto, TRIM(REGEXREPLACE(nombre, ""^\S+\s*"", """")), iniciales, IF( resto="""", """", TEXTJOIN("""",1,ARRAYFORMULA(LEFT(SPLIT(resto,"" ""),1) & ""."")) "&" ), UPPER(primer) & "" "" & UPPER(iniciales) ))"),"GERARDO H.C.") -> GERARDO H.C. | J50: =IFERROR(__xludf.DUMMYFUNCTION("IF(H50="""","""",IFERROR( IF(REGEXMATCH(E50,""VELOCIDAD""), IF(H50>=MAX(INDEX(BAREMOS!G:Y,MATCH(1,(BAREMOS!A:A=A50)*(BAREMOS!B:B=B50)*(BAREMOS!C:C=C50)*(BAREMOS!D:D=E50),0),0)),1, IF(H50<=MIN(INDEX(BAREMOS!G:Y,MATCH(1,(BAREMOS!A:A=A50)*(BAREMOS!B"&":B=B50)*(BAREMOS!C:C=C50)*(BAREMOS!D:D=E50),0),0)),19, MATCH(H50,INDEX(BAREMOS!G:Y,MATCH(1,(BAREMOS!A:A=A50)*(BAREMOS!B:B=B50)*(BAREMOS!C:C=C50)*(BAREMOS!D:D=E50),0),0),-1) ) ), IF(H50<=MIN(INDEX(BAREMOS!G:Y,MATCH(1,(BAREMOS!A:A=A50)*"&"(BAREMOS!B:B=B50)*(BAREMOS!C:C=C50)*(BAREMOS!D:D=E50),0),0)),1, IF(H50>=MAX(INDEX(BAREMOS!G:Y,MATCH(1,(BAREMOS!A:A=A50)*(BAREMOS!B:B=B50)*(BAREMOS!C:C=C50)*(BAREMOS!D:D=E50),0),0)),19, MATCH(H50,INDEX(BAREMOS!G:Y,MATCH(1,(BAREMOS!A:A=A50)*("&"BAREMOS!B:B=B50)*(BAREMOS!C:C=C50)*(BAREMOS!D:D=E50),0),0),1) ) ) ) ,"""")) "),1.0) -> 1 | K50: =IF(J50="","",INDEX(SEQUENCE(1,19,1,0.5),1,J50)) -> 1
A51: {=IF(D51="","",IFERROR(INDEX(CONFIGURACION!C:C,MATCH(D51,CONFIGURACION!E:E,0)),""))} -> BCH | B51: {=IF(D51="","",IFERROR(INDEX(CONFIGURACION!D:D,MATCH(D51,CONFIGURACION!E:E,0)),""))} -> 1 | C51: MASCULINO | D51: B1 | E51: COOPER | F51: Gerardo Huizar Castro | G51: 2 TRIMESTRE | H51: 32 | I51: =IFERROR(__xludf.DUMMYFUNCTION("IF(F51="""","""",LET( nombre, TRIM(F51), primer, REGEXEXTRACT(nombre, ""^\S+""), resto, TRIM(REGEXREPLACE(nombre, ""^\S+\s*"", """")), iniciales, IF( resto="""", """", TEXTJOIN("""",1,ARRAYFORMULA(LEFT(SPLIT(resto,"" ""),1) & ""."")) "&" ), UPPER(primer) & "" "" & UPPER(iniciales) ))"),"GERARDO H.C.") -> GERARDO H.C. | J51: =IFERROR(__xludf.DUMMYFUNCTION("IF(H51="""","""",IFERROR( IF(REGEXMATCH(E51,""VELOCIDAD""), IF(H51>=MAX(INDEX(BAREMOS!G:Y,MATCH(1,(BAREMOS!A:A=A51)*(BAREMOS!B:B=B51)*(BAREMOS!C:C=C51)*(BAREMOS!D:D=E51),0),0)),1, IF(H51<=MIN(INDEX(BAREMOS!G:Y,MATCH(1,(BAREMOS!A:A=A51)*(BAREMOS!B"&":B=B51)*(BAREMOS!C:C=C51)*(BAREMOS!D:D=E51),0),0)),19, MATCH(H51,INDEX(BAREMOS!G:Y,MATCH(1,(BAREMOS!A:A=A51)*(BAREMOS!B:B=B51)*(BAREMOS!C:C=C51)*(BAREMOS!D:D=E51),0),0),-1) ) ), IF(H51<=MIN(INDEX(BAREMOS!G:Y,MATCH(1,(BAREMOS!A:A=A51)*"&"(BAREMOS!B:B=B51)*(BAREMOS!C:C=C51)*(BAREMOS!D:D=E51),0),0)),1, IF(H51>=MAX(INDEX(BAREMOS!G:Y,MATCH(1,(BAREMOS!A:A=A51)*(BAREMOS!B:B=B51)*(BAREMOS!C:C=C51)*(BAREMOS!D:D=E51),0),0)),19, MATCH(H51,INDEX(BAREMOS!G:Y,MATCH(1,(BAREMOS!A:A=A51)*("&"BAREMOS!B:B=B51)*(BAREMOS!C:C=C51)*(BAREMOS!D:D=E51),0),0),1) ) ) ) ,"""")) "),1.0) -> 1 | K51: =IF(J51="","",INDEX(SEQUENCE(1,19,1,0.5),1,J51)) -> 1
A52: {=IF(D52="","",IFERROR(INDEX(CONFIGURACION!C:C,MATCH(D52,CONFIGURACION!E:E,0)),""))} -> BCH | B52: {=IF(D52="","",IFERROR(INDEX(CONFIGURACION!D:D,MATCH(D52,CONFIGURACION!E:E,0)),""))} -> 1 | C52: MASCULINO | D52: B1 | E52: VELOCIDAD | F52: Gerardo Huizar Castro | G52: 2 TRIMESTRE | H52: 65 | I52: =IFERROR(__xludf.DUMMYFUNCTION("IF(F52="""","""",LET( nombre, TRIM(F52), primer, REGEXEXTRACT(nombre, ""^\S+""), resto, TRIM(REGEXREPLACE(nombre, ""^\S+\s*"", """")), iniciales, IF( resto="""", """", TEXTJOIN("""",1,ARRAYFORMULA(LEFT(SPLIT(resto,"" ""),1) & ""."")) "&" ), UPPER(primer) & "" "" & UPPER(iniciales) ))"),"GERARDO H.C.") -> GERARDO H.C. | J52: =IFERROR(__xludf.DUMMYFUNCTION("IF(H52="""","""",IFERROR( IF(REGEXMATCH(E52,""VELOCIDAD""), IF(H52>=MAX(INDEX(BAREMOS!G:Y,MATCH(1,(BAREMOS!A:A=A52)*(BAREMOS!B:B=B52)*(BAREMOS!C:C=C52)*(BAREMOS!D:D=E52),0),0)),1, IF(H52<=MIN(INDEX(BAREMOS!G:Y,MATCH(1,(BAREMOS!A:A=A52)*(BAREMOS!B"&":B=B52)*(BAREMOS!C:C=C52)*(BAREMOS!D:D=E52),0),0)),19, MATCH(H52,INDEX(BAREMOS!G:Y,MATCH(1,(BAREMOS!A:A=A52)*(BAREMOS!B:B=B52)*(BAREMOS!C:C=C52)*(BAREMOS!D:D=E52),0),0),-1) ) ), IF(H52<=MIN(INDEX(BAREMOS!G:Y,MATCH(1,(BAREMOS!A:A=A52)*"&"(BAREMOS!B:B=B52)*(BAREMOS!C:C=C52)*(BAREMOS!D:D=E52),0),0)),1, IF(H52>=MAX(INDEX(BAREMOS!G:Y,MATCH(1,(BAREMOS!A:A=A52)*(BAREMOS!B:B=B52)*(BAREMOS!C:C=C52)*(BAREMOS!D:D=E52),0),0)),19, MATCH(H52,INDEX(BAREMOS!G:Y,MATCH(1,(BAREMOS!A:A=A52)*("&"BAREMOS!B:B=B52)*(BAREMOS!C:C=C52)*(BAREMOS!D:D=E52),0),0),1) ) ) ) ,"""")) "),19.0) -> 19 | K52: =IF(J52="","",INDEX(SEQUENCE(1,19,1,0.5),1,J52)) -> 10
A53: {=IF(D53="","",IFERROR(INDEX(CONFIGURACION!C:C,MATCH(D53,CONFIGURACION!E:E,0)),""))} -> BCH | B53: {=IF(D53="","",IFERROR(INDEX(CONFIGURACION!D:D,MATCH(D53,CONFIGURACION!E:E,0)),""))} -> 1 | C53: MASCULINO | D53: B1 | E53: INTESIDAD FISICA | F53: Gerardo Huizar Castro | G53: 2 TRIMESTRE | H53: 78 | I53: =IFERROR(__xludf.DUMMYFUNCTION("IF(F53="""","""",LET( nombre, TRIM(F53), primer, REGEXEXTRACT(nombre, ""^\S+""), resto, TRIM(REGEXREPLACE(nombre, ""^\S+\s*"", """")), iniciales, IF( resto="""", """", TEXTJOIN("""",1,ARRAYFORMULA(LEFT(SPLIT(resto,"" ""),1) & ""."")) "&" ), UPPER(primer) & "" "" & UPPER(iniciales) ))"),"GERARDO H.C.") -> GERARDO H.C. | J53: =IFERROR(__xludf.DUMMYFUNCTION("IF(H53="""","""",IFERROR( IF(REGEXMATCH(E53,""VELOCIDAD""), IF(H53>=MAX(INDEX(BAREMOS!G:Y,MATCH(1,(BAREMOS!A:A=A53)*(BAREMOS!B:B=B53)*(BAREMOS!C:C=C53)*(BAREMOS!D:D=E53),0),0)),1, IF(H53<=MIN(INDEX(BAREMOS!G:Y,MATCH(1,(BAREMOS!A:A=A53)*(BAREMOS!B"&":B=B53)*(BAREMOS!C:C=C53)*(BAREMOS!D:D=E53),0),0)),19, MATCH(H53,INDEX(BAREMOS!G:Y,MATCH(1,(BAREMOS!A:A=A53)*(BAREMOS!B:B=B53)*(BAREMOS!C:C=C53)*(BAREMOS!D:D=E53),0),0),-1) ) ), IF(H53<=MIN(INDEX(BAREMOS!G:Y,MATCH(1,(BAREMOS!A:A=A53)*"&"(BAREMOS!B:B=B53)*(BAREMOS!C:C=C53)*(BAREMOS!D:D=E53),0),0)),1, IF(H53>=MAX(INDEX(BAREMOS!G:Y,MATCH(1,(BAREMOS!A:A=A53)*(BAREMOS!B:B=B53)*(BAREMOS!C:C=C53)*(BAREMOS!D:D=E53),0),0)),19, MATCH(H53,INDEX(BAREMOS!G:Y,MATCH(1,(BAREMOS!A:A=A53)*("&"BAREMOS!B:B=B53)*(BAREMOS!C:C=C53)*(BAREMOS!D:D=E53),0),0),1) ) ) ) ,"""")) "),"") | K53: =IF(J53="","",INDEX(SEQUENCE(1,19,1,0.5),1,J53))
A54: {=IF(D54="","",IFERROR(INDEX(CONFIGURACION!C:C,MATCH(D54,CONFIGURACION!E:E,0)),""))} -> BCH | B54: {=IF(D54="","",IFERROR(INDEX(CONFIGURACION!D:D,MATCH(D54,CONFIGURACION!E:E,0)),""))} -> 1 | C54: MASCULINO | D54: B1 | E54: S. HORIZONTAL | F54: Manolo Díaz Camacho | G54: 3 TRIMESTRE | H54: 7 | I54: =IFERROR(__xludf.DUMMYFUNCTION("IF(F54="""","""",LET( nombre, TRIM(F54), primer, REGEXEXTRACT(nombre, ""^\S+""), resto, TRIM(REGEXREPLACE(nombre, ""^\S+\s*"", """")), iniciales, IF( resto="""", """", TEXTJOIN("""",1,ARRAYFORMULA(LEFT(SPLIT(resto,"" ""),1) & ""."")) "&" ), UPPER(primer) & "" "" & UPPER(iniciales) ))"),"MANOLO D.C.") -> MANOLO D.C. | J54: =IFERROR(__xludf.DUMMYFUNCTION("IF(H54="""","""",IFERROR( IF(REGEXMATCH(E54,""VELOCIDAD""), IF(H54>=MAX(INDEX(BAREMOS!G:Y,MATCH(1,(BAREMOS!A:A=A54)*(BAREMOS!B:B=B54)*(BAREMOS!C:C=C54)*(BAREMOS!D:D=E54),0),0)),1, IF(H54<=MIN(INDEX(BAREMOS!G:Y,MATCH(1,(BAREMOS!A:A=A54)*(BAREMOS!B"&":B=B54)*(BAREMOS!C:C=C54)*(BAREMOS!D:D=E54),0),0)),19, MATCH(H54,INDEX(BAREMOS!G:Y,MATCH(1,(BAREMOS!A:A=A54)*(BAREMOS!B:B=B54)*(BAREMOS!C:C=C54)*(BAREMOS!D:D=E54),0),0),-1) ) ), IF(H54<=MIN(INDEX(BAREMOS!G:Y,MATCH(1,(BAREMOS!A:A=A54)*"&"(BAREMOS!B:B=B54)*(BAREMOS!C:C=C54)*(BAREMOS!D:D=E54),0),0)),1, IF(H54>=MAX(INDEX(BAREMOS!G:Y,MATCH(1,(BAREMOS!A:A=A54)*(BAREMOS!B:B=B54)*(BAREMOS!C:C=C54)*(BAREMOS!D:D=E54),0),0)),19, MATCH(H54,INDEX(BAREMOS!G:Y,MATCH(1,(BAREMOS!A:A=A54)*("&"BAREMOS!B:B=B54)*(BAREMOS!C:C=C54)*(BAREMOS!D:D=E54),0),0),1) ) ) ) ,"""")) "),1.0) -> 1 | K54: =IF(J54="","",INDEX(SEQUENCE(1,19,1,0.5),1,J54)) -> 1
A55: {=IF(D55="","",IFERROR(INDEX(CONFIGURACION!C:C,MATCH(D55,CONFIGURACION!E:E,0)),""))} -> BCH | B55: {=IF(D55="","",IFERROR(INDEX(CONFIGURACION!D:D,MATCH(D55,CONFIGURACION!E:E,0)),""))} -> 1 | C55: MASCULINO | D55: B1 | E55: ABDOMINALES | F55: Manolo Díaz Camacho | G55: 3 TRIMESTRE | H55: 8 | I55: =IFERROR(__xludf.DUMMYFUNCTION("IF(F55="""","""",LET( nombre, TRIM(F55), primer, REGEXEXTRACT(nombre, ""^\S+""), resto, TRIM(REGEXREPLACE(nombre, ""^\S+\s*"", """")), iniciales, IF( resto="""", """", TEXTJOIN("""",1,ARRAYFORMULA(LEFT(SPLIT(resto,"" ""),1) & ""."")) "&" ), UPPER(primer) & "" "" & UPPER(iniciales) ))"),"MANOLO D.C.") -> MANOLO D.C. | J55: =IFERROR(__xludf.DUMMYFUNCTION("IF(H55="""","""",IFERROR( IF(REGEXMATCH(E55,""VELOCIDAD""), IF(H55>=MAX(INDEX(BAREMOS!G:Y,MATCH(1,(BAREMOS!A:A=A55)*(BAREMOS!B:B=B55)*(BAREMOS!C:C=C55)*(BAREMOS!D:D=E55),0),0)),1, IF(H55<=MIN(INDEX(BAREMOS!G:Y,MATCH(1,(BAREMOS!A:A=A55)*(BAREMOS!B"&":B=B55)*(BAREMOS!C:C=C55)*(BAREMOS!D:D=E55),0),0)),19, MATCH(H55,INDEX(BAREMOS!G:Y,MATCH(1,(BAREMOS!A:A=A55)*(BAREMOS!B:B=B55)*(BAREMOS!C:C=C55)*(BAREMOS!D:D=E55),0),0),-1) ) ), IF(H55<=MIN(INDEX(BAREMOS!G:Y,MATCH(1,(BAREMOS!A:A=A55)*"&"(BAREMOS!B:B=B55)*(BAREMOS!C:C=C55)*(BAREMOS!D:D=E55),0),0)),1, IF(H55>=MAX(INDEX(BAREMOS!G:Y,MATCH(1,(BAREMOS!A:A=A55)*(BAREMOS!B:B=B55)*(BAREMOS!C:C=C55)*(BAREMOS!D:D=E55),0),0)),19, MATCH(H55,INDEX(BAREMOS!G:Y,MATCH(1,(BAREMOS!A:A=A55)*("&"BAREMOS!B:B=B55)*(BAREMOS!C:C=C55)*(BAREMOS!D:D=E55),0),0),1) ) ) ) ,"""")) "),1.0) -> 1 | K55: =IF(J55="","",INDEX(SEQUENCE(1,19,1,0.5),1,J55)) -> 1
A56: {=IF(D56="","",IFERROR(INDEX(CONFIGURACION!C:C,MATCH(D56,CONFIGURACION!E:E,0)),""))} -> BCH | B56: {=IF(D56="","",IFERROR(INDEX(CONFIGURACION!D:D,MATCH(D56,CONFIGURACION!E:E,0)),""))} -> 1 | C56: MASCULINO | D56: B1 | E56: FLEXIBILIDAD | F56: Manolo Díaz Camacho | G56: 3 TRIMESTRE | H56: 9 | I56: =IFERROR(__xludf.DUMMYFUNCTION("IF(F56="""","""",LET( nombre, TRIM(F56), primer, REGEXEXTRACT(nombre, ""^\S+""), resto, TRIM(REGEXREPLACE(nombre, ""^\S+\s*"", """")), iniciales, IF( resto="""", """", TEXTJOIN("""",1,ARRAYFORMULA(LEFT(SPLIT(resto,"" ""),1) & ""."")) "&" ), UPPER(primer) & "" "" & UPPER(iniciales) ))"),"MANOLO D.C.") -> MANOLO D.C. | J56: =IFERROR(__xludf.DUMMYFUNCTION("IF(H56="""","""",IFERROR( IF(REGEXMATCH(E56,""VELOCIDAD""), IF(H56>=MAX(INDEX(BAREMOS!G:Y,MATCH(1,(BAREMOS!A:A=A56)*(BAREMOS!B:B=B56)*(BAREMOS!C:C=C56)*(BAREMOS!D:D=E56),0),0)),1, IF(H56<=MIN(INDEX(BAREMOS!G:Y,MATCH(1,(BAREMOS!A:A=A56)*(BAREMOS!B"&":B=B56)*(BAREMOS!C:C=C56)*(BAREMOS!D:D=E56),0),0)),19, MATCH(H56,INDEX(BAREMOS!G:Y,MATCH(1,(BAREMOS!A:A=A56)*(BAREMOS!B:B=B56)*(BAREMOS!C:C=C56)*(BAREMOS!D:D=E56),0),0),-1) ) ), IF(H56<=MIN(INDEX(BAREMOS!G:Y,MATCH(1,(BAREMOS!A:A=A56)*"&"(BAREMOS!B:B=B56)*(BAREMOS!C:C=C56)*(BAREMOS!D:D=E56),0),0)),1, IF(H56>=MAX(INDEX(BAREMOS!G:Y,MATCH(1,(BAREMOS!A:A=A56)*(BAREMOS!B:B=B56)*(BAREMOS!C:C=C56)*(BAREMOS!D:D=E56),0),0)),19, MATCH(H56,INDEX(BAREMOS!G:Y,MATCH(1,(BAREMOS!A:A=A56)*("&"BAREMOS!B:B=B56)*(BAREMOS!C:C=C56)*(BAREMOS!D:D=E56),0),0),1) ) ) ) ,"""")) "),1.0) -> 1 | K56: =IF(J56="","",INDEX(SEQUENCE(1,19,1,0.5),1,J56)) -> 1
A57: {=IF(D57="","",IFERROR(INDEX(CONFIGURACION!C:C,MATCH(D57,CONFIGURACION!E:E,0)),""))} -> BCH | B57: {=IF(D57="","",IFERROR(INDEX(CONFIGURACION!D:D,MATCH(D57,CONFIGURACION!E:E,0)),""))} -> 1 | C57: MASCULINO | D57: B1 | E57: S. VERTICAL | F57: Manolo Díaz Camacho | G57: 3 TRIMESTRE | H57: 6 | I57: =IFERROR(__xludf.DUMMYFUNCTION("IF(F57="""","""",LET( nombre, TRIM(F57), primer, REGEXEXTRACT(nombre, ""^\S+""), resto, TRIM(REGEXREPLACE(nombre, ""^\S+\s*"", """")), iniciales, IF( resto="""", """", TEXTJOIN("""",1,ARRAYFORMULA(LEFT(SPLIT(resto,"" ""),1) & ""."")) "&" ), UPPER(primer) & "" "" & UPPER(iniciales) ))"),"MANOLO D.C.") -> MANOLO D.C. | J57: =IFERROR(__xludf.DUMMYFUNCTION("IF(H57="""","""",IFERROR( IF(REGEXMATCH(E57,""VELOCIDAD""), IF(H57>=MAX(INDEX(BAREMOS!G:Y,MATCH(1,(BAREMOS!A:A=A57)*(BAREMOS!B:B=B57)*(BAREMOS!C:C=C57)*(BAREMOS!D:D=E57),0),0)),1, IF(H57<=MIN(INDEX(BAREMOS!G:Y,MATCH(1,(BAREMOS!A:A=A57)*(BAREMOS!B"&":B=B57)*(BAREMOS!C:C=C57)*(BAREMOS!D:D=E57),0),0)),19, MATCH(H57,INDEX(BAREMOS!G:Y,MATCH(1,(BAREMOS!A:A=A57)*(BAREMOS!B:B=B57)*(BAREMOS!C:C=C57)*(BAREMOS!D:D=E57),0),0),-1) ) ), IF(H57<=MIN(INDEX(BAREMOS!G:Y,MATCH(1,(BAREMOS!A:A=A57)*"&"(BAREMOS!B:B=B57)*(BAREMOS!C:C=C57)*(BAREMOS!D:D=E57),0),0)),1, IF(H57>=MAX(INDEX(BAREMOS!G:Y,MATCH(1,(BAREMOS!A:A=A57)*(BAREMOS!B:B=B57)*(BAREMOS!C:C=C57)*(BAREMOS!D:D=E57),0),0)),19, MATCH(H57,INDEX(BAREMOS!G:Y,MATCH(1,(BAREMOS!A:A=A57)*("&"BAREMOS!B:B=B57)*(BAREMOS!C:C=C57)*(BAREMOS!D:D=E57),0),0),1) ) ) ) ,"""")) "),1.0) -> 1 | K57: =IF(J57="","",INDEX(SEQUENCE(1,19,1,0.5),1,J57)) -> 1
A58: {=IF(D58="","",IFERROR(INDEX(CONFIGURACION!C:C,MATCH(D58,CONFIGURACION!E:E,0)),""))} -> BCH | B58: {=IF(D58="","",IFERROR(INDEX(CONFIGURACION!D:D,MATCH(D58,CONFIGURACION!E:E,0)),""))} -> 1 | C58: MASCULINO | D58: B1 | E58: COOPER | F58: Manolo Díaz Camacho | G58: 3 TRIMESTRE | H58: 5 | I58: =IFERROR(__xludf.DUMMYFUNCTION("IF(F58="""","""",LET( nombre, TRIM(F58), primer, REGEXEXTRACT(nombre, ""^\S+""), resto, TRIM(REGEXREPLACE(nombre, ""^\S+\s*"", """")), iniciales, IF( resto="""", """", TEXTJOIN("""",1,ARRAYFORMULA(LEFT(SPLIT(resto,"" ""),1) & ""."")) "&" ), UPPER(primer) & "" "" & UPPER(iniciales) ))"),"MANOLO D.C.") -> MANOLO D.C. | J58: =IFERROR(__xludf.DUMMYFUNCTION("IF(H58="""","""",IFERROR( IF(REGEXMATCH(E58,""VELOCIDAD""), IF(H58>=MAX(INDEX(BAREMOS!G:Y,MATCH(1,(BAREMOS!A:A=A58)*(BAREMOS!B:B=B58)*(BAREMOS!C:C=C58)*(BAREMOS!D:D=E58),0),0)),1, IF(H58<=MIN(INDEX(BAREMOS!G:Y,MATCH(1,(BAREMOS!A:A=A58)*(BAREMOS!B"&":B=B58)*(BAREMOS!C:C=C58)*(BAREMOS!D:D=E58),0),0)),19, MATCH(H58,INDEX(BAREMOS!G:Y,MATCH(1,(BAREMOS!A:A=A58)*(BAREMOS!B:B=B58)*(BAREMOS!C:C=C58)*(BAREMOS!D:D=E58),0),0),-1) ) ), IF(H58<=MIN(INDEX(BAREMOS!G:Y,MATCH(1,(BAREMOS!A:A=A58)*"&"(BAREMOS!B:B=B58)*(BAREMOS!C:C=C58)*(BAREMOS!D:D=E58),0),0)),1, IF(H58>=MAX(INDEX(BAREMOS!G:Y,MATCH(1,(BAREMOS!A:A=A58)*(BAREMOS!B:B=B58)*(BAREMOS!C:C=C58)*(BAREMOS!D:D=E58),0),0)),19, MATCH(H58,INDEX(BAREMOS!G:Y,MATCH(1,(BAREMOS!A:A=A58)*("&"BAREMOS!B:B=B58)*(BAREMOS!C:C=C58)*(BAREMOS!D:D=E58),0),0),1) ) ) ) ,"""")) "),1.0) -> 1 | K58: =IF(J58="","",INDEX(SEQUENCE(1,19,1,0.5),1,J58)) -> 1
A59: {=IF(D59="","",IFERROR(INDEX(CONFIGURACION!C:C,MATCH(D59,CONFIGURACION!E:E,0)),""))} -> BCH | B59: {=IF(D59="","",IFERROR(INDEX(CONFIGURACION!D:D,MATCH(D59,CONFIGURACION!E:E,0)),""))} -> 1 | C59: MASCULINO | D59: B1 | E59: VELOCIDAD | F59: Manolo Díaz Camacho | G59: 3 TRIMESTRE | H59: 3 | I59: =IFERROR(__xludf.DUMMYFUNCTION("IF(F59="""","""",LET( nombre, TRIM(F59), primer, REGEXEXTRACT(nombre, ""^\S+""), resto, TRIM(REGEXREPLACE(nombre, ""^\S+\s*"", """")), iniciales, IF( resto="""", """", TEXTJOIN("""",1,ARRAYFORMULA(LEFT(SPLIT(resto,"" ""),1) & ""."")) "&" ), UPPER(primer) & "" "" & UPPER(iniciales) ))"),"MANOLO D.C.") -> MANOLO D.C. | J59: =IFERROR(__xludf.DUMMYFUNCTION("IF(H59="""","""",IFERROR( IF(REGEXMATCH(E59,""VELOCIDAD""), IF(H59>=MAX(INDEX(BAREMOS!G:Y,MATCH(1,(BAREMOS!A:A=A59)*(BAREMOS!B:B=B59)*(BAREMOS!C:C=C59)*(BAREMOS!D:D=E59),0),0)),1, IF(H59<=MIN(INDEX(BAREMOS!G:Y,MATCH(1,(BAREMOS!A:A=A59)*(BAREMOS!B"&":B=B59)*(BAREMOS!C:C=C59)*(BAREMOS!D:D=E59),0),0)),19, MATCH(H59,INDEX(BAREMOS!G:Y,MATCH(1,(BAREMOS!A:A=A59)*(BAREMOS!B:B=B59)*(BAREMOS!C:C=C59)*(BAREMOS!D:D=E59),0),0),-1) ) ), IF(H59<=MIN(INDEX(BAREMOS!G:Y,MATCH(1,(BAREMOS!A:A=A59)*"&"(BAREMOS!B:B=B59)*(BAREMOS!C:C=C59)*(BAREMOS!D:D=E59),0),0)),1, IF(H59>=MAX(INDEX(BAREMOS!G:Y,MATCH(1,(BAREMOS!A:A=A59)*(BAREMOS!B:B=B59)*(BAREMOS!C:C=C59)*(BAREMOS!D:D=E59),0),0)),19, MATCH(H59,INDEX(BAREMOS!G:Y,MATCH(1,(BAREMOS!A:A=A59)*("&"BAREMOS!B:B=B59)*(BAREMOS!C:C=C59)*(BAREMOS!D:D=E59),0),0),1) ) ) ) ,"""")) "),19.0) -> 19 | K59: =IF(J59="","",INDEX(SEQUENCE(1,19,1,0.5),1,J59)) -> 10
A60: {=IF(D60="","",IFERROR(INDEX(CONFIGURACION!C:C,MATCH(D60,CONFIGURACION!E:E,0)),""))} -> BCH | B60: {=IF(D60="","",IFERROR(INDEX(CONFIGURACION!D:D,MATCH(D60,CONFIGURACION!E:E,0)),""))} -> 1 | C60: MASCULINO | D60: B1 | E60: INTESIDAD FISICA | F60: Manolo Díaz Camacho | G60: 3 TRIMESTRE | H60: 5 | I60: =IFERROR(__xludf.DUMMYFUNCTION("IF(F60="""","""",LET( nombre, TRIM(F60), primer, REGEXEXTRACT(nombre, ""^\S+""), resto, TRIM(REGEXREPLACE(nombre, ""^\S+\s*"", """")), iniciales, IF( resto="""", """", TEXTJOIN("""",1,ARRAYFORMULA(LEFT(SPLIT(resto,"" ""),1) & ""."")) "&" ), UPPER(primer) & "" "" & UPPER(iniciales) ))"),"MANOLO D.C.") -> MANOLO D.C. | J60: =IFERROR(__xludf.DUMMYFUNCTION("IF(H60="""","""",IFERROR( IF(REGEXMATCH(E60,""VELOCIDAD""), IF(H60>=MAX(INDEX(BAREMOS!G:Y,MATCH(1,(BAREMOS!A:A=A60)*(BAREMOS!B:B=B60)*(BAREMOS!C:C=C60)*(BAREMOS!D:D=E60),0),0)),1, IF(H60<=MIN(INDEX(BAREMOS!G:Y,MATCH(1,(BAREMOS!A:A=A60)*(BAREMOS!B"&":B=B60)*(BAREMOS!C:C=C60)*(BAREMOS!D:D=E60),0),0)),19, MATCH(H60,INDEX(BAREMOS!G:Y,MATCH(1,(BAREMOS!A:A=A60)*(BAREMOS!B:B=B60)*(BAREMOS!C:C=C60)*(BAREMOS!D:D=E60),0),0),-1) ) ), IF(H60<=MIN(INDEX(BAREMOS!G:Y,MATCH(1,(BAREMOS!A:A=A60)*"&"(BAREMOS!B:B=B60)*(BAREMOS!C:C=C60)*(BAREMOS!D:D=E60),0),0)),1, IF(H60>=MAX(INDEX(BAREMOS!G:Y,MATCH(1,(BAREMOS!A:A=A60)*(BAREMOS!B:B=B60)*(BAREMOS!C:C=C60)*(BAREMOS!D:D=E60),0),0)),19, MATCH(H60,INDEX(BAREMOS!G:Y,MATCH(1,(BAREMOS!A:A=A60)*("&"BAREMOS!B:B=B60)*(BAREMOS!C:C=C60)*(BAREMOS!D:D=E60),0),0),1) ) ) ) ,"""")) "),"") | K60: =IF(J60="","",INDEX(SEQUENCE(1,19,1,0.5),1,J60))
A61: {=IF(D61="","",IFERROR(INDEX(CONFIGURACION!C:C,MATCH(D61,CONFIGURACION!E:E,0)),""))} -> BCH | B61: {=IF(D61="","",IFERROR(INDEX(CONFIGURACION!D:D,MATCH(D61,CONFIGURACION!E:E,0)),""))} -> 1 | C61: MASCULINO | D61: B1 | E61: S. HORIZONTAL
A62: {=IF(D62="","",IFERROR(INDEX(CONFIGURACION!C:C,MATCH(D62,CONFIGURACION!E:E,0)),""))} | B62: {=IF(D62="","",IFERROR(INDEX(CONFIGURACION!D:D,MATCH(D62,CONFIGURACION!E:E,0)),""))}
A63: {=IF(D63="","",IFERROR(INDEX(CONFIGURACION!C:C,MATCH(D63,CONFIGURACION!E:E,0)),""))} | B63: {=IF(D63="","",IFERROR(INDEX(CONFIGURACION!D:D,MATCH(D63,CONFIGURACION!E:E,0)),""))}
A64: {=IF(D64="","",IFERROR(INDEX(CONFIGURACION!C:C,MATCH(D64,CONFIGURACION!E:E,0)),""))} | B64: {=IF(D64="","",IFERROR(INDEX(CONFIGURACION!D:D,MATCH(D64,CONFIGURACION!E:E,0)),""))}
A65: {=IF(D65="","",IFERROR(INDEX(CONFIGURACION!C:C,MATCH(D65,CONFIGURACION!E:E,0)),""))} | B65: {=IF(D65="","",IFERROR(INDEX(CONFIGURACION!D:D,MATCH(D65,CONFIGURACION!E:E,0)),""))}
A66: {=IF(D66="","",IFERROR(INDEX(CONFIGURACION!C:C,MATCH(D66,CONFIGURACION!E:E,0)),""))} | B66: {=IF(D66="","",IFERROR(INDEX(CONFIGURACION!D:D,MATCH(D66,CONFIGURACION!E:E,0)),""))}
A67: {=IF(D67="","",IFERROR(INDEX(CONFIGURACION!C:C,MATCH(D67,CONFIGURACION!E:E,0)),""))} | B67: {=IF(D67="","",IFERROR(INDEX(CONFIGURACION!D:D,MATCH(D67,CONFIGURACION!E:E,0)),""))}
A68: {=IF(D68="","",IFERROR(INDEX(CONFIGURACION!C:C,MATCH(D68,CONFIGURACION!E:E,0)),""))} | B68: {=IF(D68="","",IFERROR(INDEX(CONFIGURACION!D:D,MATCH(D68,CONFIGURACION!E:E,0)),""))}
A69: {=IF(D69="","",IFERROR(INDEX(CONFIGURACION!C:C,MATCH(D69,CONFIGURACION!E:E,0)),""))} | B69: {=IF(D69="","",IFERROR(INDEX(CONFIGURACION!D:D,MATCH(D69,CONFIGURACION!E:E,0)),""))}
A70: {=IF(D70="","",IFERROR(INDEX(CONFIGURACION!C:C,MATCH(D70,CONFIGURACION!E:E,0)),""))} | B70: {=IF(D70="","",IFERROR(INDEX(CONFIGURACION!D:D,MATCH(D70,CONFIGURACION!E:E,0)),""))}

Sheet BAREMOS
A1: CICLO | B1: GRADO | C1: GENERO | D1: PRUEBA | E1: UNIDAD | F1: PUNTUACION | G1: 1 | H1: 46143 | I1: 2 | J1: 46144 | K1: 3 | L1: 46145 | M1: 4 | N1: 46146 | O1: 5 | P1: 46147 | Q1: 6 | R1: 46148 | S1: 7 | T1: 46149 | U1: 8 | V1: 46150 | W1: 9 | X1: 46151 | Y1: 10
A2: BCH | B2: 1 | C2: MASCULINO | D2: COOPER | E2: metros | F2: 0 | G2: 1900 | H2: 2025 | I2: 2150 | J2: 2225 | K2: 2300 | L2: 2375 | M2: 2450 | N2: 2496 | O2: 2543 | P2: 2621 | Q2: 2700 | R2: 2775 | S2: 2850 | T2: 2900 | U2: 2950 | V2: 3050 | W2: 3150 | X2: 3200 | Y2: 3250
A3: BCH | B3: 1 | C3: MASCULINO | D3: FLEXIBILIDAD | E3: centímetros | F3: 0 | G3: 24 | H3: 46167 | I3: 27 | J3: 46170 | K3: 30 | L3: 46172 | M3: 31 | N3: 32 | O3: 33 | P3: 34.5 | Q3: 36 | R3: 37.5 | S3: 39 | T3: 40 | U3: 41 | V3: 42 | W3: 43 | X3: 44 | Y3: 45
A4: BCH | B4: 1 | C4: MASCULINO | D4: S. VERTICAL | E4: centímetros | F4: 0 | G4: 28 | H4: 46172 | I4: 33 | J4: 35.5 | K4: 38 | L4: 41 | M4: 44 | N4: 46 | O4: 48 | P4: 49 | Q4: 50 | R4: 51 | S4: 52 | T4: 53.5 | U4: 55 | V4: 56 | W4: 57 | X4: 58.5 | Y4: 60
A5: BCH | B5: 1 | C5: MASCULINO | D5: S. HORIZONTAL | E5: centímetros | F5: 0 | G5: 157 | H5: 161 | I5: 165 | J5: 172.5 | K5: 180 | L5: 185 | M5: 190 | N5: 192.5 | O5: 195 | P5: 200 | Q5: 205 | R5: 212.5 | S5: 220 | T5: 225 | U5: 230 | V5: 235 | W5: 240 | X5: 245 | Y5: 250
A6: BCH | B6: 1 | C6: MASCULINO | D6: ABDOMINALES | E6: repeticiones | F6: 0 | G6: 14 | H6: 15 | I6: 16 | J6: 17 | K6: 19 | L6: 20 | M6: 22 | N6: 23 | O6: 24 | P6: 25 | Q6: 26 | R6: 27 | S6: 28 | T6: 29 | U6: 30 | V6: 31 | W6: 32 | X6: 33 | Y6: 35
A7: BCH | B7: 1 | C7: MASCULINO | D7: L. BALON | E7: metros | F7: 0 | G7: 46237 | H7: 4 | I7: 46057 | J7: 4.75 | K7: 46086 | L7: 5.65 | M7: 6 | N7: 6.25 | O7: 46148 | P7: 6.75 | Q7: 7 | R7: 46088 | S7: 46180 | T7: 7.85 | U7: 46030 | V7: 8.55 | W7: 9 | X7: 46151 | Y7: 10
A8: BCH | B8: 1 | C8: MASCULINO | D8: VELOCIDAD | E8: segundos | F8: 0 | G8: 9 | H8: 46242 | I8: 46181 | J8: 46120 | K8: 46061 | L8: 8 | M8: 46241 | N8: 46180 | O8: 46119 | P8: 46088 | Q8: 46060 | R8: 46029 | S8: 7 | T8: 46271 | U8: 46240 | V8: 46209 | W8: 46179 | X8: 46148 | Y8: 46118
A9: CICLO | B9: GRADO | C9: GENERO | D9: PRUEBA | E9: UNIDAD | F9: PUNTUACION | G9: 1 | H9: 46143 | I9: 2 | J9: 46144 | K9: 3 | L9: 46145 | M9: 4 | N9: 46146 | O9: 5 | P9: 46147 | Q9: 6 | R9: 46148 | S9: 7 | T9: 46149 | U9: 8 | V9: 46150 | W9: 9 | X9: 46151 | Y9: 10
A10: BCH | B10: 1 | C10: FEMENINO | D10: COOPER | E10: metros | F10: 0 | G10: 1700 | H10: 1750 | I10: 1800 | J10: 1850 | K10: 1900 | L10: 1950 | M10: 2000 | N10: 2050 | O10: 2100 | P10: 2150 | Q10: 2250 | R10: 2350 | S10: 2400 | T10: 2500 | U10: 2550 | V10: 2600 | W10: 2700 | X10: 2750 | Y10: 2800
A11: BCH | B11: 1 | C11: FEMENINO | D11: FLEXIBILIDAD | E11: centímetros | F11: 0 | G11: 22 | H11: 24 | I11: 25 | J11: 26 | K11: 28 | L11: 30 | M11: 31 | N11: 33 | O11: 34 | P11: 35 | Q11: 36 | R11: 37 | S11: 38 | T11: 39 | U11: 40 | V11: 41 | W11: 42 | X11: 43 | Y11: 44
A12: BCH | B12: 1 | C12: FEMENINO | D12: S. VERTICAL | E12: centímetros | F12: 0 | G12: 23 | H12: 24 | I12: 26 | J12: 27 | K12: 29 | L12: 30 | M12: 32 | N12: 35 | O12: 36 | P12: 37 | Q12: 38 | R12: 39 | S12: 41 | T12: 42 | U12: 43 | V12: 44 | W12: 45 | X12: 46 | Y12: 47
A13: BCH | B13: 1 | C13: FEMENINO | D13: S. HORIZONTAL | E13: centímetros | F13: 0 | G13: 140 | H13: 144 | I13: 148 | J13: 152 | K13: 155 | L13: 159 | M13: 162 | N13: 166 | O13: 169 | P13: 171 | Q13: 174 | R13: 177 | S13: 179 | T13: 181 | U13: 184 | V13: 187 | W13: 189 | X13: 190 | Y13: 192
A14: BCH | B14: 1 | C14: FEMENINO | D14: ABDOMINALES | E14: repeticiones | F14: 0 | G14: 12 | H14: 13 | I14: 14 | J14: 15 | K14: 16 | L14: 17 | M14: 18 | N14: 19 | O14: 20 | P14: 21 | Q14: 22 | R14: 23 | S14: 24 | T14: 25 | U14: 26 | V14: 27 | W14: 28 | X14: 29 | Y14: 30
A15: BCH | B15: 1 | C15: FEMENINO | D15: L. BALON | E15: metros | F15: 0 | G15: 4 | H15: 46026 | I15: 46057 | J15: 46085 | K15: 46116 | L15: 46146 | M15: 46207 | N15: 46238 | O15: 5 | P15: 46027 | Q15: 46086 | R15: 46117 | S15: 46178 | T15: 46208 | U15: 46270 | V15: 6 | W15: 46059 | X15: 46087 | Y15: 46148
A16: BCH | B16: 1 | C16: FEMENINO | D16: VELOCIDAD | E16: segundos | F16: 0 | G16: 9.65 | H16: 46121 | I16: 46062 | J16: 9 | K16: 46273 | L16: 46242 | M16: 46181 | N16: 46150 | O16: 46089 | P16: 8.27 | Q16: 8.25 | R16: 46061 | S16: 8.15 | T16: 8 | U16: 46272 | V16: 46241 | W16: 7.75 | X16: 46210 | Y16: 46180
A17: CICLO | B17: GRADO | C17: GENERO | D17: PRUEBA | E17: UNIDAD | F17: PUNTUACION | G17: 1 | H17: 46143 | I17: 2 | J17: 46144 | K17: 3 | L17: 46145 | M17: 4 | N17: 46146 | O17: 5 | P17: 46147 | Q17: 6 | R17: 46148 | S17: 7 | T17: 46149 | U17: 8 | V17: 46150 | W17: 9 | X17: 46151 | Y17: 10
A18: ESO | B18: 2 | C18: MASCULINO | D18: COOPER | E18: metros | F18: 0 | G18: 1400 | H18: 1475 | I18: 1548 | J18: 1622 | K18: 1697 | L18: 1771 | M18: 1845 | N18: 1919 | O18: 1995 | P18: 2068 | Q18: 2142 | R18: 2216 | S18: 2291 | T18: 2365 | U18: 2439 | V18: 2513 | W18: 2588 | X18: 2662 | Y18: 2736
A19: ESO | B19: 2 | C19: MASCULINO | D19: FLEXIBILIDAD | E19: centímetros | F19: 0 | G19: 6 | H19: 7 | I19: 9 | J19: 10 | K19: 12 | L19: 14 | M19: 15 | N19: 17 | O19: 20 | P19: 21 | Q19: 23 | R19: 24 | S19: 26 | T19: 27 | U19: 29 | V19: 30 | W19: 32 | X19: 34 | Y19: 36
A20: ESO | B20: 2 | C20: MASCULINO | D20: S. VERTICAL | E20: centímetros | F20: 0 | G20: 25 | H20: 26 | I20: 28 | J20: 30 | K20: 31 | L20: 33 | M20: 35 | N20: 36 | O20: 38 | P20: 40 | Q20: 42 | R20: 43 | S20: 45 | T20: 47 | U20: 48 | V20: 50 | W20: 52 | X20: 53 | Y20: 55
A21: ESO | B21: 2 | C21: MASCULINO | D21: S. HORIZONTAL | E21: centímetros | F21: 0 | G21: 1.33 | H21: 1.36 | I21: 1.39 | J21: 1.42 | K21: 1.45 | L21: 1.48 | M21: 1.51 | N21: 1.54 | O21: 1.57 | P21: 46174 | Q21: 1.63 | R21: 1.66 | S21: 1.69 | T21: 1.72 | U21: 1.72 | V21: 1.75 | W21: 1.78 | X21: 1.81 | Y21: 1.84
A22: ESO | B22: 2 | C22: MASCULINO | D22: ABDOMINALES | E22: repeticiones | F22: 0 | G22: 15 | H22: 16 | I22: 17 | J22: 18 | K22: 19 | L22: 20 | M22: 21 | N22: 22 | O22: 23 | P22: 24 | Q22: 25 | R22: 26 | S22: 27 | T22: 28 | U22: 29 | V22: 30 | W22: 31 | X22: 32 | Y22: 33
A23: ESO | B23: 2 | C23: MASCULINO | D23: L. BALON | E23: metros | F23: 0 | G23: 3.23 | H23: 3.47 | I23: 3.71 | J23: 3.95 | K23: 4.18 | L23: 4.42 | M23: 4.66 | N23: 46269 | O23: 5.13 | P23: 5.37 | Q23: 5.61 | R23: 5.85 | S23: 46240 | T23: 6.32 | U23: 6.56 | V23: 46240 | W23: 46088 | X23: 7.27 | Y23: 7.51
A24: ESO | B24: 2 | C24: MASCULINO | D24: VELOCIDAD | E24: segundos | F24: 0 | G24: 46212 | H24: 46182 | I24: 46151 | J24: 46121 | K24: 46090 | L24: 46062 | M24: 46031 | N24: 9 | O24: 46273 | P24: 46211 | Q24: 46181 | R24: 46150 | S24: 46120 | T24: 46089 | U24: 46061 | V24: 8 | W24: 46272 | X24: 46241 | Y24: 46210
A25: CICLO | B25: GRADO | C25: GENERO | D25: PRUEBA | E25: UNIDAD | F25: PUNTUACION | G25: 1 | H25: 46143 | I25: 2 | J25: 46144 | K25: 3 | L25: 46145 | M25: 4 | N25: 46146 | O25: 5 | P25: 46147 | Q25: 6 | R25: 46148 | S25: 7 | T25: 46149 | U25: 8 | V25: 46150 | W25: 9 | X25: 46151 | Y25: 10
A26: ESO | B26: 2 | C26: FEMENINO | D26: COOPER | E26: metros | F26: 0 | G26: 700 | H26: 792 | I26: 882 | J26: 974 | K26: 1065 | L26: 1156 | M26: 1247 | N26: 1338 | O26: 1430 | P26: 1521 | Q26: 1612 | R26: 1703 | S26: 1795 | T26: 1886 | U26: 1977 | V26: 2068 | W26: 2160 | X26: 2251 | Y26: 2342
A27: ESO | B27: 2 | C27: FEMENINO | D27: FLEXIBILIDAD | E27: centímetros | F27: 0 | G27: 15 | H27: 16 | I27: 18 | J27: 20 | K27: 22 | L27: 24 | M27: 26 | N27: 28 | O27: 31 | P27: 33 | Q27: 35 | R27: 37 | S27: 39 | T27: 41 | U27: 43 | V27: 45 | W27: 47 | X27: 49 | Y27: 50
A28: ESO | B28: 2 | C28: FEMENINO | D28: S. VERTICAL | E28: centímetros | F28: 0 | G28: 31 | H28: 32 | I28: 34 | J28: 35 | K28: 36 | L28: 38 | M28: 39 | N28: 40 | O28: 42 | P28: 43 | Q28: 44 | R28: 46 | S28: 47 | T28: 48 | U28: 50 | V28: 51 | W28: 53 | X28: 54 | Y28: 55
A29: ESO | B29: 2 | C29: FEMENINO | D29: S. HORIZONTAL | E29: centímetros | F29: 0 | G29: 46054 | H29: 1.24 | I29: 1.28 | J29: 1.32 | K29: 1.36 | L29: 46113 | M29: 1.44 | N29: 1.48 | O29: 1.52 | P29: 1.56 | Q29: 46174 | R29: 1.64 | S29: 1.68 | T29: 1.72 | U29: 1.76 | V29: 46235 | W29: 1.84 | X29: 1.88 | Y29: 1.92
A30: ESO | B30: 2 | C30: FEMENINO | D30: ABDOMINALES | E30: repeticiones | F30: 0 | G30: 8 | H30: 9 | I30: 10 | J30: 11 | K30: 12 | L30: 13 | M30: 14 | N30: 15 | O30: 16 | P30: 17 | Q30: 18 | R30: 19 | S30: 20 | T30: 21 | U30: 22 | V30: 23 | W30: 24 | X30: 25 | Y30: 26
A31: ESO | B31: 2 | C31: FEMENINO | D31: L. BALON | E31: metros | F31: 0 | G31: 46145 | H31: 46359 | I31: 3.25 | J31: 3.38 | K31: 3.51 | L31: 3.63 | M31: 3.76 | N31: 46268 | O31: 46057 | P31: 4.15 | Q31: 4.27 | R31: 46116 | S31: 4.53 | T31: 4.65 | U31: 4.78 | V31: 4.91 | W31: 46117 | X31: 5.16 | Y31: 46086
A32: ESO | B32: 2 | C32: FEMENINO | D32: VELOCIDAD | E32: segundos | F32: 0 | G32: 46153 | H32: 46092 | I32: 46033 | J32: 46244 | K32: 46183 | L32: 46091 | M32: 46032 | N32: 46274 | O32: 46182 | P32: 46121 | Q32: 46062 | R32: 46273 | S32: 46211 | T32: 46150 | U32: 46061 | V32: 8 | W32: 46241 | X32: 46149 | Y32: 46088
A33: CICLO | B33: GRADO | C33: GENERO | D33: PRUEBA | E33: UNIDAD | F33: PUNTUACION | G33: 1 | H33: 46143 | I33: 2 | J33: 46144 | K33: 3 | L33: 46145 | M33: 4 | N33: 46146 | O33: 5 | P33: 46147 | Q33: 6 | R33: 46148 | S33: 7 | T33: 46149 | U33: 8 | V33: 46150 | W33: 9 | X33: 46151 | Y33: 10
A34: ESO | B34: 3 | C34: MASCULINO | D34: COOPER | E34: metros | F34: 0 | G34: 1577 | H34: 1600 | I34: 1624 | J34: 1647 | K34: 1671 | L34: 1694 | M34: 1718 | N34: 1741 | O34: 1765 | P34: 1788 | Q34: 1812 | R34: 1835 | S34: 1859 | T34: 1882 | U34: 1906 | V34: 1929 | W34: 1953 | X34: 1976 | Y34: 2000
A35: ESO | B35: 3 | C35: MASCULINO | D35: FLEXIBILIDAD | E35: centímetros | F35: 0 | G35: 18 | H35: 21 | I35: 22 | J35: 23 | K35: 24 | L35: 25 | M35: 26 | N35: 27 | O35: 28 | P35: 29 | Q35: 30 | R35: 31 | S35: 32 | T35: 33 | U35: 34 | V35: 36 | W35: 37 | X35: 39 | Y35: 43
A36: ESO | B36: 3 | C36: MASCULINO | D36: S. VERTICAL | E36: centímetros | F36: 0 | G36: 17 | H36: 19 | I36: 21 | J36: 23 | K36: 25 | L36: 27 | M36: 29 | N36: 31 | O36: 33 | P36: 35 | Q36: 37 | R36: 39 | S36: 41 | T36: 43 | U36: 45 | V36: 47 | W36: 49 | X36: 51 | Y36: 53
A37: ESO | B37: 3 | C37: MASCULINO | D37: S. HORIZONTAL | E37: centímetros | F37: 0 | G37: 1.72 | H37: 1.75 | I37: 1.78 | J37: 1.81 | K37: 1.84 | L37: 1.87 | M37: 46266 | N37: 1.93 | O37: 1.96 | P37: 1.98 | Q37: 2 | R37: 46083 | S37: 46205 | T37: 46328 | U37: 2.16 | V37: 2.21 | W37: 2.27 | X37: 2.33 | Y37: 46114
A38: ESO | B38: 3 | C38: MASCULINO | D38: ABDOMINALES | E38: repeticiones | F38: 0 | G38: 16 | H38: 17 | I38: 18 | J38: 19 | K38: 20 | L38: 21 | M38: 22 | N38: 23 | O38: 24 | P38: 25 | Q38: 26 | R38: 27 | S38: 28 | T38: 29 | U38: 30 | V38: 31 | W38: 32 | X38: 33 | Y38: 34
A39: ESO | B39: 3 | C39: MASCULINO | D39: L. BALON | E39: metros | F39: 0 | G39: 46115 | H39: 3.65 | I39: 46268 | J39: 4.15 | K39: 46116 | L39: 4.65 | M39: 46269 | N39: 5.15 | O39: 46117 | P39: 5.65 | Q39: 46270 | R39: 6.15 | S39: 46118 | T39: 6.65 | U39: 46271 | V39: 7.15 | W39: 46119 | X39: 46210 | Y39: 8
A40: ESO | B40: 3 | C40: MASCULINO | D40: VELOCIDAD | E40: segundos | F40: 0 | G40: 46213 | H40: 46122 | I40: 46032 | J40: 46243 | K40: 46151 | L40: 46062 | M40: 46273 | N40: 46181 | O40: 46089 | P40: 46030 | Q40: 46272 | R40: 46210 | S40: 46149 | T40: 46088 | U40: 46029 | V40: 7 | W40: 46240 | X40: 46179 | Y40: 46118
A41: CICLO | B41: GRADO | C41: GENERO | D41: PRUEBA | E41: UNIDAD | F41: PUNTUACION | G41: 1 | H41: 46143 | I41: 2 | J41: 46144 | K41: 3 | L41: 46145 | M41: 4 | N41: 46146 | O41: 5 | P41: 46147 | Q41: 6 | R41: 46148 | S41: 7 | T41: 46149 | U41: 8 | V41: 46150 | W41: 9 | X41: 46151 | Y41: 10
A42: ESO | B42: 3 | C42: FEMENINO | D42: COOPER | E42: metros | F42: 0 | G42: 1347 | H42: 1371 | I42: 1395 | J42: 1418 | K42: 1442 | L42: 1466 | M42: 1490 | N42: 1513 | O42: 1537 | P42: 1561 | Q42: 1585 | R42: 1608 | S42: 1632 | T42: 1656 | U42: 1680 | V42: 1703 | W42: 1727 | X42: 1751 | Y42: 1775
A43: ESO | B43: 3 | C43: FEMENINO | D43: FLEXIBILIDAD | E43: centímetros | F43: 0 | G43: 23 | H43: 24 | I43: 26 | J43: 28 | K43: 29 | L43: 30 | M43: 31 | N43: 32 | O43: 33 | P43: 34 | Q43: 35 | R43: 36 | S43: 37 | T43: 38 | U43: 39 | V43: 40 | W43: 42 | X43: 44 | Y43: 49
A44: ESO | B44: 3 | C44: FEMENINO | D44: S. VERTICAL | E44: centímetros | F44: 0 | G44: 17 | H44: 18 | I44: 20 | J44: 21 | K44: 24 | L44: 26 | M44: 27 | N44: 29 | O44: 31 | P44: 32 | Q44: 34 | R44: 36 | S44: 37 | T44: 40 | U44: 43 | V44: 44 | W44: 49 | X44: 50 | Y44: 52
A45: ESO | B45: 3 | C45: FEMENINO | D45: S. HORIZONTAL | E45: centímetros | F45: 0 | G45: 1.26 | H45: 1.29 | I45: 1.32 | J45: 1.35 | K45: 1.38 | L45: 1.41 | M45: 1.44 | N45: 1.47 | O45: 46143 | P45: 1.53 | Q45: 1.56 | R45: 46174 | S45: 1.65 | T45: 46204 | U45: 1.75 | V45: 1.81 | W45: 1.87 | X45: 1.93 | Y45: 2
A46: ESO | B46: 3 | C46: FEMENINO | D46: ABDOMINALES | E46: repeticiones | F46: 0 | G46: 12 | H46: 13 | I46: 14 | J46: 15 | K46: 16 | L46: 17 | M46: 18 | N46: 19 | O46: 20 | P46: 21 | Q46: 22 | R46: 23 | S46: 24 | T46: 25 | U46: 26 | V46: 27 | W46: 25 | X46: 26 | Y46: 32
A47: ESO | B47: 3 | C47: FEMENINO | D47: L. BALON | E47: metros | F47: 0 | G47: 2.49 | H47: 2.67 | I47: 2.86 | J47: 46145 | K47: 3.23 | L47: 3.42 | M47: 3.61 | N47: 46237 | O47: 3.98 | P47: 4.28 | Q47: 4.59 | R47: 4.89 | S47: 5.19 | T47: 5.44 | U47: 5.79 | V47: 46271 | W47: 46118 | X47: 46209 | Y47: 7
A48: ESO | B48: 3 | C48: FEMENINO | D48: VELOCIDAD | E48: segundos | F48: 0 | G48: 46276 | H48: 46153 | I48: 46064 | J48: 46244 | K48: 46152 | L48: 46032 | M48: 46243 | N48: 46121 | O48: 46031 | P48: 46273 | Q48: 46211 | R48: 46150 | S48: 46089 | T48: 8 | U48: 46241 | V48: 46180 | W48: 46119 | X48: 46060 | Y48: 7
