Workbook
Name NombreIntervalo1: DATOS!$E$2:$E$23
Name CURSO: CONFIGURACION!$E$2:$E$17

Sheet CONFIGURACION
A1: ANIO_ACADEMICO | C1: CICLO | D1: GRADO | E1: CURSO | G1: GENERO | I1: PERIODO | K1: PRUEBA | L1: HABILITAR | M1: NOMBRE_PRUEBA | N1: UNIDAD | O1: TIPO | P1: OBJETIVO | Q1: MEDIO | R1: MATERIAL | S1: DESCRIPCION | T1: VALORACION
A2: 2024-2025 | C2: ESO | D2: 1 | E2: A | G2: MASCULINO | I2: 1 TRIMESTRE | K2: S. HORIZONTAL | L2: SI | M2: Test de Salto Horizontal | N2: cm | O2: Fuerza | P2: Determinar la potencia de las piernas. | Q2: Superficie plana y antideslizante, con una línea dibujada en el suelo. | S2: Posición Inicial: El ejecutante ha de situarse derecho con los pies ligeramente separados y la punta de los pies detrás de la línea de salida. Desarrollo: Ha de tomar impulso para saltar, flexionando las piernas y empujando con los brazos desde detrás hacia adelante. Se salta haciendo una rápida extensión de las piernas y estirando los brazos hacia adelante. Finalización: En el momento de la caída, el ejecutante ha de mantener los pies en el mismo sitio donde ha tomado contacto con el suelo sin perder el equilibrio. | T2: Se registrará la distancia en centímetros. Hay que anotar el mejor de los dos resultados.
C3: ESO | D3: 1 | E3: B | G3: FEMENINO | I3: 2 TRIMESTRE | K3: L. BALON | L3: SI | M3: Test de Balón medicinal | N3: m | O3: Fuerza | P3: Medir la fuerza del tren superior. | Q3: Superficie plana y antideslizante. | R3: Balón medicinal. | S3: Posición Inicial: El ejecutante se colocará en la línea con los pies separados a la anchura de los hombros, cogiendo el balón con las dos manos por detrás de la cabeza. Desarrollo: Lanzar el balón lo más lejos posible. No se podrá saltar en el momento del lanzamiento. De igual modo se tendrá que mantener la posición de equilibrio. Se ejecutarán dos intentos. | T3: Se registrará la distancia en centímetros. Hay que anotar el mejor de los dos resultados.
C4: ESO | D4: 2 | E4: A | I4: 3 TRIMESTRE | K4: ABDOMINALES | L4: SI | M4: Test de Abdominales | N4: repeticiones | O4: Fuerza | P4: Medir la fuerza-resistencia de los músculos abdominales. | Q4: Superficie plana y lisa. | R4: Cronómetro con precisión de centésimas de segundo. | S4: Posición Inicial: El ejecutante ha de colocarse en decúbito supino con las piernas flexionadas 90o, los pies ligeramente separados y los dedos entrelazados detrás de la nuca o brazos cruzados sobre el pecho. Un ayudante ha de sujetarle los pies para fijarlos al suelo. Desarrollo: Al oír la señal del observador "preparado...ya!", el ejecutante ha de tratar de hacer el mayor número de repeticiones posibles, tocando siempre con los codos las rodillas y con la espalda en la colchoneta. El ayudante contará el número de repeticiones. Finalización: Cuando hayan pasado 30” se indicará el final. | T4: Se registra el número de repeticiones realizadas correctamente. Solo habrá un intento.
C5: ESO | D5: 2 | E5: B | I5: 4 TRIMESTRE | K5: FLEXIBILIDAD | L5: SI | M5: Test de Flexión anterior del tronco | N5: cm | O5: Flexibilidad | P5: Medir la flexibilidad del tronco. | Q5: Superficie antideslizante. | S5: Posición Inicial: El ejecutante descalzo, se ha de sentar enfrente del cajón con las piernas completamente extendidas y las plantas de los pies en completo contacto con la pared del cajón. Desarrollo: Flexionar el tronco hacia adelante sin doblar las piernas, y extender los brazos y las palmas de la mano sobre la regla, ha de tratar de llegar lo más lejos posible. Finalización: El ejecutante, en el momento en que llega a la posición máxima, ha de permanecer inmóvil durante 2 segundos para que se pueda registrar el resultado conseguido. | T5: El registro se hará en centímetros. Se anota el mejor de los 2 resultados.
C6: ESO | D6: 3 | E6: A | K6: S. VERTICAL | L6: SI | M6: Test de Salto Vertical | N6: cm | O6: Fuerza | P6: Medir la fuerza explosiva del tren inferior en el sentido vertical. | Q6: Superficie plana y antideslizante. | R6: Tabla graduada o escala pintada sobre la pared. | S6: Posición Inicial: El ejecutante se colocará junto a una pared, lateralmente, y con el brazo más próximo a ella señalará su punto más alto. Desarrollo: A la señal y previa separación de la pared, ha de tomar impulso para saltar, flexionando las piernas, hasta alcanzar el máximo posible dejando marca con los dedos en la tabla. | T6: Se registrará la diferencia entre el máximo estático y el de la marca del salto en centímetros. Hay que anotar el mejor de los dos resultados.
C7: ESO | D7: 3 | E7: B | K7: COOPER | L7: SI | M7: Test de Cooper | N7: m | O7: Resistencia | P7: Valorar la resistencia aeróbica. Determinar el VO2 máximo. | Q7: Pista o terreno liso y sin pendiente. | R7: Cronómetro | S7: Consiste en cubrir la máxima distancia posible durante 12 minutos de carrera continua. | T7: Se anotará la distancia recorrida al finalizar los doce minutos.
C8: ESO | D8: 4 | E8: A | K8: VELOCIDAD | L8: SI | M8: Test de Velocidad en 50m | N8: seg | O8: Velocidad | P8: Medir la velocidad de traslación partiendo de una velocidad inicial igual a 0. | Q8: Pista o terreno liso y sin pendiente. | R8: Cronómetro | S8: Recorrer la distancia de 50 metros en el menor tiempo posible. Se realizarán dos intentos con un periodo de reposo entre cada uno. | T8: El registro se hará en centésimas de segundo. Se anota el mejor de los dos resultados.
C9: ESO | D9: 4 | E9: B | K9: INTESIDAD FISICA | L9: SI | M9: Test de intensidad de esfuerzos físicos | N9: fc | O9: Medición | P9: Calcular la zona de actividad a partir de la frecuencia cardiaca y ejercicio físico | Q9: Cualquier medio | R9: Cronómetro | S9: Conocer la intensidad de nuestros esfuerzos y nos va a ayudar a situarnos en la ZONA DE ACTIVIDAD apropiada según el objetivo que pretendamos. | T9: Toma el pulso nada más parar la actividad física, durante 15” y multiplica tu resultado por 4 para saber los latidos por minuto.
C10: ESO | D10: 1 | E10: A1
C11: ESO | D11: 1 | E11: A2-C
C12: BCH | D12: 1 | E12: B1
C13: BCH | D13: 1 | E13: B2
C14: BCH | D14: 2 | E14: A1
C15: BCH | D15: 2 | E15: B1
C16: BCH | D16: 2 | E16: B2
C17: BCH | D17: 2 | E17: C

Sheet ALUMNOS
A1: CICLO | B1: GRADO | C1: CURSO | D1: NOMBRE _ALUMNO | E1: GENERO
A2: {=IF(C2="","",IFERROR(INDEX(CONFIGURACION!C:C,MATCH(C2,CONFIGURACION!E:E,0)),""))} -> BCH | B2: {=IF(C2="","",IFERROR(INDEX(CONFIGURACION!D:D,MATCH(C2,CONFIGURACION!E:E,0)),""))} -> 1 | C2: B1 | D2: Manolo Díaz Camacho | E2: MASCULINO
A3: {=IF(C3="","",IFERROR(INDEX(CONFIGURACION!C:C,MATCH(C3,CONFIGURACION!E:E,0)),""))} -> BCH | B3: {=IF(C3="","",IFERROR(INDEX(CONFIGURACION!D:D,MATCH(C3,CONFIGURACION!E:E,0)),""))} -> 1 | C3: B1 | D3: María Domínguez García. | E3: FEMENINO
A4: {=IF(C4="","",IFERROR(INDEX(CONFIGURACION!C:C,MATCH(C4,CONFIGURACION!E:E,0)),""))} -> BCH | B4: {=IF(C4="","",IFERROR(INDEX(CONFIGURACION!D:D,MATCH(C4,CONFIGURACION!E:E,0)),""))} -> 1 | C4: B1 | D4: Juan Pérez Holguín | E4: MASCULINO
A5: {=IF(C5="","",IFERROR(INDEX(CONFIGURACION!C:C,MATCH(C5,CONFIGURACION!E:E,0)),""))} -> BCH | B5: {=IF(C5="","",IFERROR(INDEX(CONFIGURACION!D:D,MATCH(C5,CONFIGURACION!E:E,0)),""))} -> 1 | C5: B1 | D5: María García Andrade | E5: FEMENINO
A6: {=IF(C6="","",IFERROR(INDEX(CONFIGURACION!C:C,MATCH(C6,CONFIGURACION!E:E,0)),""))} -> BCH | B6: {=IF(C6="","",IFERROR(INDEX(CONFIGURACION!D:D,MATCH(C6,CONFIGURACION!E:E,0)),""))} -> 1 | C6: B1 | D6: Rubén Fernández Ríos | E6: MASCULINO
A7: {=IF(C7="","",IFERROR(INDEX(CONFIGURACION!C:C,MATCH(C7,CONFIGURACION!E:E,0)),""))} -> BCH | B7: {=IF(C7="","",IFERROR(INDEX(CONFIGURACION!D:D,MATCH(C7,CONFIGURACION!E:E,0)),""))} -> 1 | C7: B1 | D7: Paty Vergara González | E7: FEMENINO
A8: {=IF(C8="","",IFERROR(INDEX(CONFIGURACION!C:C,MATCH(C8,CONFIGURACION!E:E,0)),""))} -> BCH | B8: {=IF(C8="","",IFERROR(INDEX(CONFIGURACION!D:D,MATCH(C8,CONFIGURACION!E:E,0)),""))} -> 1 | C8: B1 | D8: Jorge López Ortega | E8: MASCULINO
A9: {=IF(C9="","",IFERROR(INDEX(CONFIGURACION!C:C,MATCH(C9,CONFIGURACION!E:E,0)),""))} -> BCH | B9: {=IF(C9="","",IFERROR(INDEX(CONFIGURACION!D:D,MATCH(C9,CONFIGURACION!E:E,0)),""))} -> 1 | C9: B1 | D9: Olga Contreras Méndez | E9: FEMENINO
A10: {=IF(C10="","",IFERROR(INDEX(CONFIGURACION!C:C,MATCH(C10,CONFIGURACION!E:E,0)),""))} -> BCH | B10: {=IF(C10="","",IFERROR(INDEX(CONFIGURACION!D:D,MATCH(C10,CONFIGURACION!E:E,0)),""))} -> 1 | C10: B1 | D10: Job Gabriel Yepes Espitia | E10: MASCULINO
A11: {=IF(C11="","",IFERROR(INDEX(CONFIGURACION!C:C,MATCH(C11,CONFIGURACION!E:E,0)),""))} -> BCH | B11: {=IF(C11="","",IFERROR(INDEX(CONFIGURACION!D:D,MATCH(C11,CONFIGURACION!E:E,0)),""))} -> 1 | C11: B1 | D11: Gloria Patricia Rincón Montoya | E11: FEMENINO
A12: {=IF(C12="","",IFERROR(INDEX(CONFIGURACION!C:C,MATCH(C12,CONFIGURACION!E:E,0)),""))} -> BCH | B12: {=IF(C12="","",IFERROR(INDEX(CONFIGURACION!D:D,MATCH(C12,CONFIGURACION!E:E,0)),""))} -> 1 | C12: B1 | D12: Carlos Antonio Barragán Torres | E12: MASCULINO
A13: {=IF(C13="","",IFERROR(INDEX(CONFIGURACION!C:C,MATCH(C13,CONFIGURACION!E:E,0)),""))} -> BCH | B13: {=IF(C13="","",IFERROR(INDEX(CONFIGURACION!D:D,MATCH(C13,CONFIGURACION!E:E,0)),""))} -> 1 | C13: B1 | D13: Daniel Efren Daza Timaná | E13: MASCULINO
... A23: {=IF(C23="","",IFERROR(INDEX(CONFIGURACION!C:C,MATCH(C23,CONFIGURACION!E:E,0)),""))} -> BCH | B23: {=IF(C23="","",IFERROR(INDEX(CONFIGURACION!D:D,MATCH(C23,CONFIGURACION!E:E,0)),""))} -> 1 | C23: B1 | D23: Roberto Urriaga Bonachera | E23: MASCULINO
A24: {=IF(C24="","",IFERROR(INDEX(CONFIGURACION!C:C,MATCH(C24,CONFIGURACION!E:E,0)),""))} | B24: {=IF(C24="","",IFERROR(INDEX(CONFIGURACION!D:D,MATCH(C24,CONFIGURACION!E:E,0)),""))}
A25: {=IF(I25="","",IFERROR(INDEX(CONFIGURACION!H:H,MATCH(I25,CONFIGURACION!J:J,0)),""))} | B25: {=IF(I25="","",IFERROR(INDEX(CONFIGURACION!I:I,MATCH(I25,CONFIGURACION!J:J,0)),""))}
A26: {=IF(I26="","",IFERROR(INDEX(CONFIGURACION!H:H,MATCH(I26,CONFIGURACION!J:J,0)),""))} | B26: {=IF(I26="","",IFERROR(INDEX(CONFIGURACION!I:I,MATCH(I26,CONFIGURACION!J:J,0)),""))}
A27: {=IF(I27="","",IFERROR(INDEX(CONFIGURACION!H:H,MATCH(I27,CONFIGURACION!J:J,0)),""))} | B27: {=IF(I27="","",IFERROR(INDEX(CONFIGURACION!I:I,MATCH(I27,CONFIGURACION!J:J,0)),""))}
A28: {=IF(I28="","",IFERROR(INDEX(CONFIGURACION!H:H,MATCH(I28,CONFIGURACION!J:J,0)),""))} | B28: {=IF(I28="","",IFERROR(INDEX(CONFIGURACION!I:I,MATCH(I28,CONFIGURACION!J:J,0)),""))}
A29: {=IF(I29="","",IFERROR(INDEX(CONFIGURACION!H:H,MATCH(I29,CONFIGURACION!J:J,0)),""))} | B29: {=IF(I29="","",IFERROR(INDEX(CONFIGURACION!I:I,MATCH(I29,CONFIGURACION!J:J,0)),""))}
A30: {=IF(I30="","",IFERROR(INDEX(CONFIGURACION!H:H,MATCH(I30,CONFIGURACION!J:J,0)),""))} | B30: {=IF(I30="","",IFERROR(INDEX(CONFIGURACION!I:I,MATCH(I30,CONFIGURACION!J:J,0)),""))}
A31: {=IF(I31="","",IFERROR(INDEX(CONFIGURACION!H:H,MATCH(I31,CONFIGURACION!J:J,0)),""))} | B31: {=IF(I31="","",IFERROR(INDEX(CONFIGURACION!I:I,MATCH(I31,CONFIGURACION!J:J,0)),""))}
A32: {=IF(I32="","",IFERROR(INDEX(CONFIGURACION!H:H,MATCH(I32,CONFIGURACION!J:J,0)),""))} | B32: {=IF(I32="","",IFERROR(INDEX(CONFIGURACION!I:I,MATCH(I32,CONFIGURACION!J:J,0)),""))}
A33: {=IF(I33="","",IFERROR(INDEX(CONFIGURACION!H:H,MATCH(I33,CONFIGURACION!J:J,0)),""))} | B33: {=IF(I33="","",IFERROR(INDEX(CONFIGURACION!I:I,MATCH(I33,CONFIGURACION!J:J,0)),""))}
A34: {=IF(I34="","",IFERROR(INDEX(CONFIGURACION!H:H,MATCH(I34,CONFIGURACION!J:J,0)),""))} | B34: {=IF(I34="","",IFERROR(INDEX(CONFIGURACION!I:I,MATCH(I34,CONFIGURACION!J:J,0)),""))}
A35: {=IF(I35="","",IFERROR(INDEX(CONFIGURACION!H:H,MATCH(I35,CONFIGURACION!J:J,0)),""))} | B35: {=IF(I35="","",IFERROR(INDEX(CONFIGURACION!I:I,MATCH(I35,CONFIGURACION!J:J,0)),""))}
A36: {=IF(I36="","",IFERROR(INDEX(CONFIGURACION!H:H,MATCH(I36,CONFIGURACION!J:J,0)),""))} | B36: {=IF(I36="","",IFERROR(INDEX(CONFIGURACION!I:I,MATCH(I36,CONFIGURACION!J:J,0)),""))}
... A499: {=IF(I499="","",IFERROR(INDEX(CONFIGURACION!H:H,MATCH(I499,CONFIGURACION!J:J,0)),""))} | B499: {=IF(I499="","",IFERROR(INDEX(CONFIGURACION!I:I,MATCH(I499,CONFIGURACION!J:J,0)),""))}
A500: CICLO | B500: GRADO | C500: CURSO
A501: {=IF(I501="","",IFERROR(INDEX(CONFIGURACION!H:H,MATCH(I501,CONFIGURACION!J:J,0)),""))} | B501: {=IF(I501="","",IFERROR(INDEX(CONFIGURACION!I:I,MATCH(I501,CONFIGURACION!J:J,0)),""))} | C501: B1
A502: {=IF(I502="","",IFERROR(INDEX(CONFIGURACION!H:H,MATCH(I502,CONFIGURACION!J:J,0)),""))} | B502: {=IF(I502="","",IFERROR(INDEX(CONFIGURACION!I:I,MATCH(I502,CONFIGURACION!J:J,0)),""))} | C502: B1
A503: {=IF(I503="","",IFERROR(INDEX(CONFIGURACION!H:H,MATCH(I503,CONFIGURACION!J:J,0)),""))} | B503: {=IF(I503="","",IFERROR(INDEX(CONFIGURACION!I:I,MATCH(I503,CONFIGURACION!J:J,0)),""))} | C503: B1
A504: {=IF(I504="","",IFERROR(INDEX(CONFIGURACION!H:H,MATCH(I504,CONFIGURACION!J:J,0)),""))} | B504: {=IF(I504="","",IFERROR(INDEX(CONFIGURACION!I:I,MATCH(I504,CONFIGURACION!J:J,0)),""))} | C504: B1
A505: {=IF(I505="","",IFERROR(INDEX(CONFIGURACION!H:H,MATCH(I505,CONFIGURACION!J:J,0)),""))} | B505: {=IF(I505="","",IFERROR(INDEX(CONFIGURACION!I:I,MATCH(I505,CONFIGURACION!J:J,0)),""))} | C505: B1
A506: {=IF(I506="","",IFERROR(INDEX(CONFIGURACION!H:H,MATCH(I506,CONFIGURACION!J:J,0)),""))} | B506: {=IF(I506="","",IFERROR(INDEX(CONFIGURACION!I:I,MATCH(I506,CONFIGURACION!J:J,0)),""))} | C506: B1
A507: {=IF(I507="","",IFERROR(INDEX(CONFIGURACION!H:H,MATCH(I507,CONFIGURACION!J:J,0)),""))} | B507: {=IF(I507="","",IFERROR(INDEX(CONFIGURACION!I:I,MATCH(I507,CONFIGURACION!J:J,0)),""))} | C507: B1
A508: {=IF(I508="","",IFERROR(INDEX(CONFIGURACION!H:H,MATCH(I508,CONFIGURACION!J:J,0)),""))} | B508: {=IF(I508="","",IFERROR(INDEX(CONFIGURACION!I:I,MATCH(I508,CONFIGURACION!J:J,0)),""))} | C508: B1
A509: {=IF(I509="","",IFERROR(INDEX(CONFIGURACION!H:H,MATCH(I509,CONFIGURACION!J:J,0)),""))} | B509: {=IF(I509="","",IFERROR(INDEX(CONFIGURACION!I:I,MATCH(I509,CONFIGURACION!J:J,0)),""))} | C509: B1
A510: {=IF(I510="","",IFERROR(INDEX(CONFIGURACION!H:H,MATCH(I510,CONFIGURACION!J:J,0)),""))} | B510: {=IF(I510="","",IFERROR(INDEX(CONFIGURACION!I:I,MATCH(I510,CONFIGURACION!J:J,0)),""))} | C510: B1
A511: {=IF(I511="","",IFERROR(INDEX(CONFIGURACION!H:H,MATCH(I511,CONFIGURACION!J:J,0)),""))} | B511: {=IF(I511="","",IFERROR(INDEX(CONFIGURACION!I:I,MATCH(I511,CONFIGURACION!J:J,0)),""))} | C511: B1
A512: {=IF(I512="","",IFERROR(INDEX(CONFIGURACION!H:H,MATCH(I512,CONFIGURACION!J:J,0)),""))} | B512: {=IF(I512="","",IFERROR(INDEX(CONFIGURACION!I:I,MATCH(I512,CONFIGURACION!J:J,0)),""))} | C512: B1
... A522: {=IF(I522="","",IFERROR(INDEX(CONFIGURACION!H:H,MATCH(I522,CONFIGURACION!J:J,0)),""))} | B522: {=IF(I522="","",IFERROR(INDEX(CONFIGURACION!I:I,MATCH(I522,CONFIGURACION!J:J,0)),""))} | C522: B1
A523: {=IF(I523="","",IFERROR(INDEX(CONFIGURACION!H:H,MATCH(I523,CONFIGURACION!J:J,0)),""))} | B523: {=IF(I523="","",IFERROR(INDEX(CONFIGURACION!I:I,MATCH(I523,CONFIGURACION!J:J,0)),""))}
A524: {=IF(I524="","",IFERROR(INDEX(CONFIGURACION!H:H,MATCH(I524,CONFIGURACION!J:J,0)),""))} | B524: {=IF(I524="","",IFERROR(INDEX(CONFIGURACION!I:I,MATCH(I524,CONFIGURACION!J:J,0)),""))}
A525: {=IF(I525="","",IFERROR(INDEX(CONFIGURACION!H:H,MATCH(I525,CONFIGURACION!J:J,0)),""))} | B525: {=IF(I525="","",IFERROR(INDEX(CONFIGURACION!I:I,MATCH(I525,CONFIGURACION!J:J,0)),""))}
A526: {=IF(I526="","",IFERROR(INDEX(CONFIGURACION!H:H,MATCH(I526,CONFIGURACION!J:J,0)),""))} | B526: {=IF(I526="","",IFERROR(INDEX(CONFIGURACION!I:I,MATCH(I526,CONFIGURACION!J:J,0)),""))}
A527: {=IF(I527="","",IFERROR(INDEX(CONFIGURACION!H:H,MATCH(I527,CONFIGURACION!J:J,0)),""))} | B527: {=IF(I527="","",IFERROR(INDEX(CONFIGURACION!I:I,MATCH(I527,CONFIGURACION!J:J,0)),""))}
A528: {=IF(I528="","",IFERROR(INDEX(CONFIGURACION!H:H,MATCH(I528,CONFIGURACION!J:J,0)),""))} | B528: {=IF(I528="","",IFERROR(INDEX(CONFIGURACION!I:I,MATCH(I528,CONFIGURACION!J:J,0)),""))}
A529: {=IF(I529="","",IFERROR(INDEX(CONFIGURACION!H:H,MATCH(I529,CONFIGURACION!J:J,0)),""))} | B529: {=IF(I529="","",IFERROR(INDEX(CONFIGURACION!I:I,MATCH(I529,CONFIGURACION!J:J,0)),""))}
A530: {=IF(I530="","",IFERROR(INDEX(CONFIGURACION!H:H,MATCH(I530,CONFIGURACION!J:J,0)),""))} | B530: {=IF(I530="","",IFERROR(INDEX(CONFIGURACION!I:I,MATCH(I530,CONFIGURACION!J:J,0)),""))}
A531: {=IF(I531="","",IFERROR(INDEX(CONFIGURACION!H:H,MATCH(I531,CONFIGURACION!J:J,0)),""))} | B531: {=IF(I531="","",IFERROR(INDEX(CONFIGURACION!I:I,MATCH(I531,CONFIGURACION!J:J,0)),""))}
A532: {=IF(I532="","",IFERROR(INDEX(CONFIGURACION!H:H,MATCH(I532,CONFIGURACION!J:J,0)),""))} | B532: {=IF(I532="","",IFERROR(INDEX(CONFIGURACION!I:I,MATCH(I532,CONFIGURACION!J:J,0)),""))}
A533: {=IF(I533="","",IFERROR(INDEX(CONFIGURACION!H:H,MATCH(I533,CONFIGURACION!J:J,0)),""))} | B533: {=IF(I533="","",IFERROR(INDEX(CONFIGURACION!I:I,MATCH(I533,CONFIGURACION!J:J,0)),""))}
A534: {=IF(I534="","",IFERROR(INDEX(CONFIGURACION!H:H,MATCH(I534,CONFIGURACION!J:J,0)),""))} | B534: {=IF(I534="","",IFERROR(INDEX(CONFIGURACION!I:I,MATCH(I534,CONFIGURACION!J:J,0)),""))}
... A998: {=IF(I998="","",IFERROR(INDEX(CONFIGURACION!H:H,MATCH(I998,CONFIGURACION!J:J,0)),""))} | B998: {=IF(I998="","",IFERROR(INDEX(CONFIGURACION!I:I,MATCH(I998,CONFIGURACION!J:J,0)),""))}

Sheet DATOS
A1: CICLO | B1: GRADO | C1: GENERO | D1: PRUEBA | E1: CURSO | F1: NOMBRE _ALUMNO | G1: PERIODO | H1: MEDICION | I1: NOMBRE _CORTO | J1: POSICION_TABLA | K1: BAREMO
A2: {=IF(E2="","",IFERROR(INDEX(CONFIGURACION!C:C,MATCH(E2,CONFIGURACION!E:E,0)),""))} -> BCH | B2: {=IF(E2="","",IFERROR(INDEX(CONFIGURACION!D:D,MATCH(E2,CONFIGURACION!E:E,0)),""))} -> 1 | C2: MASCULINO | D2: COOPER | E2: B1 | F2: Manolo Díaz Camacho | G2: 1 TRIMESTRE | H2: 1900 | I2: =IFERROR(__xludf.DUMMYFUNCTION("IF(F2="""","""",LET( nombre, TRIM(F2), primer, REGEXEXTRACT(nombre, ""^\S+""), resto, TRIM(REGEXREPLACE(nombre, ""^\S+\s*"", """")), iniciales, IF( resto="""", """", TEXTJOIN("""",1,ARRAYFORMULA(LEFT(SPLIT(resto,"" ""),1) & ""."")) )"&", UPPER(primer) & "" "" & UPPER(iniciales) ))"),"MANOLO D.C.") -> MANOLO D.C. | J2: =IFERROR(__xludf.DUMMYFUNCTION("IF(H2="""","""",IFERROR( IF(REGEXMATCH(E2,""VELOCIDAD""), IF(H2>=MAX(INDEX(BAREMOS!F:X,MATCH(1,(BAREMOS!A:A=A2)*(BAREMOS!B:B=B2)*(BAREMOS!C:C=C2)*(BAREMOS!D:D=D2),0),0)),1, IF(H2<=MIN(INDEX(BAREMOS!F:X,MATCH(1,(BAREMOS!A:A=A2)*(BAREMOS!B:B=B2)*(B"&"AREMOS!C:C=C2)*(BAREMOS!D:D=D2),0),0)),19, MATCH(H2,INDEX(BAREMOS!F:X,MATCH(1,(BAREMOS!A:A=A2)*(BAREMOS!B:B=B2)*(BAREMOS!C:C=C2)*(BAREMOS!D:D=D2),0),0),-1) ) ), IF(H2<=MIN(INDEX(BAREMOS!F:X,MATCH(1,(BAREMOS!A:A=A2)*(BAREMOS!B:B=B2)*(B"&"AREMOS!C:C=C2)*(BAREMOS!D:D=D2),0),0)),1, IF(H2>=MAX(INDEX(BAREMOS!F:X,MATCH(1,(BAREMOS!A:A=A2)*(BAREMOS!B:B=B2)*(BAREMOS!C:C=C2)*(BAREMOS!D:D=D2),0),0)),19, MATCH(H2,INDEX(BAREMOS!F:X,MATCH(1,(BAREMOS!A:A=A2)*(BAREMOS!B:B=B2)*(BAREMOS!C:C="&"C2)*(BAREMOS!D:D=D2),0),0),1) ) ) ) ,"""")) "),1.0) -> 1 | K2: =IF(J2="","",INDEX(SEQUENCE(1,19,1,0.5),1,J2)) -> 1 | M2: PUNTUACIONES X ALUMNO
A3: {=IF(E3="","",IFERROR(INDEX(CONFIGURACION!C:C,MATCH(E3,CONFIGURACION!E:E,0)),""))} -> BCH | B3: {=IF(E3="","",IFERROR(INDEX(CONFIGURACION!D:D,MATCH(E3,CONFIGURACION!E:E,0)),""))} -> 1 | C3: FEMENINO | D3: S. HORIZONTAL | E3: B1 | F3: María Domínguez García. | G3: 1 TRIMESTRE | H3: 33 | I3: =IFERROR(__xludf.DUMMYFUNCTION("IF(F3="""","""",LET( nombre, TRIM(F3), primer, REGEXEXTRACT(nombre, ""^\S+""), resto, TRIM(REGEXREPLACE(nombre, ""^\S+\s*"", """")), iniciales, IF( resto="""", """", TEXTJOIN("""",1,ARRAYFORMULA(LEFT(SPLIT(resto,"" ""),1) & ""."")) )"&", UPPER(primer) & "" "" & UPPER(iniciales) ))"),"MARÍA D.G.") -> MARÍA D.G. | J3: =IFERROR(__xludf.DUMMYFUNCTION("IF(H3="""","""",IFERROR( IF(REGEXMATCH(E3,""VELOCIDAD""), IF(H3>=MAX(INDEX(BAREMOS!F:X,MATCH(1,(BAREMOS!A:A=A3)*(BAREMOS!B:B=B3)*(BAREMOS!C:C=C3)*(BAREMOS!D:D=D3),0),0)),1, IF(H3<=MIN(INDEX(BAREMOS!F:X,MATCH(1,(BAREMOS!A:A=A3)*(BAREMOS!B:B=B3)*(B"&"AREMOS!C:C=C3)*(BAREMOS!D:D=D3),0),0)),19, MATCH(H3,INDEX(BAREMOS!F:X,MATCH(1,(BAREMOS!A:A=A3)*(BAREMOS!B:B=B3)*(BAREMOS!C:C=C3)*(BAREMOS!D:D=D3),0),0),-1) ) ), IF(H3<=MIN(INDEX(BAREMOS!F:X,MATCH(1,(BAREMOS!A:A=A3)*(BAREMOS!B:B=B3)*(B"&"AREMOS!C:C=C3)*(BAREMOS!D:D=D3),0),0)),1, IF(H3>=MAX(INDEX(BAREMOS!F:X,MATCH(1,(BAREMOS!A:A=A3)*(BAREMOS!B:B=B3)*(BAREMOS!C:C=C3)*(BAREMOS!D:D=D3),0),0)),19, MATCH(H3,INDEX(BAREMOS!F:X,MATCH(1,(BAREMOS!A:A=A3)*(BAREMOS!B:B=B3)*(BAREMOS!C:C="&"C3)*(BAREMOS!D:D=D3),0),0),1) ) ) ) ,"""")) "),1.0) -> 1 | K3: =IF(J3="","",INDEX(SEQUENCE(1,19,1,0.5),1,J3)) -> 1 | M3: PROMEDIO DE PUNTUACIONES BAREMO X ALUMNO
A4: {=IF(E4="","",IFERROR(INDEX(CONFIGURACION!C:C,MATCH(E4,CONFIGURACION!E:E,0)),""))} -> BCH | B4: {=IF(E4="","",IFERROR(INDEX(CONFIGURACION!D:D,MATCH(E4,CONFIGURACION!E:E,0)),""))} -> 1 | C4: MASCULINO | D4: S. VERTICAL | E4: B1 | F4: Juan Pérez Holguín | G4: 1 TRIMESTRE | H4: 37 | I4: =IFERROR(__xludf.DUMMYFUNCTION("IF(F4="""","""",LET( nombre, TRIM(F4), primer, REGEXEXTRACT(nombre, ""^\S+""), resto, TRIM(REGEXREPLACE(nombre, ""^\S+\s*"", """")), iniciales, IF( resto="""", """", TEXTJOIN("""",1,ARRAYFORMULA(LEFT(SPLIT(resto,"" ""),1) & ""."")) )"&", UPPER(primer) & "" "" & UPPER(iniciales) ))"),"JUAN P.H.") -> JUAN P.H. | J4: =IFERROR(__xludf.DUMMYFUNCTION("IF(H4="""","""",IFERROR( IF(REGEXMATCH(E4,""VELOCIDAD""), IF(H4>=MAX(INDEX(BAREMOS!F:X,MATCH(1,(BAREMOS!A:A=A4)*(BAREMOS!B:B=B4)*(BAREMOS!C:C=C4)*(BAREMOS!D:D=D4),0),0)),1, IF(H4<=MIN(INDEX(BAREMOS!F:X,MATCH(1,(BAREMOS!A:A=A4)*(BAREMOS!B:B=B4)*(B"&"AREMOS!C:C=C4)*(BAREMOS!D:D=D4),0),0)),19, MATCH(H4,INDEX(BAREMOS!F:X,MATCH(1,(BAREMOS!A:A=A4)*(BAREMOS!B:B=B4)*(BAREMOS!C:C=C4)*(BAREMOS!D:D=D4),0),0),-1) ) ), IF(H4<=MIN(INDEX(BAREMOS!F:X,MATCH(1,(BAREMOS!A:A=A4)*(BAREMOS!B:B=B4)*(B"&"AREMOS!C:C=C4)*(BAREMOS!D:D=D4),0),0)),1, IF(H4>=MAX(INDEX(BAREMOS!F:X,MATCH(1,(BAREMOS!A:A=A4)*(BAREMOS!B:B=B4)*(BAREMOS!C:C=C4)*(BAREMOS!D:D=D4),0),0)),19, MATCH(H4,INDEX(BAREMOS!F:X,MATCH(1,(BAREMOS!A:A=A4)*(BAREMOS!B:B=B4)*(BAREMOS!C:C="&"C4)*(BAREMOS!D:D=D4),0),0),1) ) ) ) ,"""")) "),3.0) -> 3 | K4: =IF(J4="","",INDEX(SEQUENCE(1,19,1,0.5),1,J4)) -> 2 | M4: PROMEDIO DE PUNTUACIONES BAREMO X CURSO
A5: {=IF(E5="","",IFERROR(INDEX(CONFIGURACION!C:C,MATCH(E5,CONFIGURACION!E:E,0)),""))} -> BCH | B5: {=IF(E5="","",IFERROR(INDEX(CONFIGURACION!D:D,MATCH(E5,CONFIGURACION!E:E,0)),""))} -> 1 | C5: FEMENINO | D5: S. HORIZONTAL | E5: B1 | F5: María García Andrade | G5: 1 TRIMESTRE | H5: 144 | I5: =IFERROR(__xludf.DUMMYFUNCTION("IF(F5="""","""",LET( nombre, TRIM(F5), primer, REGEXEXTRACT(nombre, ""^\S+""), resto, TRIM(REGEXREPLACE(nombre, ""^\S+\s*"", """")), iniciales, IF( resto="""", """", TEXTJOIN("""",1,ARRAYFORMULA(LEFT(SPLIT(resto,"" ""),1) & ""."")) )"&", UPPER(primer) & "" "" & UPPER(iniciales) ))"),"MARÍA G.A.") -> MARÍA G.A. | J5: =IFERROR(__xludf.DUMMYFUNCTION("IF(H5="""","""",IFERROR( IF(REGEXMATCH(E5,""VELOCIDAD""), IF(H5>=MAX(INDEX(BAREMOS!F:X,MATCH(1,(BAREMOS!A:A=A5)*(BAREMOS!B:B=B5)*(BAREMOS!C:C=C5)*(BAREMOS!D:D=D5),0),0)),1, IF(H5<=MIN(INDEX(BAREMOS!F:X,MATCH(1,(BAREMOS!A:A=A5)*(BAREMOS!B:B=B5)*(B"&"AREMOS!C:C=C5)*(BAREMOS!D:D=D5),0),0)),19, MATCH(H5,INDEX(BAREMOS!F:X,MATCH(1,(BAREMOS!A:A=A5)*(BAREMOS!B:B=B5)*(BAREMOS!C:C=C5)*(BAREMOS!D:D=D5),0),0),-1) ) ), IF(H5<=MIN(INDEX(BAREMOS!F:X,MATCH(1,(BAREMOS!A:A=A5)*(BAREMOS!B:B=B5)*(B"&"AREMOS!C:C=C5)*(BAREMOS!D:D=D5),0),0)),1, IF(H5>=MAX(INDEX(BAREMOS!F:X,MATCH(1,(BAREMOS!A:A=A5)*(BAREMOS!B:B=B5)*(BAREMOS!C:C=C5)*(BAREMOS!D:D=D5),0),0)),19, MATCH(H5,INDEX(BAREMOS!F:X,MATCH(1,(BAREMOS!A:A=A5)*(BAREMOS!B:B=B5)*(BAREMOS!C:C="&"C5)*(BAREMOS!D:D=D5),0),0),1) ) ) ) ,"""")) "),2.0) -> 2 | K5: =IF(J5="","",INDEX(SEQUENCE(1,19,1,0.5),1,J5)) -> 1.5 | M5: COMPARACIÓN DE MEJORA
A6: {=IF(E6="","",IFERROR(INDEX(CONFIGURACION!C:C,MATCH(E6,CONFIGURACION!E:E,0)),""))} -> BCH | B6: {=IF(E6="","",IFERROR(INDEX(CONFIGURACION!D:D,MATCH(E6,CONFIGURACION!E:E,0)),""))} -> 1 | C6: MASCULINO | D6: ABDOMINALES | E6: B1 | F6: Rubén Fernández Ríos | G6: 1 TRIMESTRE | H6: 30 | I6: =IFERROR(__xludf.DUMMYFUNCTION("IF(F6="""","""",LET( nombre, TRIM(F6), primer, REGEXEXTRACT(nombre, ""^\S+""), resto, TRIM(REGEXREPLACE(nombre, ""^\S+\s*"", """")), iniciales, IF( resto="""", """", TEXTJOIN("""",1,ARRAYFORMULA(LEFT(SPLIT(resto,"" ""),1) & ""."")) )"&", UPPER(primer) & "" "" & UPPER(iniciales) ))"),"RUBÉN F.R.") -> RUBÉN F.R. | J6: =IFERROR(__xludf.DUMMYFUNCTION("IF(H6="""","""",IFERROR( IF(REGEXMATCH(E6,""VELOCIDAD""), IF(H6>=MAX(INDEX(BAREMOS!F:X,MATCH(1,(BAREMOS!A:A=A6)*(BAREMOS!B:B=B6)*(BAREMOS!C:C=C6)*(BAREMOS!D:D=D6),0),0)),1, IF(H6<=MIN(INDEX(BAREMOS!F:X,MATCH(1,(BAREMOS!A:A=A6)*(BAREMOS!B:B=B6)*(B"&"AREMOS!C:C=C6)*(BAREMOS!D:D=D6),0),0)),19, MATCH(H6,INDEX(BAREMOS!F:X,MATCH(1,(BAREMOS!A:A=A6)*(BAREMOS!B:B=B6)*(BAREMOS!C:C=C6)*(BAREMOS!D:D=D6),0),0),-1) ) ), IF(H6<=MIN(INDEX(BAREMOS!F:X,MATCH(1,(BAREMOS!A:A=A6)*(BAREMOS!B:B=B6)*(B"&"AREMOS!C:C=C6)*(BAREMOS!D:D=D6),0),0)),1, IF(H6>=MAX(INDEX(BAREMOS!F:X,MATCH(1,(BAREMOS!A:A=A6)*(BAREMOS!B:B=B6)*(BAREMOS!C:C=C6)*(BAREMOS!D:D=D6),0),0)),19, MATCH(H6,INDEX(BAREMOS!F:X,MATCH(1,(BAREMOS!A:A=A6)*(BAREMOS!B:B=B6)*(BAREMOS!C:C="&"C6)*(BAREMOS!D:D=D6),0),0),1) ) ) ) ,"""")) "),15.0) -> 15 | K6: =IF(J6="","",INDEX(SEQUENCE(1,19,1,0.5),1,J6)) -> 8
A7: {=IF(E7="","",IFERROR(INDEX(CONFIGURACION!C:C,MATCH(E7,CONFIGURACION!E:E,0)),""))} -> BCH | B7: {=IF(E7="","",IFERROR(INDEX(CONFIGURACION!D:D,MATCH(E7,CONFIGURACION!E:E,0)),""))} -> 1 | C7: FEMENINO | D7: L. BALON | E7: B1 | F7: Paty Vergara González | G7: 1 TRIMESTRE | H7: 46238 | I7: =IFERROR(__xludf.DUMMYFUNCTION("IF(F7="""","""",LET( nombre, TRIM(F7), primer, REGEXEXTRACT(nombre, ""^\S+""), resto, TRIM(REGEXREPLACE(nombre, ""^\S+\s*"", """")), iniciales, IF( resto="""", """", TEXTJOIN("""",1,ARRAYFORMULA(LEFT(SPLIT(resto,"" ""),1) & ""."")) )"&", UPPER(primer) & "" "" & UPPER(iniciales) ))"),"PATY V.G.") -> PATY V.G. | J7: =IFERROR(__xludf.DUMMYFUNCTION("IF(H7="""","""",IFERROR( IF(REGEXMATCH(E7,""VELOCIDAD""), IF(H7>=MAX(INDEX(BAREMOS!F:X,MATCH(1,(BAREMOS!A:A=A7)*(BAREMOS!B:B=B7)*(BAREMOS!C:C=C7)*(BAREMOS!D:D=D7),0),0)),1, IF(H7<=MIN(INDEX(BAREMOS!F:X,MATCH(1,(BAREMOS!A:A=A7)*(BAREMOS!B:B=B7)*(B"&"AREMOS!C:C=C7)*(BAREMOS!D:D=D7),0),0)),19, MATCH(H7,INDEX(BAREMOS!F:X,MATCH(1,(BAREMOS!A:A=A7)*(BAREMOS!B:B=B7)*(BAREMOS!C:C=C7)*(BAREMOS!D:D=D7),0),0),-1) ) ), IF(H7<=MIN(INDEX(BAREMOS!F:X,MATCH(1,(BAREMOS!A:A=A7)*(BAREMOS!B:B=B7)*(B"&"AREMOS!C:C=C7)*(BAREMOS!D:D=D7),0),0)),1, IF(H7>=MAX(INDEX(BAREMOS!F:X,MATCH(1,(BAREMOS!A:A=A7)*(BAREMOS!B:B=B7)*(BAREMOS!C:C=C7)*(BAREMOS!D:D=D7),0),0)),19, MATCH(H7,INDEX(BAREMOS!F:X,MATCH(1,(BAREMOS!A:A=A7)*(BAREMOS!B:B=B7)*(BAREMOS!C:C="&"C7)*(BAREMOS!D:D=D7),0),0),1) ) ) ) ,"""")) "),14.0) -> 14 | K7: =IF(J7="","",INDEX(SEQUENCE(1,19,1,0.5),1,J7)) -> 7.5
A8: {=IF(E8="","",IFERROR(INDEX(CONFIGURACION!C:C,MATCH(E8,CONFIGURACION!E:E,0)),""))} -> BCH | B8: {=IF(E8="","",IFERROR(INDEX(CONFIGURACION!D:D,MATCH(E8,CONFIGURACION!E:E,0)),""))} -> 1 | C8: MASCULINO | D8: VELOCIDAD | E8: B1 | F8: Jorge López Ortega | G8: 1 TRIMESTRE | H8: 7 | I8: =IFERROR(__xludf.DUMMYFUNCTION("IF(F8="""","""",LET( nombre, TRIM(F8), primer, REGEXEXTRACT(nombre, ""^\S+""), resto, TRIM(REGEXREPLACE(nombre, ""^\S+\s*"", """")), iniciales, IF( resto="""", """", TEXTJOIN("""",1,ARRAYFORMULA(LEFT(SPLIT(resto,"" ""),1) & ""."")) )"&", UPPER(primer) & "" "" & UPPER(iniciales) ))"),"JORGE L.O.") -> JORGE L.O. | J8: =IFERROR(__xludf.DUMMYFUNCTION("IF(H8="""","""",IFERROR( IF(REGEXMATCH(E8,""VELOCIDAD""), IF(H8>=MAX(INDEX(BAREMOS!F:X,MATCH(1,(BAREMOS!A:A=A8)*(BAREMOS!B:B=B8)*(BAREMOS!C:C=C8)*(BAREMOS!D:D=D8),0),0)),1, IF(H8<=MIN(INDEX(BAREMOS!F:X,MATCH(1,(BAREMOS!A:A=A8)*(BAREMOS!B:B=B8)*(B"&"AREMOS!C:C=C8)*(BAREMOS!D:D=D8),0),0)),19, MATCH(H8,INDEX(BAREMOS!F:X,MATCH(1,(BAREMOS!A:A=A8)*(BAREMOS!B:B=B8)*(BAREMOS!C:C=C8)*(BAREMOS!D:D=D8),0),0),-1) ) ), IF(H8<=MIN(INDEX(BAREMOS!F:X,MATCH(1,(BAREMOS!A:A=A8)*(BAREMOS!B:B=B8)*(B"&"AREMOS!C:C=C8)*(BAREMOS!D:D=D8),0),0)),1, IF(H8>=MAX(INDEX(BAREMOS!F:X,MATCH(1,(BAREMOS!A:A=A8)*(BAREMOS!B:B=B8)*(BAREMOS!C:C=C8)*(BAREMOS!D:D=D8),0),0)),19, MATCH(H8,INDEX(BAREMOS!F:X,MATCH(1,(BAREMOS!A:A=A8)*(BAREMOS!B:B=B8)*(BAREMOS!C:C="&"C8)*(BAREMOS!D:D=D8),0),0),1) ) ) ) ,"""")) "),1.0) -> 1 | K8: =IF(J8="","",INDEX(SEQUENCE(1,19,1,0.5),1,J8)) -> 1
A9: {=IF(E9="","",IFERROR(INDEX(CONFIGURACION!C:C,MATCH(E9,CONFIGURACION!E:E,0)),""))} -> BCH | B9: {=IF(E9="","",IFERROR(INDEX(CONFIGURACION!D:D,MATCH(E9,CONFIGURACION!E:E,0)),""))} -> 1 | C9: FEMENINO | D9: COOPER | E9: B1 | F9: Olga Contreras Méndez | G9: 1 TRIMESTRE | H9: 2700 | I9: =IFERROR(__xludf.DUMMYFUNCTION("IF(F9="""","""",LET( nombre, TRIM(F9), primer, REGEXEXTRACT(nombre, ""^\S+""), resto, TRIM(REGEXREPLACE(nombre, ""^\S+\s*"", """")), iniciales, IF( resto="""", """", TEXTJOIN("""",1,ARRAYFORMULA(LEFT(SPLIT(resto,"" ""),1) & ""."")) )"&", UPPER(primer) & "" "" & UPPER(iniciales) ))"),"OLGA C.M.") -> OLGA C.M. | J9: =IFERROR(__xludf.DUMMYFUNCTION("IF(H9="""","""",IFERROR( IF(REGEXMATCH(E9,""VELOCIDAD""), IF(H9>=MAX(INDEX(BAREMOS!F:X,MATCH(1,(BAREMOS!A:A=A9)*(BAREMOS!B:B=B9)*(BAREMOS!C:C=C9)*(BAREMOS!D:D=D9),0),0)),1, IF(H9<=MIN(INDEX(BAREMOS!F:X,MATCH(1,(BAREMOS!A:A=A9)*(BAREMOS!B:B=B9)*(B"&"AREMOS!C:C=C9)*(BAREMOS!D:D=D9),0),0)),19, MATCH(H9,INDEX(BAREMOS!F:X,MATCH(1,(BAREMOS!A:A=A9)*(BAREMOS!B:B=B9)*(BAREMOS!C:C=C9)*(BAREMOS!D:D=D9),0),0),-1) ) ), IF(H9<=MIN(INDEX(BAREMOS!F:X,MATCH(1,(BAREMOS!A:A=A9)*(BAREMOS!B:B=B9)*(B"&"AREMOS!C:C=C9)*(BAREMOS!D:D=D9),0),0)),1, IF(H9>=MAX(INDEX(BAREMOS!F:X,MATCH(1,(BAREMOS!A:A=A9)*(BAREMOS!B:B=B9)*(BAREMOS!C:C=C9)*(BAREMOS!D:D=D9),0),0)),19, MATCH(H9,INDEX(BAREMOS!F:X,MATCH(1,(BAREMOS!A:A=A9)*(BAREMOS!B:B=B9)*(BAREMOS!C:C="&"C9)*(BAREMOS!D:D=D9),0),0),1) ) ) ) ,"""")) "),17.0) -> 17 | K9: =IF(J9="","",INDEX(SEQUENCE(1,19,1,0.5),1,J9)) -> 9
A10: {=IF(E10="","",IFERROR(INDEX(CONFIGURACION!C:C,MATCH(E10,CONFIGURACION!E:E,0)),""))} -> BCH | B10: {=IF(E10="","",IFERROR(INDEX(CONFIGURACION!D:D,MATCH(E10,CONFIGURACION!E:E,0)),""))} -> 1 | C10: MASCULINO | D10: S. HORIZONTAL | E10: B1 | F10: Job Gabriel Yepes Espitia | G10: 1 TRIMESTRE | H10: 29 | I10: =IFERROR(__xludf.DUMMYFUNCTION("IF(F10="""","""",LET( nombre, TRIM(F10), primer, REGEXEXTRACT(nombre, ""^\S+""), resto, TRIM(REGEXREPLACE(nombre, ""^\S+\s*"", """")), iniciales, IF( resto="""", """", TEXTJOIN("""",1,ARRAYFORMULA(LEFT(SPLIT(resto,"" ""),1) & ""."")) "&" ), UPPER(primer) & "" "" & UPPER(iniciales) ))"),"JOB G.Y.E.") -> JOB G.Y.E. | J10: =IFERROR(__xludf.DUMMYFUNCTION("IF(H10="""","""",IFERROR( IF(REGEXMATCH(E10,""VELOCIDAD""), IF(H10>=MAX(INDEX(BAREMOS!F:X,MATCH(1,(BAREMOS!A:A=A10)*(BAREMOS!B:B=B10)*(BAREMOS!C:C=C10)*(BAREMOS!D:D=D10),0),0)),1, IF(H10<=MIN(INDEX(BAREMOS!F:X,MATCH(1,(BAREMOS!A:A=A10)*(BAREMOS!B"&":B=B10)*(BAREMOS!C:C=C10)*(BAREMOS!D:D=D10),0),0)),19, MATCH(H10,INDEX(BAREMOS!F:X,MATCH(1,(BAREMOS!A:A=A10)*(BAREMOS!B:B=B10)*(BAREMOS!C:C=C10)*(BAREMOS!D:D=D10),0),0),-1) ) ), IF(H10<=MIN(INDEX(BAREMOS!F:X,MATCH(1,(BAREMOS!A:A=A10)*"&"(BAREMOS!B:B=B10)*(BAREMOS!C:C=C10)*(BAREMOS!D:D=D10),0),0)),1, IF(H10>=MAX(INDEX(BAREMOS!F:X,MATCH(1,(BAREMOS!A:A=A10)*(BAREMOS!B:B=B10)*(BAREMOS!C:C=C10)*(BAREMOS!D:D=D10),0),0)),19, MATCH(H10,INDEX(BAREMOS!F:X,MATCH(1,(BAREMOS!A:A=A10)*("&"BAREMOS!B:B=B10)*(BAREMOS!C:C=C10)*(BAREMOS!D:D=D10),0),0),1) ) ) ) ,"""")) "),1.0) -> 1 | K10: =IF(J10="","",INDEX(SEQUENCE(1,19,1,0.5),1,J10)) -> 1
A11: {=IF(E11="","",IFERROR(INDEX(CONFIGURACION!C:C,MATCH(E11,CONFIGURACION!E:E,0)),""))} -> BCH | B11: {=IF(E11="","",IFERROR(INDEX(CONFIGURACION!D:D,MATCH(E11,CONFIGURACION!E:E,0)),""))} -> 1 | C11: FEMENINO | D11: S. VERTICAL | E11: B1 | F11: Gloria Patricia Rincón Montoya | G11: 1 TRIMESTRE | H11: 30 | I11: =IFERROR(__xludf.DUMMYFUNCTION("IF(F11="""","""",LET( nombre, TRIM(F11), primer, REGEXEXTRACT(nombre, ""^\S+""), resto, TRIM(REGEXREPLACE(nombre, ""^\S+\s*"", """")), iniciales, IF( resto="""", """", TEXTJOIN("""",1,ARRAYFORMULA(LEFT(SPLIT(resto,"" ""),1) & ""."")) "&" ), UPPER(primer) & "" "" & UPPER(iniciales) ))"),"GLORIA P.R.M.") -> GLORIA P.R.M. | J11: =IFERROR(__xludf.DUMMYFUNCTION("IF(H11="""","""",IFERROR( IF(REGEXMATCH(E11,""VELOCIDAD""), IF(H11>=MAX(INDEX(BAREMOS!F:X,MATCH(1,(BAREMOS!A:A=A11)*(BAREMOS!B:B=B11)*(BAREMOS!C:C=C11)*(BAREMOS!D:D=D11),0),0)),1, IF(H11<=MIN(INDEX(BAREMOS!F:X,MATCH(1,(BAREMOS!A:A=A11)*(BAREMOS!B"&":B=B11)*(BAREMOS!C:C=C11)*(BAREMOS!D:D=D11),0),0)),19, MATCH(H11,INDEX(BAREMOS!F:X,MATCH(1,(BAREMOS!A:A=A11)*(BAREMOS!B:B=B11)*(BAREMOS!C:C=C11)*(BAREMOS!D:D=D11),0),0),-1) ) ), IF(H11<=MIN(INDEX(BAREMOS!F:X,MATCH(1,(BAREMOS!A:A=A11)*"&"(BAREMOS!B:B=B11)*(BAREMOS!C:C=C11)*(BAREMOS!D:D=D11),0),0)),1, IF(H11>=MAX(INDEX(BAREMOS!F:X,MATCH(1,(BAREMOS!A:A=A11)*(BAREMOS!B:B=B11)*(BAREMOS!C:C=C11)*(BAREMOS!D:D=D11),0),0)),19, MATCH(H11,INDEX(BAREMOS!F:X,MATCH(1,(BAREMOS!A:A=A11)*("&"BAREMOS!B:B=B11)*(BAREMOS!C:C=C11)*(BAREMOS!D:D=D11),0),0),1) ) ) ) ,"""")) "),6.0) -> 6 | K11: =IF(J11="","",INDEX(SEQUENCE(1,19,1,0.5),1,J11)) -> 3.5
A12: {=IF(E12="","",IFERROR(INDEX(CONFIGURACION!C:C,MATCH(E12,CONFIGURACION!E:E,0)),""))} -> BCH | B12: {=IF(E12="","",IFERROR(INDEX(CONFIGURACION!D:D,MATCH(E12,CONFIGURACION!E:E,0)),""))} -> 1 | C12: MASCULINO | D12: S. HORIZONTAL | E12: B1 | F12: Carlos Antonio Barragán Torres | G12: 1 TRIMESTRE | H12: 162 | I12: =IFERROR(__xludf.DUMMYFUNCTION("IF(F12="""","""",LET( nombre, TRIM(F12), primer, REGEXEXTRACT(nombre, ""^\S+""), resto, TRIM(REGEXREPLACE(nombre, ""^\S+\s*"", """")), iniciales, IF( resto="""", """", TEXTJOIN("""",1,ARRAYFORMULA(LEFT(SPLIT(resto,"" ""),1) & ""."")) "&" ), UPPER(primer) & "" "" & UPPER(iniciales) ))"),"CARLOS A.B.T.") -> CARLOS A.B.T. | J12: =IFERROR(__xludf.DUMMYFUNCTION("IF(H12="""","""",IFERROR( IF(REGEXMATCH(E12,""VELOCIDAD""), IF(H12>=MAX(INDEX(BAREMOS!F:X,MATCH(1,(BAREMOS!A:A=A12)*(BAREMOS!B:B=B12)*(BAREMOS!C:C=C12)*(BAREMOS!D:D=D12),0),0)),1, IF(H12<=MIN(INDEX(BAREMOS!F:X,MATCH(1,(BAREMOS!A:A=A12)*(BAREMOS!B"&":B=B12)*(BAREMOS!C:C=C12)*(BAREMOS!D:D=D12),0),0)),19, MATCH(H12,INDEX(BAREMOS!F:X,MATCH(1,(BAREMOS!A:A=A12)*(BAREMOS!B:B=B12)*(BAREMOS!C:C=C12)*(BAREMOS!D:D=D12),0),0),-1) ) ), IF(H12<=MIN(INDEX(BAREMOS!F:X,MATCH(1,(BAREMOS!A:A=A12)*"&"(BAREMOS!B:B=B12)*(BAREMOS!C:C=C12)*(BAREMOS!D:D=D12),0),0)),1, IF(H12>=MAX(INDEX(BAREMOS!F:X,MATCH(1,(BAREMOS!A:A=A12)*(BAREMOS!B:B=B12)*(BAREMOS!C:C=C12)*(BAREMOS!D:D=D12),0),0)),19, MATCH(H12,INDEX(BAREMOS!F:X,MATCH(1,(BAREMOS!A:A=A12)*("&"BAREMOS!B:B=B12)*(BAREMOS!C:C=C12)*(BAREMOS!D:D=D12),0),0),1) ) ) ) ,"""")) "),2.0) -> 2 | K12: =IF(J12="","",INDEX(SEQUENCE(1,19,1,0.5),1,J12)) -> 1.5
A13: {=IF(E13="","",IFERROR(INDEX(CONFIGURACION!C:C,MATCH(E13,CONFIGURACION!E:E,0)),""))} -> BCH | B13: {=IF(E13="","",IFERROR(INDEX(CONFIGURACION!D:D,MATCH(E13,CONFIGURACION!E:E,0)),""))} -> 1 | C13: MASCULINO | D13: ABDOMINALES | E13: B1 | F13: Daniel Efren Daza Timaná | G13: 1 TRIMESTRE | H13: 19 | I13: =IFERROR(__xludf.DUMMYFUNCTION("IF(F13="""","""",LET( nombre, TRIM(F13), primer, REGEXEXTRACT(nombre, ""^\S+""), resto, TRIM(REGEXREPLACE(nombre, ""^\S+\s*"", """")), iniciales, IF( resto="""", """", TEXTJOIN("""",1,ARRAYFORMULA(LEFT(SPLIT(resto,"" ""),1) & ""."")) "&" ), UPPER(primer) & "" "" & UPPER(iniciales) ))"),"DANIEL E.D.T.") -> DANIEL E.D.T. | J13: =IFERROR(__xludf.DUMMYFUNCTION("IF(H13="""","""",IFERROR( IF(REGEXMATCH(E13,""VELOCIDAD""), IF(H13>=MAX(INDEX(BAREMOS!F:X,MATCH(1,(BAREMOS!A:A=A13)*(BAREMOS!B:B=B13)*(BAREMOS!C:C=C13)*(BAREMOS!D:D=D13),0),0)),1, IF(H13<=MIN(INDEX(BAREMOS!F:X,MATCH(1,(BAREMOS!A:A=A13)*(BAREMOS!B"&":B=B13)*(BAREMOS!C:C=C13)*(BAREMOS!D:D=D13),0),0)),19, MATCH(H13,INDEX(BAREMOS!F:X,MATCH(1,(BAREMOS!A:A=A13)*(BAREMOS!B:B=B13)*(BAREMOS!C:C=C13)*(BAREMOS!D:D=D13),0),0),-1) ) ), IF(H13<=MIN(INDEX(BAREMOS!F:X,MATCH(1,(BAREMOS!A:A=A13)*"&"(BAREMOS!B:B=B13)*(BAREMOS!C:C=C13)*(BAREMOS!D:D=D13),0),0)),1, IF(H13>=MAX(INDEX(BAREMOS!F:X,MATCH(1,(BAREMOS!A:A=A13)*(BAREMOS!B:B=B13)*(BAREMOS!C:C=C13)*(BAREMOS!D:D=D13),0),0)),19, MATCH(H13,INDEX(BAREMOS!F:X,MATCH(1,(BAREMOS!A:A=A13)*("&"BAREMOS!B:B=B13)*(BAREMOS!C:C=C13)*(BAREMOS!D:D=D13),0),0),1) ) ) ) ,"""")) "),5.0) -> 5 | K13: =IF(J13="","",INDEX(SEQUENCE(1,19,1,0.5),1,J13)) -> 3
A14: {=IF(E14="","",IFERROR(INDEX(CONFIGURACION!C:C,MATCH(E14,CONFIGURACION!E:E,0)),""))} -> BCH | B14: {=IF(E14="","",IFERROR(INDEX(CONFIGURACION!D:D,MATCH(E14,CONFIGURACION!E:E,0)),""))} -> 1 | C14: MASCULINO | D14: L. BALON | E14: B1 | F14: Judith Cardona Gallego | G14: 1 TRIMESTRE | H14: 5 | I14: =IFERROR(__xludf.DUMMYFUNCTION("IF(F14="""","""",LET( nombre, TRIM(F14), primer, REGEXEXTRACT(nombre, ""^\S+""), resto, TRIM(REGEXREPLACE(nombre, ""^\S+\s*"", """")), iniciales, IF( resto="""", """", TEXTJOIN("""",1,ARRAYFORMULA(LEFT(SPLIT(resto,"" ""),1) & ""."")) "&" ), UPPER(primer) & "" "" & UPPER(iniciales) ))"),"JUDITH C.G.") -> JUDITH C.G. | J14: =IFERROR(__xludf.DUMMYFUNCTION("IF(H14="""","""",IFERROR( IF(REGEXMATCH(E14,""VELOCIDAD""), IF(H14>=MAX(INDEX(BAREMOS!F:X,MATCH(1,(BAREMOS!A:A=A14)*(BAREMOS!B:B=B14)*(BAREMOS!C:C=C14)*(BAREMOS!D:D=D14),0),0)),1, IF(H14<=MIN(INDEX(BAREMOS!F:X,MATCH(1,(BAREMOS!A:A=A14)*(BAREMOS!B"&":B=B14)*(BAREMOS!C:C=C14)*(BAREMOS!D:D=D14),0),0)),19, MATCH(H14,INDEX(BAREMOS!F:X,MATCH(1,(BAREMOS!A:A=A14)*(BAREMOS!B:B=B14)*(BAREMOS!C:C=C14)*(BAREMOS!D:D=D14),0),0),-1) ) ), IF(H14<=MIN(INDEX(BAREMOS!F:X,MATCH(1,(BAREMOS!A:A=A14)*"&"(BAREMOS!B:B=B14)*(BAREMOS!C:C=C14)*(BAREMOS!D:D=D14),0),0)),1, IF(H14>=MAX(INDEX(BAREMOS!F:X,MATCH(1,(BAREMOS!A:A=A14)*(BAREMOS!B:B=B14)*(BAREMOS!C:C=C14)*(BAREMOS!D:D=D14),0),0)),19, MATCH(H14,INDEX(BAREMOS!F:X,MATCH(1,(BAREMOS!A:A=A14)*("&"BAREMOS!B:B=B14)*(BAREMOS!C:C=C14)*(BAREMOS!D:D=D14),0),0),1) ) ) ) ,"""")) "),2.0) -> 2 | K14: =IF(J14="","",INDEX(SEQUENCE(1,19,1,0.5),1,J14)) -> 1.5
A15: {=IF(E15="","",IFERROR(INDEX(CONFIGURACION!C:C,MATCH(E15,CONFIGURACION!E:E,0)),""))} -> BCH | B15: {=IF(E15="","",IFERROR(INDEX(CONFIGURACION!D:D,MATCH(E15,CONFIGURACION!E:E,0)),""))} -> 1 | C15: MASCULINO | D15: VELOCIDAD | E15: B1 | F15: Luis López Bayardo | G15: 1 TRIMESTRE | H15: 46061 | I15: =IFERROR(__xludf.DUMMYFUNCTION("IF(F15="""","""",LET( nombre, TRIM(F15), primer, REGEXEXTRACT(nombre, ""^\S+""), resto, TRIM(REGEXREPLACE(nombre, ""^\S+\s*"", """")), iniciales, IF( resto="""", """", TEXTJOIN("""",1,ARRAYFORMULA(LEFT(SPLIT(resto,"" ""),1) & ""."")) "&" ), UPPER(primer) & "" "" & UPPER(iniciales) ))"),"LUIS L.B.") -> LUIS L.B. | J15: =IFERROR(__xludf.DUMMYFUNCTION("IF(H15="""","""",IFERROR( IF(REGEXMATCH(E15,""VELOCIDAD""), IF(H15>=MAX(INDEX(BAREMOS!F:X,MATCH(1,(BAREMOS!A:A=A15)*(BAREMOS!B:B=B15)*(BAREMOS!C:C=C15)*(BAREMOS!D:D=D15),0),0)),1, IF(H15<=MIN(INDEX(BAREMOS!F:X,MATCH(1,(BAREMOS!A:A=A15)*(BAREMOS!B"&":B=B15)*(BAREMOS!C:C=C15)*(BAREMOS!D:D=D15),0),0)),19, MATCH(H15,INDEX(BAREMOS!F:X,MATCH(1,(BAREMOS!A:A=A15)*(BAREMOS!B:B=B15)*(BAREMOS!C:C=C15)*(BAREMOS!D:D=D15),0),0),-1) ) ), IF(H15<=MIN(INDEX(BAREMOS!F:X,MATCH(1,(BAREMOS!A:A=A15)*"&"(BAREMOS!B:B=B15)*(BAREMOS!C:C=C15)*(BAREMOS!D:D=D15),0),0)),1, IF(H15>=MAX(INDEX(BAREMOS!F:X,MATCH(1,(BAREMOS!A:A=A15)*(BAREMOS!B:B=B15)*(BAREMOS!C:C=C15)*(BAREMOS!D:D=D15),0),0)),19, MATCH(H15,INDEX(BAREMOS!F:X,MATCH(1,(BAREMOS!A:A=A15)*("&"BAREMOS!B:B=B15)*(BAREMOS!C:C=C15)*(BAREMOS!D:D=D15),0),0),1) ) ) ) ,"""")) "),6.0) -> 6 | K15: =IF(J15="","",INDEX(SEQUENCE(1,19,1,0.5),1,J15)) -> 3.5
A16: {=IF(E16="","",IFERROR(INDEX(CONFIGURACION!C:C,MATCH(E16,CONFIGURACION!E:E,0)),""))} -> BCH | B16: {=IF(E16="","",IFERROR(INDEX(CONFIGURACION!D:D,MATCH(E16,CONFIGURACION!E:E,0)),""))} -> 1 | C16: MASCULINO | D16: COOPER | E16: B1 | F16: Luz Mariuxi Murillo Calvache | G16: 1 TRIMESTRE | H16: 2222 | I16: =IFERROR(__xludf.DUMMYFUNCTION("IF(F16="""","""",LET( nombre, TRIM(F16), primer, REGEXEXTRACT(nombre, ""^\S+""), resto, TRIM(REGEXREPLACE(nombre, ""^\S+\s*"", """")), iniciales, IF( resto="""", """", TEXTJOIN("""",1,ARRAYFORMULA(LEFT(SPLIT(resto,"" ""),1) & ""."")) "&" ), UPPER(primer) & "" "" & UPPER(iniciales) ))"),"LUZ M.M.C.") -> LUZ M.M.C. | J16: =IFERROR(__xludf.DUMMYFUNCTION("IF(H16="""","""",IFERROR( IF(REGEXMATCH(E16,""VELOCIDAD""), IF(H16>=MAX(INDEX(BAREMOS!F:X,MATCH(1,(BAREMOS!A:A=A16)*(BAREMOS!B:B=B16)*(BAREMOS!C:C=C16)*(BAREMOS!D:D=D16),0),0)),1, IF(H16<=MIN(INDEX(BAREMOS!F:X,MATCH(1,(BAREMOS!A:A=A16)*(BAREMOS!B"&":B=B16)*(BAREMOS!C:C=C16)*(BAREMOS!D:D=D16),0),0)),19, MATCH(H16,INDEX(BAREMOS!F:X,MATCH(1,(BAREMOS!A:A=A16)*(BAREMOS!B:B=B16)*(BAREMOS!C:C=C16)*(BAREMOS!D:D=D16),0),0),-1) ) ), IF(H16<=MIN(INDEX(BAREMOS!F:X,MATCH(1,(BAREMOS!A:A=A16)*"&"(BAREMOS!B:B=B16)*(BAREMOS!C:C=C16)*(BAREMOS!D:D=D16),0),0)),1, IF(H16>=MAX(INDEX(BAREMOS!F:X,MATCH(1,(BAREMOS!A:A=A16)*(BAREMOS!B:B=B16)*(BAREMOS!C:C=C16)*(BAREMOS!D:D=D16),0),0)),19, MATCH(H16,INDEX(BAREMOS!F:X,MATCH(1,(BAREMOS!A:A=A16)*("&"BAREMOS!B:B=B16)*(BAREMOS!C:C=C16)*(BAREMOS!D:D=D16),0),0),1) ) ) ) ,"""")) "),3.0) -> 3 | K16: =IF(J16="","",INDEX(SEQUENCE(1,19,1,0.5),1,J16)) -> 2
A17: {=IF(E17="","",IFERROR(INDEX(CONFIGURACION!C:C,MATCH(E17,CONFIGURACION!E:E,0)),""))} -> BCH | B17: {=IF(E17="","",IFERROR(INDEX(CONFIGURACION!D:D,MATCH(E17,CONFIGURACION!E:E,0)),""))} -> 1 | C17: MASCULINO | D17: S. HORIZONTAL | E17: B1 | F17: Luis Enrique Santander Rosero | G17: 1 TRIMESTRE | H17: 31 | I17: =IFERROR(__xludf.DUMMYFUNCTION("IF(F17="""","""",LET( nombre, TRIM(F17), primer, REGEXEXTRACT(nombre, ""^\S+""), resto, TRIM(REGEXREPLACE(nombre, ""^\S+\s*"", """")), iniciales, IF( resto="""", """", TEXTJOIN("""",1,ARRAYFORMULA(LEFT(SPLIT(resto,"" ""),1) & ""."")) "&" ), UPPER(primer) & "" "" & UPPER(iniciales) ))"),"LUIS E.S.R.") -> LUIS E.S.R. | J17: =IFERROR(__xludf.DUMMYFUNCTION("IF(H17="""","""",IFERROR( IF(REGEXMATCH(E17,""VELOCIDAD""), IF(H17>=MAX(INDEX(BAREMOS!F:X,MATCH(1,(BAREMOS!A:A=A17)*(BAREMOS!B:B=B17)*(BAREMOS!C:C=C17)*(BAREMOS!D:D=D17),0),0)),1, IF(H17<=MIN(INDEX(BAREMOS!F:X,MATCH(1,(BAREMOS!A:A=A17)*(BAREMOS!B"&":B=B17)*(BAREMOS!C:C=C17)*(BAREMOS!D:D=D17),0),0)),19, MATCH(H17,INDEX(BAREMOS!F:X,MATCH(1,(BAREMOS!A:A=A17)*(BAREMOS!B:B=B17)*(BAREMOS!C:C=C17)*(BAREMOS!D:D=D17),0),0),-1) ) ), IF(H17<=MIN(INDEX(BAREMOS!F:X,MATCH(1,(BAREMOS!A:A=A17)*"&"(BAREMOS!B:B=B17)*(BAREMOS!C:C=C17)*(BAREMOS!D:D=D17),0),0)),1, IF(H17>=MAX(INDEX(BAREMOS!F:X,MATCH(1,(BAREMOS!A:A=A17)*(BAREMOS!B:B=B17)*(BAREMOS!C:C=C17)*(BAREMOS!D:D=D17),0),0)),19, MATCH(H17,INDEX(BAREMOS!F:X,MATCH(1,(BAREMOS!A:A=A17)*("&"BAREMOS!B:B=B17)*(BAREMOS!C:C=C17)*(BAREMOS!D:D=D17),0),0),1) ) ) ) ,"""")) "),1.0) -> 1 | K17: =IF(J17="","",INDEX(SEQUENCE(1,19,1,0.5),1,J17)) -> 1
A18: {=IF(E18="","",IFERROR(INDEX(CONFIGURACION!C:C,MATCH(E18,CONFIGURACION!E:E,0)),""))} -> BCH | B18: {=IF(E18="","",IFERROR(INDEX(CONFIGURACION!D:D,MATCH(E18,CONFIGURACION!E:E,0)),""))} -> 1 | C18: FEMENINO | D18: S. VERTICAL | E18: B1 | F18: Gladys Monserrate Ordóñez Alemán | G18: 1 TRIMESTRE | H18: 38 | I18: =IFERROR(__xludf.DUMMYFUNCTION("IF(F18="""","""",LET( nombre, TRIM(F18), primer, REGEXEXTRACT(nombre, ""^\S+""), resto, TRIM(REGEXREPLACE(nombre, ""^\S+\s*"", """")), iniciales, IF( resto="""", """", TEXTJOIN("""",1,ARRAYFORMULA(LEFT(SPLIT(resto,"" ""),1) & ""."")) "&" ), UPPER(primer) & "" "" & UPPER(iniciales) ))"),"GLADYS M.O.A.") -> GLADYS M.O.A. | J18: =IFERROR(__xludf.DUMMYFUNCTION("IF(H18="""","""",IFERROR( IF(REGEXMATCH(E18,""VELOCIDAD""), IF(H18>=MAX(INDEX(BAREMOS!F:X,MATCH(1,(BAREMOS!A:A=A18)*(BAREMOS!B:B=B18)*(BAREMOS!C:C=C18)*(BAREMOS!D:D=D18),0),0)),1, IF(H18<=MIN(INDEX(BAREMOS!F:X,MATCH(1,(BAREMOS!A:A=A18)*(BAREMOS!B"&":B=B18)*(BAREMOS!C:C=C18)*(BAREMOS!D:D=D18),0),0)),19, MATCH(H18,INDEX(BAREMOS!F:X,MATCH(1,(BAREMOS!A:A=A18)*(BAREMOS!B:B=B18)*(BAREMOS!C:C=C18)*(BAREMOS!D:D=D18),0),0),-1) ) ), IF(H18<=MIN(INDEX(BAREMOS!F:X,MATCH(1,(BAREMOS!A:A=A18)*"&"(BAREMOS!B:B=B18)*(BAREMOS!C:C=C18)*(BAREMOS!D:D=D18),0),0)),1, IF(H18>=MAX(INDEX(BAREMOS!F:X,MATCH(1,(BAREMOS!A:A=A18)*(BAREMOS!B:B=B18)*(BAREMOS!C:C=C18)*(BAREMOS!D:D=D18),0),0)),19, MATCH(H18,INDEX(BAREMOS!F:X,MATCH(1,(BAREMOS!A:A=A18)*("&"BAREMOS!B:B=B18)*(BAREMOS!C:C=C18)*(BAREMOS!D:D=D18),0),0),1) ) ) ) ,"""")) "),11.0) -> 11 | K18: =IF(J18="","",INDEX(SEQUENCE(1,19,1,0.5),1,J18)) -> 6
A19: {=IF(E19="","",IFERROR(INDEX(CONFIGURACION!C:C,MATCH(E19,CONFIGURACION!E:E,0)),""))} -> BCH | B19: {=IF(E19="","",IFERROR(INDEX(CONFIGURACION!D:D,MATCH(E19,CONFIGURACION!E:E,0)),""))} -> 1 | C19: FEMENINO | D19: S. HORIZONTAL | E19: B1 | F19: Maria Jose Franco Pico | G19: 1 TRIMESTRE | H19: 190 | I19: =IFERROR(__xludf.DUMMYFUNCTION("IF(F19="""","""",LET( nombre, TRIM(F19), primer, REGEXEXTRACT(nombre, ""^\S+""), resto, TRIM(REGEXREPLACE(nombre, ""^\S+\s*"", """")), iniciales, IF( resto="""", """", TEXTJOIN("""",1,ARRAYFORMULA(LEFT(SPLIT(resto,"" ""),1) & ""."")) "&" ), UPPER(primer) & "" "" & UPPER(iniciales) ))"),"MARIA J.F.P.") -> MARIA J.F.P. | J19: =IFERROR(__xludf.DUMMYFUNCTION("IF(H19="""","""",IFERROR( IF(REGEXMATCH(E19,""VELOCIDAD""), IF(H19>=MAX(INDEX(BAREMOS!F:X,MATCH(1,(BAREMOS!A:A=A19)*(BAREMOS!B:B=B19)*(BAREMOS!C:C=C19)*(BAREMOS!D:D=D19),0),0)),1, IF(H19<=MIN(INDEX(BAREMOS!F:X,MATCH(1,(BAREMOS!A:A=A19)*(BAREMOS!B"&":B=B19)*(BAREMOS!C:C=C19)*(BAREMOS!D:D=D19),0),0)),19, MATCH(H19,INDEX(BAREMOS!F:X,MATCH(1,(BAREMOS!A:A=A19)*(BAREMOS!B:B=B19)*(BAREMOS!C:C=C19)*(BAREMOS!D:D=D19),0),0),-1) ) ), IF(H19<=MIN(INDEX(BAREMOS!F:X,MATCH(1,(BAREMOS!A:A=A19)*"&"(BAREMOS!B:B=B19)*(BAREMOS!C:C=C19)*(BAREMOS!D:D=D19),0),0)),1, IF(H19>=MAX(INDEX(BAREMOS!F:X,MATCH(1,(BAREMOS!A:A=A19)*(BAREMOS!B:B=B19)*(BAREMOS!C:C=C19)*(BAREMOS!D:D=D19),0),0)),19, MATCH(H19,INDEX(BAREMOS!F:X,MATCH(1,(BAREMOS!A:A=A19)*("&"BAREMOS!B:B=B19)*(BAREMOS!C:C=C19)*(BAREMOS!D:D=D19),0),0),1) ) ) ) ,"""")) "),18.0) -> 18 | K19: =IF(J19="","",INDEX(SEQUENCE(1,19,1,0.5),1,J19)) -> 9.5
A20: {=IF(E20="","",IFERROR(INDEX(CONFIGURACION!C:C,MATCH(E20,CONFIGURACION!E:E,0)),""))} -> BCH | B20: {=IF(E20="","",IFERROR(INDEX(CONFIGURACION!D:D,MATCH(E20,CONFIGURACION!E:E,0)),""))} -> 1 | C20: FEMENINO | D20: ABDOMINALES | E20: B1 | F20: Sara Eguiluz Sandemetrio | G20: 1 TRIMESTRE | H20: 23 | I20: =IFERROR(__xludf.DUMMYFUNCTION("IF(F20="""","""",LET( nombre, TRIM(F20), primer, REGEXEXTRACT(nombre, ""^\S+""), resto, TRIM(REGEXREPLACE(nombre, ""^\S+\s*"", """")), iniciales, IF( resto="""", """", TEXTJOIN("""",1,ARRAYFORMULA(LEFT(SPLIT(resto,"" ""),1) & ""."")) "&" ), UPPER(primer) & "" "" & UPPER(iniciales) ))"),"SARA E.S.") -> SARA E.S. | J20: =IFERROR(__xludf.DUMMYFUNCTION("IF(H20="""","""",IFERROR( IF(REGEXMATCH(E20,""VELOCIDAD""), IF(H20>=MAX(INDEX(BAREMOS!F:X,MATCH(1,(BAREMOS!A:A=A20)*(BAREMOS!B:B=B20)*(BAREMOS!C:C=C20)*(BAREMOS!D:D=D20),0),0)),1, IF(H20<=MIN(INDEX(BAREMOS!F:X,MATCH(1,(BAREMOS!A:A=A20)*(BAREMOS!B"&":B=B20)*(BAREMOS!C:C=C20)*(BAREMOS!D:D=D20),0),0)),19, MATCH(H20,INDEX(BAREMOS!F:X,MATCH(1,(BAREMOS!A:A=A20)*(BAREMOS!B:B=B20)*(BAREMOS!C:C=C20)*(BAREMOS!D:D=D20),0),0),-1) ) ), IF(H20<=MIN(INDEX(BAREMOS!F:X,MATCH(1,(BAREMOS!A:A=A20)*"&"(BAREMOS!B:B=B20)*(BAREMOS!C:C=C20)*(BAREMOS!D:D=D20),0),0)),1, IF(H20>=MAX(INDEX(BAREMOS!F:X,MATCH(1,(BAREMOS!A:A=A20)*(BAREMOS!B:B=B20)*(BAREMOS!C:C=C20)*(BAREMOS!D:D=D20),0),0)),19, MATCH(H20,INDEX(BAREMOS!F:X,MATCH(1,(BAREMOS!A:A=A20)*("&"BAREMOS!B:B=B20)*(BAREMOS!C:C=C20)*(BAREMOS!D:D=D20),0),0),1) ) ) ) ,"""")) "),12.0) -> 12 | K20: =IF(J20="","",INDEX(SEQUENCE(1,19,1,0.5),1,J20)) -> 6.5
A21: {=IF(E21="","",IFERROR(INDEX(CONFIGURACION!C:C,MATCH(E21,CONFIGURACION!E:E,0)),""))} -> BCH | B21: {=IF(E21="","",IFERROR(INDEX(CONFIGURACION!D:D,MATCH(E21,CONFIGURACION!E:E,0)),""))} -> 1 | C21: MASCULINO | D21: L. BALON | E21: B1 | F21: Manuel Zuzunaga Garza | G21: 1 TRIMESTRE | H21: 46087 | I21: =IFERROR(__xludf.DUMMYFUNCTION("IF(F21="""","""",LET( nombre, TRIM(F21), primer, REGEXEXTRACT(nombre, ""^\S+""), resto, TRIM(REGEXREPLACE(nombre, ""^\S+\s*"", """")), iniciales, IF( resto="""", """", TEXTJOIN("""",1,ARRAYFORMULA(LEFT(SPLIT(resto,"" ""),1) & ""."")) "&" ), UPPER(primer) & "" "" & UPPER(iniciales) ))"),"MANUEL Z.G.") -> MANUEL Z.G. | J21: =IFERROR(__xludf.DUMMYFUNCTION("IF(H21="""","""",IFERROR( IF(REGEXMATCH(E21,""VELOCIDAD""), IF(H21>=MAX(INDEX(BAREMOS!F:X,MATCH(1,(BAREMOS!A:A=A21)*(BAREMOS!B:B=B21)*(BAREMOS!C:C=C21)*(BAREMOS!D:D=D21),0),0)),1, IF(H21<=MIN(INDEX(BAREMOS!F:X,MATCH(1,(BAREMOS!A:A=A21)*(BAREMOS!B"&":B=B21)*(BAREMOS!C:C=C21)*(BAREMOS!D:D=D21),0),0)),19, MATCH(H21,INDEX(BAREMOS!F:X,MATCH(1,(BAREMOS!A:A=A21)*(BAREMOS!B:B=B21)*(BAREMOS!C:C=C21)*(BAREMOS!D:D=D21),0),0),-1) ) ), IF(H21<=MIN(INDEX(BAREMOS!F:X,MATCH(1,(BAREMOS!A:A=A21)*"&"(BAREMOS!B:B=B21)*(BAREMOS!C:C=C21)*(BAREMOS!D:D=D21),0),0)),1, IF(H21>=MAX(INDEX(BAREMOS!F:X,MATCH(1,(BAREMOS!A:A=A21)*(BAREMOS!B:B=B21)*(BAREMOS!C:C=C21)*(BAREMOS!D:D=D21),0),0)),19, MATCH(H21,INDEX(BAREMOS!F:X,MATCH(1,(BAREMOS!A:A=A21)*("&"BAREMOS!B:B=B21)*(BAREMOS!C:C=C21)*(BAREMOS!D:D=D21),0),0),1) ) ) ) ,"""")) "),17.0) -> 17 | K21: =IF(J21="","",INDEX(SEQUENCE(1,19,1,0.5),1,J21)) -> 9
A22: {=IF(E22="","",IFERROR(INDEX(CONFIGURACION!C:C,MATCH(E22,CONFIGURACION!E:E,0)),""))} -> BCH | B22: {=IF(E22="","",IFERROR(INDEX(CONFIGURACION!D:D,MATCH(E22,CONFIGURACION!E:E,0)),""))} -> 1 | C22: FEMENINO | D22: VELOCIDAD | E22: B1 | F22: Elena Sorní Vital | G22: 1 TRIMESTRE | H22: 46149 | I22: =IFERROR(__xludf.DUMMYFUNCTION("IF(F22="""","""",LET( nombre, TRIM(F22), primer, REGEXEXTRACT(nombre, ""^\S+""), resto, TRIM(REGEXREPLACE(nombre, ""^\S+\s*"", """")), iniciales, IF( resto="""", """", TEXTJOIN("""",1,ARRAYFORMULA(LEFT(SPLIT(resto,"" ""),1) & ""."")) "&" ), UPPER(primer) & "" "" & UPPER(iniciales) ))"),"ELENA S.V.") -> ELENA S.V. | J22: =IFERROR(__xludf.DUMMYFUNCTION("IF(H22="""","""",IFERROR( IF(REGEXMATCH(E22,""VELOCIDAD""), IF(H22>=MAX(INDEX(BAREMOS!F:X,MATCH(1,(BAREMOS!A:A=A22)*(BAREMOS!B:B=B22)*(BAREMOS!C:C=C22)*(BAREMOS!D:D=D22),0),0)),1, IF(H22<=MIN(INDEX(BAREMOS!F:X,MATCH(1,(BAREMOS!A:A=A22)*(BAREMOS!B"&":B=B22)*(BAREMOS!C:C=C22)*(BAREMOS!D:D=D22),0),0)),19, MATCH(H22,INDEX(BAREMOS!F:X,MATCH(1,(BAREMOS!A:A=A22)*(BAREMOS!B:B=B22)*(BAREMOS!C:C=C22)*(BAREMOS!D:D=D22),0),0),-1) ) ), IF(H22<=MIN(INDEX(BAREMOS!F:X,MATCH(1,(BAREMOS!A:A=A22)*"&"(BAREMOS!B:B=B22)*(BAREMOS!C:C=C22)*(BAREMOS!D:D=D22),0),0)),1, IF(H22>=MAX(INDEX(BAREMOS!F:X,MATCH(1,(BAREMOS!A:A=A22)*(BAREMOS!B:B=B22)*(BAREMOS!C:C=C22)*(BAREMOS!D:D=D22),0),0)),19, MATCH(H22,INDEX(BAREMOS!F:X,MATCH(1,(BAREMOS!A:A=A22)*("&"BAREMOS!B:B=B22)*(BAREMOS!C:C=C22)*(BAREMOS!D:D=D22),0),0),1) ) ) ) ,"""")) "),14.0) -> 14 | K22: =IF(J22="","",INDEX(SEQUENCE(1,19,1,0.5),1,J22)) -> 7.5
A23: {=IF(E23="","",IFERROR(INDEX(CONFIGURACION!C:C,MATCH(E23,CONFIGURACION!E:E,0)),""))} -> BCH | B23: {=IF(E23="","",IFERROR(INDEX(CONFIGURACION!D:D,MATCH(E23,CONFIGURACION!E:E,0)),""))} -> 1 | C23: MASCULINO | D23: COOPER | E23: B1 | F23: Roberto Urriaga Bonachera | G23: 1 TRIMESTRE | H23: 2150 | I23: =IFERROR(__xludf.DUMMYFUNCTION("IF(F23="""","""",LET( nombre, TRIM(F23), primer, REGEXEXTRACT(nombre, ""^\S+""), resto, TRIM(REGEXREPLACE(nombre, ""^\S+\s*"", """")), iniciales, IF( resto="""", """", TEXTJOIN("""",1,ARRAYFORMULA(LEFT(SPLIT(resto,"" ""),1) & ""."")) "&" ), UPPER(primer) & "" "" & UPPER(iniciales) ))"),"ROBERTO U.B.") -> ROBERTO U.B. | J23: =IFERROR(__xludf.DUMMYFUNCTION("IF(H23="""","""",IFERROR( IF(REGEXMATCH(E23,""VELOCIDAD""), IF(H23>=MAX(INDEX(BAREMOS!F:X,MATCH(1,(BAREMOS!A:A=A23)*(BAREMOS!B:B=B23)*(BAREMOS!C:C=C23)*(BAREMOS!D:D=D23),0),0)),1, IF(H23<=MIN(INDEX(BAREMOS!F:X,MATCH(1,(BAREMOS!A:A=A23)*(BAREMOS!B"&":B=B23)*(BAREMOS!C:C=C23)*(BAREMOS!D:D=D23),0),0)),19, MATCH(H23,INDEX(BAREMOS!F:X,MATCH(1,(BAREMOS!A:A=A23)*(BAREMOS!B:B=B23)*(BAREMOS!C:C=C23)*(BAREMOS!D:D=D23),0),0),-1) ) ), IF(H23<=MIN(INDEX(BAREMOS!F:X,MATCH(1,(BAREMOS!A:A=A23)*"&"(BAREMOS!B:B=B23)*(BAREMOS!C:C=C23)*(BAREMOS!D:D=D23),0),0)),1, IF(H23>=MAX(INDEX(BAREMOS!F:X,MATCH(1,(BAREMOS!A:A=A23)*(BAREMOS!B:B=B23)*(BAREMOS!C:C=C23)*(BAREMOS!D:D=D23),0),0)),19, MATCH(H23,INDEX(BAREMOS!F:X,MATCH(1,(BAREMOS!A:A=A23)*("&"BAREMOS!B:B=B23)*(BAREMOS!C:C=C23)*(BAREMOS!D:D=D23),0),0),1) ) ) ) ,"""")) "),3.0) -> 3 | K23: =IF(J23="","",INDEX(SEQUENCE(1,19,1,0.5),1,J23)) -> 2
A24: {=IF(E24="","",IFERROR(INDEX(CONFIGURACION!C:C,MATCH(E24,CONFIGURACION!E:E,0)),""))} | B24: {=IF(E24="","",IFERROR(INDEX(CONFIGURACION!D:D,MATCH(E24,CONFIGURACION!E:E,0)),""))} | I24: =IFERROR(__xludf.DUMMYFUNCTION("IF(F24="""","""",LET( nombre, TRIM(F24), primer, REGEXEXTRACT(nombre, ""^\S+""), resto, TRIM(REGEXREPLACE(nombre, ""^\S+\s*"", """")), iniciales, IF( resto="""", """", TEXTJOIN("""",1,ARRAYFORMULA(LEFT(SPLIT(resto,"" ""),1) & ""."")) "&" ), UPPER(primer) & "" "" & UPPER(iniciales) ))"),"") | J24: =IFERROR(__xludf.DUMMYFUNCTION("IF(H24="""","""",IFERROR( IF(REGEXMATCH(E24,""VELOCIDAD""), IF(H24>=MAX(INDEX(BAREMOS!F:X,MATCH(1,(BAREMOS!A:A=A24)*(BAREMOS!B:B=B24)*(BAREMOS!C:C=C24)*(BAREMOS!D:D=D24),0),0)),1, IF(H24<=MIN(INDEX(BAREMOS!F:X,MATCH(1,(BAREMOS!A:A=A24)*(BAREMOS!B"&":B=B24)*(BAREMOS!C:C=C24)*(BAREMOS!D:D=D24),0),0)),19, MATCH(H24,INDEX(BAREMOS!F:X,MATCH(1,(BAREMOS!A:A=A24)*(BAREMOS!B:B=B24)*(BAREMOS!C:C=C24)*(BAREMOS!D:D=D24),0),0),-1) ) ), IF(H24<=MIN(INDEX(BAREMOS!F:X,MATCH(1,(BAREMOS!A:A=A24)*"&"(BAREMOS!B:B=B24)*(BAREMOS!C:C=C24)*(BAREMOS!D:D=D24),0),0)),1, IF(H24>=MAX(INDEX(BAREMOS!F:X,MATCH(1,(BAREMOS!A:A=A24)*(BAREMOS!B:B=B24)*(BAREMOS!C:C=C24)*(BAREMOS!D:D=D24),0),0)),19, MATCH(H24,INDEX(BAREMOS!F:X,MATCH(1,(BAREMOS!A:A=A24)*("&"BAREMOS!B:B=B24)*(BAREMOS!C:C=C24)*(BAREMOS!D:D=D24),0),0),1) ) ) ) ,"""")) "),"") | K24: =IF(J24="","",INDEX(SEQUENCE(1,19,1,0.5),1,J24))
A25: {=IF(E25="","",IFERROR(INDEX(CONFIGURACION!C:C,MATCH(E25,CONFIGURACION!E:E,0)),""))} | B25: {=IF(E25="","",IFERROR(INDEX(CONFIGURACION!D:D,MATCH(E25,CONFIGURACION!E:E,0)),""))} | I25: =IFERROR(__xludf.DUMMYFUNCTION("IF(F25="""","""",LET( nombre, TRIM(F25), primer, REGEXEXTRACT(nombre, ""^\S+""), resto, TRIM(REGEXREPLACE(nombre, ""^\S+\s*"", """")), iniciales, IF( resto="""", """", TEXTJOIN("""",1,ARRAYFORMULA(LEFT(SPLIT(resto,"" ""),1) & ""."")) "&" ), UPPER(primer) & "" "" & UPPER(iniciales) ))"),"") | J25: =IFERROR(__xludf.DUMMYFUNCTION("IF(H25="""","""",IFERROR( IF(REGEXMATCH(E25,""VELOCIDAD""), IF(H25>=MAX(INDEX(BAREMOS!F:X,MATCH(1,(BAREMOS!A:A=A25)*(BAREMOS!B:B=B25)*(BAREMOS!C:C=C25)*(BAREMOS!D:D=D25),0),0)),1, IF(H25<=MIN(INDEX(BAREMOS!F:X,MATCH(1,(BAREMOS!A:A=A25)*(BAREMOS!B"&":B=B25)*(BAREMOS!C:C=C25)*(BAREMOS!D:D=D25),0),0)),19, MATCH(H25,INDEX(BAREMOS!F:X,MATCH(1,(BAREMOS!A:A=A25)*(BAREMOS!B:B=B25)*(BAREMOS!C:C=C25)*(BAREMOS!D:D=D25),0),0),-1) ) ), IF(H25<=MIN(INDEX(BAREMOS!F:X,MATCH(1,(BAREMOS!A:A=A25)*"&"(BAREMOS!B:B=B25)*(BAREMOS!C:C=C25)*(BAREMOS!D:D=D25),0),0)),1, IF(H25>=MAX(INDEX(BAREMOS!F:X,MATCH(1,(BAREMOS!A:A=A25)*(BAREMOS!B:B=B25)*(BAREMOS!C:C=C25)*(BAREMOS!D:D=D25),0),0)),19, MATCH(H25,INDEX(BAREMOS!F:X,MATCH(1,(BAREMOS!A:A=A25)*("&"BAREMOS!B:B=B25)*(BAREMOS!C:C=C25)*(BAREMOS!D:D=D25),0),0),1) ) ) ) ,"""")) "),"") | K25: =IF(J25="","",INDEX(SEQUENCE(1,19,1,0.5),1,J25))
A26: {=IF(E26="","",IFERROR(INDEX(CONFIGURACION!C:C,MATCH(E26,CONFIGURACION!E:E,0)),""))} | B26: {=IF(E26="","",IFERROR(INDEX(CONFIGURACION!D:D,MATCH(E26,CONFIGURACION!E:E,0)),""))} | I26: =IFERROR(__xludf.DUMMYFUNCTION("IF(F26="""","""",LET( nombre, TRIM(F26), primer, REGEXEXTRACT(nombre, ""^\S+""), resto, TRIM(REGEXREPLACE(nombre, ""^\S+\s*"", """")), iniciales, IF( resto="""", """", TEXTJOIN("""",1,ARRAYFORMULA(LEFT(SPLIT(resto,"" ""),1) & ""."")) "&" ), UPPER(primer) & "" "" & UPPER(iniciales) ))"),"") | J26: =IFERROR(__xludf.DUMMYFUNCTION("IF(H26="""","""",IFERROR( IF(REGEXMATCH(E26,""VELOCIDAD""), IF(H26>=MAX(INDEX(BAREMOS!F:X,MATCH(1,(BAREMOS!A:A=A26)*(BAREMOS!B:B=B26)*(BAREMOS!C:C=C26)*(BAREMOS!D:D=D26),0),0)),1, IF(H26<=MIN(INDEX(BAREMOS!F:X,MATCH(1,(BAREMOS!A:A=A26)*(BAREMOS!B"&":B=B26)*(BAREMOS!C:C=C26)*(BAREMOS!D:D=D26),0),0)),19, MATCH(H26,INDEX(BAREMOS!F:X,MATCH(1,(BAREMOS!A:A=A26)*(BAREMOS!B:B=B26)*(BAREMOS!C:C=C26)*(BAREMOS!D:D=D26),0),0),-1) ) ), IF(H26<=MIN(INDEX(BAREMOS!F:X,MATCH(1,(BAREMOS!A:A=A26)*"&"(BAREMOS!B:B=B26)*(BAREMOS!C:C=C26)*(BAREMOS!D:D=D26),0),0)),1, IF(H26>=MAX(INDEX(BAREMOS!F:X,MATCH(1,(BAREMOS!A:A=A26)*(BAREMOS!B:B=B26)*(BAREMOS!C:C=C26)*(BAREMOS!D:D=D26),0),0)),19, MATCH(H26,INDEX(BAREMOS!F:X,MATCH(1,(BAREMOS!A:A=A26)*("&"BAREMOS!B:B=B26)*(BAREMOS!C:C=C26)*(BAREMOS!D:D=D26),0),0),1) ) ) ) ,"""")) "),"") | K26: =IF(J26="","",INDEX(SEQUENCE(1,19,1,0.5),1,J26))
A27: {=IF(E27="","",IFERROR(INDEX(CONFIGURACION!C:C,MATCH(E27,CONFIGURACION!E:E,0)),""))} | B27: {=IF(E27="","",IFERROR(INDEX(CONFIGURACION!D:D,MATCH(E27,CONFIGURACION!E:E,0)),""))} | I27: =IFERROR(__xludf.DUMMYFUNCTION("IF(F27="""","""",LET( nombre, TRIM(F27), primer, REGEXEXTRACT(nombre, ""^\S+""), resto, TRIM(REGEXREPLACE(nombre, ""^\S+\s*"", """")), iniciales, IF( resto="""", """", TEXTJOIN("""",1,ARRAYFORMULA(LEFT(SPLIT(resto,"" ""),1) & ""."")) "&" ), UPPER(primer) & "" "" & UPPER(iniciales) ))"),"") | J27: =IFERROR(__xludf.DUMMYFUNCTION("IF(H27="""","""",IFERROR( IF(REGEXMATCH(E27,""VELOCIDAD""), IF(H27>=MAX(INDEX(BAREMOS!F:X,MATCH(1,(BAREMOS!A:A=A27)*(BAREMOS!B:B=B27)*(BAREMOS!C:C=C27)*(BAREMOS!D:D=D27),0),0)),1, IF(H27<=MIN(INDEX(BAREMOS!F:X,MATCH(1,(BAREMOS!A:A=A27)*(BAREMOS!B"&":B=B27)*(BAREMOS!C:C=C27)*(BAREMOS!D:D=D27),0),0)),19, MATCH(H27,INDEX(BAREMOS!F:X,MATCH(1,(BAREMOS!A:A=A27)*(BAREMOS!B:B=B27)*(BAREMOS!C:C=C27)*(BAREMOS!D:D=D27),0),0),-1) ) ), IF(H27<=MIN(INDEX(BAREMOS!F:X,MATCH(1,(BAREMOS!A:A=A27)*"&"(BAREMOS!B:B=B27)*(BAREMOS!C:C=C27)*(BAREMOS!D:D=D27),0),0)),1, IF(H27>=MAX(INDEX(BAREMOS!F:X,MATCH(1,(BAREMOS!A:A=A27)*(BAREMOS!B:B=B27)*(BAREMOS!C:C=C27)*(BAREMOS!D:D=D27),0),0)),19, MATCH(H27,INDEX(BAREMOS!F:X,MATCH(1,(BAREMOS!A:A=A27)*("&"BAREMOS!B:B=B27)*(BAREMOS!C:C=C27)*(BAREMOS!D:D=D27),0),0),1) ) ) ) ,"""")) "),"") | K27: =IF(J27="","",INDEX(SEQUENCE(1,19,1,0.5),1,J27))
A28: {=IF(E28="","",IFERROR(INDEX(CONFIGURACION!C:C,MATCH(E28,CONFIGURACION!E:E,0)),""))} | B28: {=IF(E28="","",IFERROR(INDEX(CONFIGURACION!D:D,MATCH(E28,CONFIGURACION!E:E,0)),""))} | I28: =IFERROR(__xludf.DUMMYFUNCTION("IF(F28="""","""",LET( nombre, TRIM(F28), primer, REGEXEXTRACT(nombre, ""^\S+""), resto, TRIM(REGEXREPLACE(nombre, ""^\S+\s*"", """")), iniciales, IF( resto="""", """", TEXTJOIN("""",1,ARRAYFORMULA(LEFT(SPLIT(resto,"" ""),1) & ""."")) "&" ), UPPER(primer) & "" "" & UPPER(iniciales) ))"),"") | J28: =IFERROR(__xludf.DUMMYFUNCTION("IF(H28="""","""",IFERROR( IF(REGEXMATCH(E28,""VELOCIDAD""), IF(H28>=MAX(INDEX(BAREMOS!F:X,MATCH(1,(BAREMOS!A:A=A28)*(BAREMOS!B:B=B28)*(BAREMOS!C:C=C28)*(BAREMOS!D:D=D28),0),0)),1, IF(H28<=MIN(INDEX(BAREMOS!F:X,MATCH(1,(BAREMOS!A:A=A28)*(BAREMOS!B"&":B=B28)*(BAREMOS!C:C=C28)*(BAREMOS!D:D=D28),0),0)),19, MATCH(H28,INDEX(BAREMOS!F:X,MATCH(1,(BAREMOS!A:A=A28)*(BAREMOS!B:B=B28)*(BAREMOS!C:C=C28)*(BAREMOS!D:D=D28),0),0),-1) ) ), IF(H28<=MIN(INDEX(BAREMOS!F:X,MATCH(1,(BAREMOS!A:A=A28)*"&"(BAREMOS!B:B=B28)*(BAREMOS!C:C=C28)*(BAREMOS!D:D=D28),0),0)),1, IF(H28>=MAX(INDEX(BAREMOS!F:X,MATCH(1,(BAREMOS!A:A=A28)*(BAREMOS!B:B=B28)*(BAREMOS!C:C=C28)*(BAREMOS!D:D=D28),0),0)),19, MATCH(H28,INDEX(BAREMOS!F:X,MATCH(1,(BAREMOS!A:A=A28)*("&"BAREMOS!B:B=B28)*(BAREMOS!C:C=C28)*(BAREMOS!D:D=D28),0),0),1) ) ) ) ,"""")) "),"") | K28: =IF(J28="","",INDEX(SEQUENCE(1,19,1,0.5),1,J28))
A29: {=IF(E29="","",IFERROR(INDEX(CONFIGURACION!C:C,MATCH(E29,CONFIGURACION!E:E,0)),""))} | B29: {=IF(E29="","",IFERROR(INDEX(CONFIGURACION!D:D,MATCH(E29,CONFIGURACION!E:E,0)),""))} | I29: =IFERROR(__xludf.DUMMYFUNCTION("IF(F29="""","""",LET( nombre, TRIM(F29), primer, REGEXEXTRACT(nombre, ""^\S+""), resto, TRIM(REGEXREPLACE(nombre, ""^\S+\s*"", """")), iniciales, IF( resto="""", """", TEXTJOIN("""",1,ARRAYFORMULA(LEFT(SPLIT(resto,"" ""),1) & ""."")) "&" ), UPPER(primer) & "" "" & UPPER(iniciales) ))"),"") | J29: =IFERROR(__xludf.DUMMYFUNCTION("IF(H29="""","""",IFERROR( IF(REGEXMATCH(E29,""VELOCIDAD""), IF(H29>=MAX(INDEX(BAREMOS!F:X,MATCH(1,(BAREMOS!A:A=A29)*(BAREMOS!B:B=B29)*(BAREMOS!C:C=C29)*(BAREMOS!D:D=D29),0),0)),1, IF(H29<=MIN(INDEX(BAREMOS!F:X,MATCH(1,(BAREMOS!A:A=A29)*(BAREMOS!B"&":B=B29)*(BAREMOS!C:C=C29)*(BAREMOS!D:D=D29),0),0)),19, MATCH(H29,INDEX(BAREMOS!F:X,MATCH(1,(BAREMOS!A:A=A29)*(BAREMOS!B:B=B29)*(BAREMOS!C:C=C29)*(BAREMOS!D:D=D29),0),0),-1) ) ), IF(H29<=MIN(INDEX(BAREMOS!F:X,MATCH(1,(BAREMOS!A:A=A29)*"&"(BAREMOS!B:B=B29)*(BAREMOS!C:C=C29)*(BAREMOS!D:D=D29),0),0)),1, IF(H29>=MAX(INDEX(BAREMOS!F:X,MATCH(1,(BAREMOS!A:A=A29)*(BAREMOS!B:B=B29)*(BAREMOS!C:C=C29)*(BAREMOS!D:D=D29),0),0)),19, MATCH(H29,INDEX(BAREMOS!F:X,MATCH(1,(BAREMOS!A:A=A29)*("&"BAREMOS!B:B=B29)*(BAREMOS!C:C=C29)*(BAREMOS!D:D=D29),0),0),1) ) ) ) ,"""")) "),"") | K29: =IF(J29="","",INDEX(SEQUENCE(1,19,1,0.5),1,J29))
A30: {=IF(E30="","",IFERROR(INDEX(CONFIGURACION!C:C,MATCH(E30,CONFIGURACION!E:E,0)),""))} | B30: {=IF(E30="","",IFERROR(INDEX(CONFIGURACION!D:D,MATCH(E30,CONFIGURACION!E:E,0)),""))} | I30: =IFERROR(__xludf.DUMMYFUNCTION("IF(F30="""","""",LET( nombre, TRIM(F30), primer, REGEXEXTRACT(nombre, ""^\S+""), resto, TRIM(REGEXREPLACE(nombre, ""^\S+\s*"", """")), iniciales, IF( resto="""", """", TEXTJOIN("""",1,ARRAYFORMULA(LEFT(SPLIT(resto,"" ""),1) & ""."")) "&" ), UPPER(primer) & "" "" & UPPER(iniciales) ))"),"") | J30: =IFERROR(__xludf.DUMMYFUNCTION("IF(H30="""","""",IFERROR( IF(REGEXMATCH(E30,""VELOCIDAD""), IF(H30>=MAX(INDEX(BAREMOS!F:X,MATCH(1,(BAREMOS!A:A=A30)*(BAREMOS!B:B=B30)*(BAREMOS!C:C=C30)*(BAREMOS!D:D=D30),0),0)),1, IF(H30<=MIN(INDEX(BAREMOS!F:X,MATCH(1,(BAREMOS!A:A=A30)*(BAREMOS!B"&":B=B30)*(BAREMOS!C:C=C30)*(BAREMOS!D:D=D30),0),0)),19, MATCH(H30,INDEX(BAREMOS!F:X,MATCH(1,(BAREMOS!A:A=A30)*(BAREMOS!B:B=B30)*(BAREMOS!C:C=C30)*(BAREMOS!D:D=D30),0),0),-1) ) ), IF(H30<=MIN(INDEX(BAREMOS!F:X,MATCH(1,(BAREMOS!A:A=A30)*"&"(BAREMOS!B:B=B30)*(BAREMOS!C:C=C30)*(BAREMOS!D:D=D30),0),0)),1, IF(H30>=MAX(INDEX(BAREMOS!F:X,MATCH(1,(BAREMOS!A:A=A30)*(BAREMOS!B:B=B30)*(BAREMOS!C:C=C30)*(BAREMOS!D:D=D30),0),0)),19, MATCH(H30,INDEX(BAREMOS!F:X,MATCH(1,(BAREMOS!A:A=A30)*("&"BAREMOS!B:B=B30)*(BAREMOS!C:C=C30)*(BAREMOS!D:D=D30),0),0),1) ) ) ) ,"""")) "),"") | K30: =IF(J30="","",INDEX(SEQUENCE(1,19,1,0.5),1,J30))
A31: {=IF(E31="","",IFERROR(INDEX(CONFIGURACION!C:C,MATCH(E31,CONFIGURACION!E:E,0)),""))} | B31: {=IF(E31="","",IFERROR(INDEX(CONFIGURACION!D:D,MATCH(E31,CONFIGURACION!E:E,0)),""))} | I31: =IFERROR(__xludf.DUMMYFUNCTION("IF(F31="""","""",LET( nombre, TRIM(F31), primer, REGEXEXTRACT(nombre, ""^\S+""), resto, TRIM(REGEXREPLACE(nombre, ""^\S+\s*"", """")), iniciales, IF( resto="""", """", TEXTJOIN("""",1,ARRAYFORMULA(LEFT(SPLIT(resto,"" ""),1) & ""."")) "&" ), UPPER(primer) & "" "" & UPPER(iniciales) ))"),"") | J31: =IFERROR(__xludf.DUMMYFUNCTION("IF(H31="""","""",IFERROR( IF(REGEXMATCH(E31,""VELOCIDAD""), IF(H31>=MAX(INDEX(BAREMOS!F:X,MATCH(1,(BAREMOS!A:A=A31)*(BAREMOS!B:B=B31)*(BAREMOS!C:C=C31)*(BAREMOS!D:D=D31),0),0)),1, IF(H31<=MIN(INDEX(BAREMOS!F:X,MATCH(1,(BAREMOS!A:A=A31)*(BAREMOS!B"&":B=B31)*(BAREMOS!C:C=C31)*(BAREMOS!D:D=D31),0),0)),19, MATCH(H31,INDEX(BAREMOS!F:X,MATCH(1,(BAREMOS!A:A=A31)*(BAREMOS!B:B=B31)*(BAREMOS!C:C=C31)*(BAREMOS!D:D=D31),0),0),-1) ) ), IF(H31<=MIN(INDEX(BAREMOS!F:X,MATCH(1,(BAREMOS!A:A=A31)*"&"(BAREMOS!B:B=B31)*(BAREMOS!C:C=C31)*(BAREMOS!D:D=D31),0),0)),1, IF(H31>=MAX(INDEX(BAREMOS!F:X,MATCH(1,(BAREMOS!A:A=A31)*(BAREMOS!B:B=B31)*(BAREMOS!C:C=C31)*(BAREMOS!D:D=D31),0),0)),19, MATCH(H31,INDEX(BAREMOS!F:X,MATCH(1,(BAREMOS!A:A=A31)*("&"BAREMOS!B:B=B31)*(BAREMOS!C:C=C31)*(BAREMOS!D:D=D31),0),0),1) ) ) ) ,"""")) "),"") | K31: =IF(J31="","",INDEX(SEQUENCE(1,19,1,0.5),1,J31))
A32: {=IF(E32="","",IFERROR(INDEX(CONFIGURACION!C:C,MATCH(E32,CONFIGURACION!E:E,0)),""))} | B32: {=IF(E32="","",IFERROR(INDEX(CONFIGURACION!D:D,MATCH(E32,CONFIGURACION!E:E,0)),""))} | I32: =IFERROR(__xludf.DUMMYFUNCTION("IF(F32="""","""",LET( nombre, TRIM(F32), primer, REGEXEXTRACT(nombre, ""^\S+""), resto, TRIM(REGEXREPLACE(nombre, ""^\S+\s*"", """")), iniciales, IF( resto="""", """", TEXTJOIN("""",1,ARRAYFORMULA(LEFT(SPLIT(resto,"" ""),1) & ""."")) "&" ), UPPER(primer) & "" "" & UPPER(iniciales) ))"),"") | J32: =IFERROR(__xludf.DUMMYFUNCTION("IF(H32="""","""",IFERROR( IF(REGEXMATCH(E32,""VELOCIDAD""), IF(H32>=MAX(INDEX(BAREMOS!F:X,MATCH(1,(BAREMOS!A:A=A32)*(BAREMOS!B:B=B32)*(BAREMOS!C:C=C32)*(BAREMOS!D:D=D32),0),0)),1, IF(H32<=MIN(INDEX(BAREMOS!F:X,MATCH(1,(BAREMOS!A:A=A32)*(BAREMOS!B"&":B=B32)*(BAREMOS!C:C=C32)*(BAREMOS!D:D=D32),0),0)),19, MATCH(H32,INDEX(BAREMOS!F:X,MATCH(1,(BAREMOS!A:A=A32)*(BAREMOS!B:B=B32)*(BAREMOS!C:C=C32)*(BAREMOS!D:D=D32),0),0),-1) ) ), IF(H32<=MIN(INDEX(BAREMOS!F:X,MATCH(1,(BAREMOS!A:A=A32)*"&"(BAREMOS!B:B=B32)*(BAREMOS!C:C=C32)*(BAREMOS!D:D=D32),0),0)),1, IF(H32>=MAX(INDEX(BAREMOS!F:X,MATCH(1,(BAREMOS!A:A=A32)*(BAREMOS!B:B=B32)*(BAREMOS!C:C=C32)*(BAREMOS!D:D=D32),0),0)),19, MATCH(H32,INDEX(BAREMOS!F:X,MATCH(1,(BAREMOS!A:A=A32)*("&"BAREMOS!B:B=B32)*(BAREMOS!C:C=C32)*(BAREMOS!D:D=D32),0),0),1) ) ) ) ,"""")) "),"") | K32: =IF(J32="","",INDEX(SEQUENCE(1,19,1,0.5),1,J32))
A33: {=IF(E33="","",IFERROR(INDEX(CONFIGURACION!C:C,MATCH(E33,CONFIGURACION!E:E,0)),""))} | B33: {=IF(E33="","",IFERROR(INDEX(CONFIGURACION!D:D,MATCH(E33,CONFIGURACION!E:E,0)),""))} | I33: =IFERROR(__xludf.DUMMYFUNCTION("IF(F33="""","""",LET( nombre, TRIM(F33), primer, REGEXEXTRACT(nombre, ""^\S+""), resto, TRIM(REGEXREPLACE(nombre, ""^\S+\s*"", """")), iniciales, IF( resto="""", """", TEXTJOIN("""",1,ARRAYFORMULA(LEFT(SPLIT(resto,"" ""),1) & ""."")) "&" ), UPPER(primer) & "" "" & UPPER(iniciales) ))"),"") | J33: =IFERROR(__xludf.DUMMYFUNCTION("IF(H33="""","""",IFERROR( IF(REGEXMATCH(E33,""VELOCIDAD""), IF(H33>=MAX(INDEX(BAREMOS!F:X,MATCH(1,(BAREMOS!A:A=A33)*(BAREMOS!B:B=B33)*(BAREMOS!C:C=C33)*(BAREMOS!D:D=D33),0),0)),1, IF(H33<=MIN(INDEX(BAREMOS!F:X,MATCH(1,(BAREMOS!A:A=A33)*(BAREMOS!B"&":B=B33)*(BAREMOS!C:C=C33)*(BAREMOS!D:D=D33),0),0)),19, MATCH(H33,INDEX(BAREMOS!F:X,MATCH(1,(BAREMOS!A:A=A33)*(BAREMOS!B:B=B33)*(BAREMOS!C:C=C33)*(BAREMOS!D:D=D33),0),0),-1) ) ), IF(H33<=MIN(INDEX(BAREMOS!F:X,MATCH(1,(BAREMOS!A:A=A33)*"&"(BAREMOS!B:B=B33)*(BAREMOS!C:C=C33)*(BAREMOS!D:D=D33),0),0)),1, IF(H33>=MAX(INDEX(BAREMOS!F:X,MATCH(1,(BAREMOS!A:A=A33)*(BAREMOS!B:B=B33)*(BAREMOS!C:C=C33)*(BAREMOS!D:D=D33),0),0)),19, MATCH(H33,INDEX(BAREMOS!F:X,MATCH(1,(BAREMOS!A:A=A33)*("&"BAREMOS!B:B=B33)*(BAREMOS!C:C=C33)*(BAREMOS!D:D=D33),0),0),1) ) ) ) ,"""")) "),"") | K33: =IF(J33="","",INDEX(SEQUENCE(1,19,1,0.5),1,J33))
A34: {=IF(E34="","",IFERROR(INDEX(CONFIGURACION!C:C,MATCH(E34,CONFIGURACION!E:E,0)),""))} | B34: {=IF(E34="","",IFERROR(INDEX(CONFIGURACION!D:D,MATCH(E34,CONFIGURACION!E:E,0)),""))} | I34: =IFERROR(__xludf.DUMMYFUNCTION("IF(F34="""","""",LET( nombre, TRIM(F34), primer, REGEXEXTRACT(nombre, ""^\S+""), resto, TRIM(REGEXREPLACE(nombre, ""^\S+\s*"", """")), iniciales, IF( resto="""", """", TEXTJOIN("""",1,ARRAYFORMULA(LEFT(SPLIT(resto,"" ""),1) & ""."")) "&" ), UPPER(primer) & "" "" & UPPER(iniciales) ))"),"") | J34: =IFERROR(__xludf.DUMMYFUNCTION("IF(H34="""","""",IFERROR( IF(REGEXMATCH(E34,""VELOCIDAD""), IF(H34>=MAX(INDEX(BAREMOS!F:X,MATCH(1,(BAREMOS!A:A=A34)*(BAREMOS!B:B=B34)*(BAREMOS!C:C=C34)*(BAREMOS!D:D=D34),0),0)),1, IF(H34<=MIN(INDEX(BAREMOS!F:X,MATCH(1,(BAREMOS!A:A=A34)*(BAREMOS!B"&":B=B34)*(BAREMOS!C:C=C34)*(BAREMOS!D:D=D34),0),0)),19, MATCH(H34,INDEX(BAREMOS!F:X,MATCH(1,(BAREMOS!A:A=A34)*(BAREMOS!B:B=B34)*(BAREMOS!C:C=C34)*(BAREMOS!D:D=D34),0),0),-1) ) ), IF(H34<=MIN(INDEX(BAREMOS!F:X,MATCH(1,(BAREMOS!A:A=A34)*"&"(BAREMOS!B:B=B34)*(BAREMOS!C:C=C34)*(BAREMOS!D:D=D34),0),0)),1, IF(H34>=MAX(INDEX(BAREMOS!F:X,MATCH(1,(BAREMOS!A:A=A34)*(BAREMOS!B:B=B34)*(BAREMOS!C:C=C34)*(BAREMOS!D:D=D34),0),0)),19, MATCH(H34,INDEX(BAREMOS!F:X,MATCH(1,(BAREMOS!A:A=A34)*("&"BAREMOS!B:B=B34)*(BAREMOS!C:C=C34)*(BAREMOS!D:D=D34),0),0),1) ) ) ) ,"""")) "),"") | K34: =IF(J34="","",INDEX(SEQUENCE(1,19,1,0.5),1,J34))
A35: {=IF(E35="","",IFERROR(INDEX(CONFIGURACION!C:C,MATCH(E35,CONFIGURACION!E:E,0)),""))} | B35: {=IF(E35="","",IFERROR(INDEX(CONFIGURACION!D:D,MATCH(E35,CONFIGURACION!E:E,0)),""))} | I35: =IFERROR(__xludf.DUMMYFUNCTION("IF(F35="""","""",LET( nombre, TRIM(F35), primer, REGEXEXTRACT(nombre, ""^\S+""), resto, TRIM(REGEXREPLACE(nombre, ""^\S+\s*"", """")), iniciales, IF( resto="""", """", TEXTJOIN("""",1,ARRAYFORMULA(LEFT(SPLIT(resto,"" ""),1) & ""."")) "&" ), UPPER(primer) & "" "" & UPPER(iniciales) ))"),"") | J35: =IFERROR(__xludf.DUMMYFUNCTION("IF(H35="""","""",IFERROR( IF(REGEXMATCH(E35,""VELOCIDAD""), IF(H35>=MAX(INDEX(BAREMOS!F:X,MATCH(1,(BAREMOS!A:A=A35)*(BAREMOS!B:B=B35)*(BAREMOS!C:C=C35)*(BAREMOS!D:D=D35),0),0)),1, IF(H35<=MIN(INDEX(BAREMOS!F:X,MATCH(1,(BAREMOS!A:A=A35)*(BAREMOS!B"&":B=B35)*(BAREMOS!C:C=C35)*(BAREMOS!D:D=D35),0),0)),19, MATCH(H35,INDEX(BAREMOS!F:X,MATCH(1,(BAREMOS!A:A=A35)*(BAREMOS!B:B=B35)*(BAREMOS!C:C=C35)*(BAREMOS!D:D=D35),0),0),-1) ) ), IF(H35<=MIN(INDEX(BAREMOS!F:X,MATCH(1,(BAREMOS!A:A=A35)*"&"(BAREMOS!B:B=B35)*(BAREMOS!C:C=C35)*(BAREMOS!D:D=D35),0),0)),1, IF(H35>=MAX(INDEX(BAREMOS!F:X,MATCH(1,(BAREMOS!A:A=A35)*(BAREMOS!B:B=B35)*(BAREMOS!C:C=C35)*(BAREMOS!D:D=D35),0),0)),19, MATCH(H35,INDEX(BAREMOS!F:X,MATCH(1,(BAREMOS!A:A=A35)*("&"BAREMOS!B:B=B35)*(BAREMOS!C:C=C35)*(BAREMOS!D:D=D35),0),0),1) ) ) ) ,"""")) "),"") | K35: =IF(J35="","",INDEX(SEQUENCE(1,19,1,0.5),1,J35))
A36: {=IF(E36="","",IFERROR(INDEX(CONFIGURACION!C:C,MATCH(E36,CONFIGURACION!E:E,0)),""))} | B36: {=IF(E36="","",IFERROR(INDEX(CONFIGURACION!D:D,MATCH(E36,CONFIGURACION!E:E,0)),""))} | I36: =IFERROR(__xludf.DUMMYFUNCTION("IF(F36="""","""",LET( nombre, TRIM(F36), primer, REGEXEXTRACT(nombre, ""^\S+""), resto, TRIM(REGEXREPLACE(nombre, ""^\S+\s*"", """")), iniciales, IF( resto="""", """", TEXTJOIN("""",1,ARRAYFORMULA(LEFT(SPLIT(resto,"" ""),1) & ""."")) "&" ), UPPER(primer) & "" "" & UPPER(iniciales) ))"),"") | J36: =IFERROR(__xludf.DUMMYFUNCTION("IF(H36="""","""",IFERROR( IF(REGEXMATCH(E36,""VELOCIDAD""), IF(H36>=MAX(INDEX(BAREMOS!F:X,MATCH(1,(BAREMOS!A:A=A36)*(BAREMOS!B:B=B36)*(BAREMOS!C:C=C36)*(BAREMOS!D:D=D36),0),0)),1, IF(H36<=MIN(INDEX(BAREMOS!F:X,MATCH(1,(BAREMOS!A:A=A36)*(BAREMOS!B"&":B=B36)*(BAREMOS!C:C=C36)*(BAREMOS!D:D=D36),0),0)),19, MATCH(H36,INDEX(BAREMOS!F:X,MATCH(1,(BAREMOS!A:A=A36)*(BAREMOS!B:B=B36)*(BAREMOS!C:C=C36)*(BAREMOS!D:D=D36),0),0),-1) ) ), IF(H36<=MIN(INDEX(BAREMOS!F:X,MATCH(1,(BAREMOS!A:A=A36)*"&"(BAREMOS!B:B=B36)*(BAREMOS!C:C=C36)*(BAREMOS!D:D=D36),0),0)),1, IF(H36>=MAX(INDEX(BAREMOS!F:X,MATCH(1,(BAREMOS!A:A=A36)*(BAREMOS!B:B=B36)*(BAREMOS!C:C=C36)*(BAREMOS!D:D=D36),0),0)),19, MATCH(H36,INDEX(BAREMOS!F:X,MATCH(1,(BAREMOS!A:A=A36)*("&"BAREMOS!B:B=B36)*(BAREMOS!C:C=C36)*(BAREMOS!D:D=D36),0),0),1) ) ) ) ,"""")) "),"") | K36: =IF(J36="","",INDEX(SEQUENCE(1,19,1,0.5),1,J36))
A37: {=IF(E37="","",IFERROR(INDEX(CONFIGURACION!C:C,MATCH(E37,CONFIGURACION!E:E,0)),""))} | B37: {=IF(E37="","",IFERROR(INDEX(CONFIGURACION!D:D,MATCH(E37,CONFIGURACION!E:E,0)),""))} | I37: =IFERROR(__xludf.DUMMYFUNCTION("IF(F37="""","""",LET( nombre, TRIM(F37), primer, REGEXEXTRACT(nombre, ""^\S+""), resto, TRIM(REGEXREPLACE(nombre, ""^\S+\s*"", """")), iniciales, IF( resto="""", """", TEXTJOIN("""",1,ARRAYFORMULA(LEFT(SPLIT(resto,"" ""),1) & ""."")) "&" ), UPPER(primer) & "" "" & UPPER(iniciales) ))"),"") | J37: =IFERROR(__xludf.DUMMYFUNCTION("IF(H37="""","""",IFERROR( IF(REGEXMATCH(E37,""VELOCIDAD""), IF(H37>=MAX(INDEX(BAREMOS!F:X,MATCH(1,(BAREMOS!A:A=A37)*(BAREMOS!B:B=B37)*(BAREMOS!C:C=C37)*(BAREMOS!D:D=D37),0),0)),1, IF(H37<=MIN(INDEX(BAREMOS!F:X,MATCH(1,(BAREMOS!A:A=A37)*(BAREMOS!B"&":B=B37)*(BAREMOS!C:C=C37)*(BAREMOS!D:D=D37),0),0)),19, MATCH(H37,INDEX(BAREMOS!F:X,MATCH(1,(BAREMOS!A:A=A37)*(BAREMOS!B:B=B37)*(BAREMOS!C:C=C37)*(BAREMOS!D:D=D37),0),0),-1) ) ), IF(H37<=MIN(INDEX(BAREMOS!F:X,MATCH(1,(BAREMOS!A:A=A37)*"&"(BAREMOS!B:B=B37)*(BAREMOS!C:C=C37)*(BAREMOS!D:D=D37),0),0)),1, IF(H37>=MAX(INDEX(BAREMOS!F:X,MATCH(1,(BAREMOS!A:A=A37)*(BAREMOS!B:B=B37)*(BAREMOS!C:C=C37)*(BAREMOS!D:D=D37),0),0)),19, MATCH(H37,INDEX(BAREMOS!F:X,MATCH(1,(BAREMOS!A:A=A37)*("&"BAREMOS!B:B=B37)*(BAREMOS!C:C=C37)*(BAREMOS!D:D=D37),0),0),1) ) ) ) ,"""")) "),"") | K37: =IF(J37="","",INDEX(SEQUENCE(1,19,1,0.5),1,J37))
A38: {=IF(E38="","",IFERROR(INDEX(CONFIGURACION!C:C,MATCH(E38,CONFIGURACION!E:E,0)),""))} | B38: {=IF(E38="","",IFERROR(INDEX(CONFIGURACION!D:D,MATCH(E38,CONFIGURACION!E:E,0)),""))} | I38: =IFERROR(__xludf.DUMMYFUNCTION("IF(F38="""","""",LET( nombre, TRIM(F38), primer, REGEXEXTRACT(nombre, ""^\S+""), resto, TRIM(REGEXREPLACE(nombre, ""^\S+\s*"", """")), iniciales, IF( resto="""", """", TEXTJOIN("""",1,ARRAYFORMULA(LEFT(SPLIT(resto,"" ""),1) & ""."")) "&" ), UPPER(primer) & "" "" & UPPER(iniciales) ))"),"") | J38: =IFERROR(__xludf.DUMMYFUNCTION("IF(H38="""","""",IFERROR( IF(REGEXMATCH(E38,""VELOCIDAD""), IF(H38>=MAX(INDEX(BAREMOS!F:X,MATCH(1,(BAREMOS!A:A=A38)*(BAREMOS!B:B=B38)*(BAREMOS!C:C=C38)*(BAREMOS!D:D=D38),0),0)),1, IF(H38<=MIN(INDEX(BAREMOS!F:X,MATCH(1,(BAREMOS!A:A=A38)*(BAREMOS!B"&":B=B38)*(BAREMOS!C:C=C38)*(BAREMOS!D:D=D38),0),0)),19, MATCH(H38,INDEX(BAREMOS!F:X,MATCH(1,(BAREMOS!A:A=A38)*(BAREMOS!B:B=B38)*(BAREMOS!C:C=C38)*(BAREMOS!D:D=D38),0),0),-1) ) ), IF(H38<=MIN(INDEX(BAREMOS!F:X,MATCH(1,(BAREMOS!A:A=A38)*"&"(BAREMOS!B:B=B38)*(BAREMOS!C:C=C38)*(BAREMOS!D:D=D38),0),0)),1, IF(H38>=MAX(INDEX(BAREMOS!F:X,MATCH(1,(BAREMOS!A:A=A38)*(BAREMOS!B:B=B38)*(BAREMOS!C:C=C38)*(BAREMOS!D:D=D38),0),0)),19, MATCH(H38,INDEX(BAREMOS!F:X,MATCH(1,(BAREMOS!A:A=A38)*("&"BAREMOS!B:B=B38)*(BAREMOS!C:C=C38)*(BAREMOS!D:D=D38),0),0),1) ) ) ) ,"""")) "),"") | K38: =IF(J38="","",INDEX(SEQUENCE(1,19,1,0.5),1,J38))
A39: {=IF(E39="","",IFERROR(INDEX(CONFIGURACION!C:C,MATCH(E39,CONFIGURACION!E:E,0)),""))} | B39: {=IF(E39="","",IFERROR(INDEX(CONFIGURACION!D:D,MATCH(E39,CONFIGURACION!E:E,0)),""))} | I39: =IFERROR(__xludf.DUMMYFUNCTION("IF(F39="""","""",LET( nombre, TRIM(F39), primer, REGEXEXTRACT(nombre, ""^\S+""), resto, TRIM(REGEXREPLACE(nombre, ""^\S+\s*"", """")), iniciales, IF( resto="""", """", TEXTJOIN("""",1,ARRAYFORMULA(LEFT(SPLIT(resto,"" ""),1) & ""."")) "&" ), UPPER(primer) & "" "" & UPPER(iniciales) ))"),"") | J39: =IFERROR(__xludf.DUMMYFUNCTION("IF(H39="""","""",IFERROR( IF(REGEXMATCH(E39,""VELOCIDAD""), IF(H39>=MAX(INDEX(BAREMOS!F:X,MATCH(1,(BAREMOS!A:A=A39)*(BAREMOS!B:B=B39)*(BAREMOS!C:C=C39)*(BAREMOS!D:D=D39),0),0)),1, IF(H39<=MIN(INDEX(BAREMOS!F:X,MATCH(1,(BAREMOS!A:A=A39)*(BAREMOS!B"&":B=B39)*(BAREMOS!C:C=C39)*(BAREMOS!D:D=D39),0),0)),19, MATCH(H39,INDEX(BAREMOS!F:X,MATCH(1,(BAREMOS!A:A=A39)*(BAREMOS!B:B=B39)*(BAREMOS!C:C=C39)*(BAREMOS!D:D=D39),0),0),-1) ) ), IF(H39<=MIN(INDEX(BAREMOS!F:X,MATCH(1,(BAREMOS!A:A=A39)*"&"(BAREMOS!B:B=B39)*(BAREMOS!C:C=C39)*(BAREMOS!D:D=D39),0),0)),1, IF(H39>=MAX(INDEX(BAREMOS!F:X,MATCH(1,(BAREMOS!A:A=A39)*(BAREMOS!B:B=B39)*(BAREMOS!C:C=C39)*(BAREMOS!D:D=D39),0),0)),19, MATCH(H39,INDEX(BAREMOS!F:X,MATCH(1,(BAREMOS!A:A=A39)*("&"BAREMOS!B:B=B39)*(BAREMOS!C:C=C39)*(BAREMOS!D:D=D39),0),0),1) ) ) ) ,"""")) "),"") | K39: =IF(J39="","",INDEX(SEQUENCE(1,19,1,0.5),1,J39))
A40: {=IF(E40="","",IFERROR(INDEX(CONFIGURACION!C:C,MATCH(E40,CONFIGURACION!E:E,0)),""))} | B40: {=IF(E40="","",IFERROR(INDEX(CONFIGURACION!D:D,MATCH(E40,CONFIGURACION!E:E,0)),""))} | I40: =IFERROR(__xludf.DUMMYFUNCTION("IF(F40="""","""",LET( nombre, TRIM(F40), primer, REGEXEXTRACT(nombre, ""^\S+""), resto, TRIM(REGEXREPLACE(nombre, ""^\S+\s*"", """")), iniciales, IF( resto="""", """", TEXTJOIN("""",1,ARRAYFORMULA(LEFT(SPLIT(resto,"" ""),1) & ""."")) "&" ), UPPER(primer) & "" "" & UPPER(iniciales) ))"),"") | J40: =IFERROR(__xludf.DUMMYFUNCTION("IF(H40="""","""",IFERROR( IF(REGEXMATCH(E40,""VELOCIDAD""), IF(H40>=MAX(INDEX(BAREMOS!F:X,MATCH(1,(BAREMOS!A:A=A40)*(BAREMOS!B:B=B40)*(BAREMOS!C:C=C40)*(BAREMOS!D:D=D40),0),0)),1, IF(H40<=MIN(INDEX(BAREMOS!F:X,MATCH(1,(BAREMOS!A:A=A40)*(BAREMOS!B"&":B=B40)*(BAREMOS!C:C=C40)*(BAREMOS!D:D=D40),0),0)),19, MATCH(H40,INDEX(BAREMOS!F:X,MATCH(1,(BAREMOS!A:A=A40)*(BAREMOS!B:B=B40)*(BAREMOS!C:C=C40)*(BAREMOS!D:D=D40),0),0),-1) ) ), IF(H40<=MIN(INDEX(BAREMOS!F:X,MATCH(1,(BAREMOS!A:A=A40)*"&"(BAREMOS!B:B=B40)*(BAREMOS!C:C=C40)*(BAREMOS!D:D=D40),0),0)),1, IF(H40>=MAX(INDEX(BAREMOS!F:X,MATCH(1,(BAREMOS!A:A=A40)*(BAREMOS!B:B=B40)*(BAREMOS!C:C=C40)*(BAREMOS!D:D=D40),0),0)),19, MATCH(H40,INDEX(BAREMOS!F:X,MATCH(1,(BAREMOS!A:A=A40)*("&"BAREMOS!B:B=B40)*(BAREMOS!C:C=C40)*(BAREMOS!D:D=D40),0),0),1) ) ) ) ,"""")) "),"") | K40: =IF(J40="","",INDEX(SEQUENCE(1,19,1,0.5),1,J40))
A41: {=IF(E41="","",IFERROR(INDEX(CONFIGURACION!C:C,MATCH(E41,CONFIGURACION!E:E,0)),""))} | B41: {=IF(E41="","",IFERROR(INDEX(CONFIGURACION!D:D,MATCH(E41,CONFIGURACION!E:E,0)),""))} | I41: =IFERROR(__xludf.DUMMYFUNCTION("IF(F41="""","""",LET( nombre, TRIM(F41), primer, REGEXEXTRACT(nombre, ""^\S+""), resto, TRIM(REGEXREPLACE(nombre, ""^\S+\s*"", """")), iniciales, IF( resto="""", """", TEXTJOIN("""",1,ARRAYFORMULA(LEFT(SPLIT(resto,"" ""),1) & ""."")) "&" ), UPPER(primer) & "" "" & UPPER(iniciales) ))"),"") | J41: =IFERROR(__xludf.DUMMYFUNCTION("IF(H41="""","""",IFERROR( IF(REGEXMATCH(E41,""VELOCIDAD""), IF(H41>=MAX(INDEX(BAREMOS!F:X,MATCH(1,(BAREMOS!A:A=A41)*(BAREMOS!B:B=B41)*(BAREMOS!C:C=C41)*(BAREMOS!D:D=D41),0),0)),1, IF(H41<=MIN(INDEX(BAREMOS!F:X,MATCH(1,(BAREMOS!A:A=A41)*(BAREMOS!B"&":B=B41)*(BAREMOS!C:C=C41)*(BAREMOS!D:D=D41),0),0)),19, MATCH(H41,INDEX(BAREMOS!F:X,MATCH(1,(BAREMOS!A:A=A41)*(BAREMOS!B:B=B41)*(BAREMOS!C:C=C41)*(BAREMOS!D:D=D41),0),0),-1) ) ), IF(H41<=MIN(INDEX(BAREMOS!F:X,MATCH(1,(BAREMOS!A:A=A41)*"&"(BAREMOS!B:B=B41)*(BAREMOS!C:C=C41)*(BAREMOS!D:D=D41),0),0)),1, IF(H41>=MAX(INDEX(BAREMOS!F:X,MATCH(1,(BAREMOS!A:A=A41)*(BAREMOS!B:B=B41)*(BAREMOS!C:C=C41)*(BAREMOS!D:D=D41),0),0)),19, MATCH(H41,INDEX(BAREMOS!F:X,MATCH(1,(BAREMOS!A:A=A41)*("&"BAREMOS!B:B=B41)*(BAREMOS!C:C=C41)*(BAREMOS!D:D=D41),0),0),1) ) ) ) ,"""")) "),"") | K41: =IF(J41="","",INDEX(SEQUENCE(1,19,1,0.5),1,J41))
A42: {=IF(E42="","",IFERROR(INDEX(CONFIGURACION!C:C,MATCH(E42,CONFIGURACION!E:E,0)),""))} | B42: {=IF(E42="","",IFERROR(INDEX(CONFIGURACION!D:D,MATCH(E42,CONFIGURACION!E:E,0)),""))} | I42: =IFERROR(__xludf.DUMMYFUNCTION("IF(F42="""","""",LET( nombre, TRIM(F42), primer, REGEXEXTRACT(nombre, ""^\S+""), resto, TRIM(REGEXREPLACE(nombre, ""^\S+\s*"", """")), iniciales, IF( resto="""", """", TEXTJOIN("""",1,ARRAYFORMULA(LEFT(SPLIT(resto,"" ""),1) & ""."")) "&" ), UPPER(primer) & "" "" & UPPER(iniciales) ))"),"") | J42: =IFERROR(__xludf.DUMMYFUNCTION("IF(H42="""","""",IFERROR( IF(REGEXMATCH(E42,""VELOCIDAD""), IF(H42>=MAX(INDEX(BAREMOS!F:X,MATCH(1,(BAREMOS!A:A=A42)*(BAREMOS!B:B=B42)*(BAREMOS!C:C=C42)*(BAREMOS!D:D=D42),0),0)),1, IF(H42<=MIN(INDEX(BAREMOS!F:X,MATCH(1,(BAREMOS!A:A=A42)*(BAREMOS!B"&":B=B42)*(BAREMOS!C:C=C42)*(BAREMOS!D:D=D42),0),0)),19, MATCH(H42,INDEX(BAREMOS!F:X,MATCH(1,(BAREMOS!A:A=A42)*(BAREMOS!B:B=B42)*(BAREMOS!C:C=C42)*(BAREMOS!D:D=D42),0),0),-1) ) ), IF(H42<=MIN(INDEX(BAREMOS!F:X,MATCH(1,(BAREMOS!A:A=A42)*"&"(BAREMOS!B:B=B42)*(BAREMOS!C:C=C42)*(BAREMOS!D:D=D42),0),0)),1, IF(H42>=MAX(INDEX(BAREMOS!F:X,MATCH(1,(BAREMOS!A:A=A42)*(BAREMOS!B:B=B42)*(BAREMOS!C:C=C42)*(BAREMOS!D:D=D42),0),0)),19, MATCH(H42,INDEX(BAREMOS!F:X,MATCH(1,(BAREMOS!A:A=A42)*("&"BAREMOS!B:B=B42)*(BAREMOS!C:C=C42)*(BAREMOS!D:D=D42),0),0),1) ) ) ) ,"""")) "),"") | K42: =IF(J42="","",INDEX(SEQUENCE(1,19,1,0.5),1,J42))
A43: {=IF(E43="","",IFERROR(INDEX(CONFIGURACION!C:C,MATCH(E43,CONFIGURACION!E:E,0)),""))} | B43: {=IF(E43="","",IFERROR(INDEX(CONFIGURACION!D:D,MATCH(E43,CONFIGURACION!E:E,0)),""))} | I43: =IFERROR(__xludf.DUMMYFUNCTION("IF(F43="""","""",LET( nombre, TRIM(F43), primer, REGEXEXTRACT(nombre, ""^\S+""), resto, TRIM(REGEXREPLACE(nombre, ""^\S+\s*"", """")), iniciales, IF( resto="""", """", TEXTJOIN("""",1,ARRAYFORMULA(LEFT(SPLIT(resto,"" ""),1) & ""."")) "&" ), UPPER(primer) & "" "" & UPPER(iniciales) ))"),"") | J43: =IFERROR(__xludf.DUMMYFUNCTION("IF(H43="""","""",IFERROR( IF(REGEXMATCH(E43,""VELOCIDAD""), IF(H43>=MAX(INDEX(BAREMOS!F:X,MATCH(1,(BAREMOS!A:A=A43)*(BAREMOS!B:B=B43)*(BAREMOS!C:C=C43)*(BAREMOS!D:D=D43),0),0)),1, IF(H43<=MIN(INDEX(BAREMOS!F:X,MATCH(1,(BAREMOS!A:A=A43)*(BAREMOS!B"&":B=B43)*(BAREMOS!C:C=C43)*(BAREMOS!D:D=D43),0),0)),19, MATCH(H43,INDEX(BAREMOS!F:X,MATCH(1,(BAREMOS!A:A=A43)*(BAREMOS!B:B=B43)*(BAREMOS!C:C=C43)*(BAREMOS!D:D=D43),0),0),-1) ) ), IF(H43<=MIN(INDEX(BAREMOS!F:X,MATCH(1,(BAREMOS!A:A=A43)*"&"(BAREMOS!B:B=B43)*(BAREMOS!C:C=C43)*(BAREMOS!D:D=D43),0),0)),1, IF(H43>=MAX(INDEX(BAREMOS!F:X,MATCH(1,(BAREMOS!A:A=A43)*(BAREMOS!B:B=B43)*(BAREMOS!C:C=C43)*(BAREMOS!D:D=D43),0),0)),19, MATCH(H43,INDEX(BAREMOS!F:X,MATCH(1,(BAREMOS!A:A=A43)*("&"BAREMOS!B:B=B43)*(BAREMOS!C:C=C43)*(BAREMOS!D:D=D43),0),0),1) ) ) ) ,"""")) "),"") | K43: =IF(J43="","",INDEX(SEQUENCE(1,19,1,0.5),1,J43))
A44: {=IF(E44="","",IFERROR(INDEX(CONFIGURACION!C:C,MATCH(E44,CONFIGURACION!E:E,0)),""))} | B44: {=IF(E44="","",IFERROR(INDEX(CONFIGURACION!D:D,MATCH(E44,CONFIGURACION!E:E,0)),""))} | I44: =IFERROR(__xludf.DUMMYFUNCTION("IF(F44="""","""",LET( nombre, TRIM(F44), primer, REGEXEXTRACT(nombre, ""^\S+""), resto, TRIM(REGEXREPLACE(nombre, ""^\S+\s*"", """")), iniciales, IF( resto="""", """", TEXTJOIN("""",1,ARRAYFORMULA(LEFT(SPLIT(resto,"" ""),1) & ""."")) "&" ), UPPER(primer) & "" "" & UPPER(iniciales) ))"),"") | J44: =IFERROR(__xludf.DUMMYFUNCTION("IF(H44="""","""",IFERROR( IF(REGEXMATCH(E44,""VELOCIDAD""), IF(H44>=MAX(INDEX(BAREMOS!F:X,MATCH(1,(BAREMOS!A:A=A44)*(BAREMOS!B:B=B44)*(BAREMOS!C:C=C44)*(BAREMOS!D:D=D44),0),0)),1, IF(H44<=MIN(INDEX(BAREMOS!F:X,MATCH(1,(BAREMOS!A:A=A44)*(BAREMOS!B"&":B=B44)*(BAREMOS!C:C=C44)*(BAREMOS!D:D=D44),0),0)),19, MATCH(H44,INDEX(BAREMOS!F:X,MATCH(1,(BAREMOS!A:A=A44)*(BAREMOS!B:B=B44)*(BAREMOS!C:C=C44)*(BAREMOS!D:D=D44),0),0),-1) ) ), IF(H44<=MIN(INDEX(BAREMOS!F:X,MATCH(1,(BAREMOS!A:A=A44)*"&"(BAREMOS!B:B=B44)*(BAREMOS!C:C=C44)*(BAREMOS!D:D=D44),0),0)),1, IF(H44>=MAX(INDEX(BAREMOS!F:X,MATCH(1,(BAREMOS!A:A=A44)*(BAREMOS!B:B=B44)*(BAREMOS!C:C=C44)*(BAREMOS!D:D=D44),0),0)),19, MATCH(H44,INDEX(BAREMOS!F:X,MATCH(1,(BAREMOS!A:A=A44)*("&"BAREMOS!B:B=B44)*(BAREMOS!C:C=C44)*(BAREMOS!D:D=D44),0),0),1) ) ) ) ,"""")) "),"") | K44: =IF(J44="","",INDEX(SEQUENCE(1,19,1,0.5),1,J44))
A45: {=IF(E45="","",IFERROR(INDEX(CONFIGURACION!C:C,MATCH(E45,CONFIGURACION!E:E,0)),""))} | B45: {=IF(E45="","",IFERROR(INDEX(CONFIGURACION!D:D,MATCH(E45,CONFIGURACION!E:E,0)),""))} | I45: =IFERROR(__xludf.DUMMYFUNCTION("IF(F45="""","""",LET( nombre, TRIM(F45), primer, REGEXEXTRACT(nombre, ""^\S+""), resto, TRIM(REGEXREPLACE(nombre, ""^\S+\s*"", """")), iniciales, IF( resto="""", """", TEXTJOIN("""",1,ARRAYFORMULA(LEFT(SPLIT(resto,"" ""),1) & ""."")) "&" ), UPPER(primer) & "" "" & UPPER(iniciales) ))"),"") | J45: =IFERROR(__xludf.DUMMYFUNCTION("IF(H45="""","""",IFERROR( IF(REGEXMATCH(E45,""VELOCIDAD""), IF(H45>=MAX(INDEX(BAREMOS!F:X,MATCH(1,(BAREMOS!A:A=A45)*(BAREMOS!B:B=B45)*(BAREMOS!C:C=C45)*(BAREMOS!D:D=D45),0),0)),1, IF(H45<=MIN(INDEX(BAREMOS!F:X,MATCH(1,(BAREMOS!A:A=A45)*(BAREMOS!B"&":B=B45)*(BAREMOS!C:C=C45)*(BAREMOS!D:D=D45),0),0)),19, MATCH(H45,INDEX(BAREMOS!F:X,MATCH(1,(BAREMOS!A:A=A45)*(BAREMOS!B:B=B45)*(BAREMOS!C:C=C45)*(BAREMOS!D:D=D45),0),0),-1) ) ), IF(H45<=MIN(INDEX(BAREMOS!F:X,MATCH(1,(BAREMOS!A:A=A45)*"&"(BAREMOS!B:B=B45)*(BAREMOS!C:C=C45)*(BAREMOS!D:D=D45),0),0)),1, IF(H45>=MAX(INDEX(BAREMOS!F:X,MATCH(1,(BAREMOS!A:A=A45)*(BAREMOS!B:B=B45)*(BAREMOS!C:C=C45)*(BAREMOS!D:D=D45),0),0)),19, MATCH(H45,INDEX(BAREMOS!F:X,MATCH(1,(BAREMOS!A:A=A45)*("&"BAREMOS!B:B=B45)*(BAREMOS!C:C=C45)*(BAREMOS!D:D=D45),0),0),1) ) ) ) ,"""")) "),"") | K45: =IF(J45="","",INDEX(SEQUENCE(1,19,1,0.5),1,J45))
A46: {=IF(E46="","",IFERROR(INDEX(CONFIGURACION!C:C,MATCH(E46,CONFIGURACION!E:E,0)),""))} | B46: {=IF(E46="","",IFERROR(INDEX(CONFIGURACION!D:D,MATCH(E46,CONFIGURACION!E:E,0)),""))} | I46: =IFERROR(__xludf.DUMMYFUNCTION("IF(F46="""","""",LET( nombre, TRIM(F46), primer, REGEXEXTRACT(nombre, ""^\S+""), resto, TRIM(REGEXREPLACE(nombre, ""^\S+\s*"", """")), iniciales, IF( resto="""", """", TEXTJOIN("""",1,ARRAYFORMULA(LEFT(SPLIT(resto,"" ""),1) & ""."")) "&" ), UPPER(primer) & "" "" & UPPER(iniciales) ))"),"") | J46: =IFERROR(__xludf.DUMMYFUNCTION("IF(H46="""","""",IFERROR( IF(REGEXMATCH(E46,""VELOCIDAD""), IF(H46>=MAX(INDEX(BAREMOS!F:X,MATCH(1,(BAREMOS!A:A=A46)*(BAREMOS!B:B=B46)*(BAREMOS!C:C=C46)*(BAREMOS!D:D=D46),0),0)),1, IF(H46<=MIN(INDEX(BAREMOS!F:X,MATCH(1,(BAREMOS!A:A=A46)*(BAREMOS!B"&":B=B46)*(BAREMOS!C:C=C46)*(BAREMOS!D:D=D46),0),0)),19, MATCH(H46,INDEX(BAREMOS!F:X,MATCH(1,(BAREMOS!A:A=A46)*(BAREMOS!B:B=B46)*(BAREMOS!C:C=C46)*(BAREMOS!D:D=D46),0),0),-1) ) ), IF(H46<=MIN(INDEX(BAREMOS!F:X,MATCH(1,(BAREMOS!A:A=A46)*"&"(BAREMOS!B:B=B46)*(BAREMOS!C:C=C46)*(BAREMOS!D:D=D46),0),0)),1, IF(H46>=MAX(INDEX(BAREMOS!F:X,MATCH(1,(BAREMOS!A:A=A46)*(BAREMOS!B:B=B46)*(BAREMOS!C:C=C46)*(BAREMOS!D:D=D46),0),0)),19, MATCH(H46,INDEX(BAREMOS!F:X,MATCH(1,(BAREMOS!A:A=A46)*("&"BAREMOS!B:B=B46)*(BAREMOS!C:C=C46)*(BAREMOS!D:D=D46),0),0),1) ) ) ) ,"""")) "),"") | K46: =IF(J46="","",INDEX(SEQUENCE(1,19,1,0.5),1,J46))
A47: {=IF(E47="","",IFERROR(INDEX(CONFIGURACION!C:C,MATCH(E47,CONFIGURACION!E:E,0)),""))} | B47: {=IF(E47="","",IFERROR(INDEX(CONFIGURACION!D:D,MATCH(E47,CONFIGURACION!E:E,0)),""))} | I47: =IFERROR(__xludf.DUMMYFUNCTION("IF(F47="""","""",LET( nombre, TRIM(F47), primer, REGEXEXTRACT(nombre, ""^\S+""), resto, TRIM(REGEXREPLACE(nombre, ""^\S+\s*"", """")), iniciales, IF( resto="""", """", TEXTJOIN("""",1,ARRAYFORMULA(LEFT(SPLIT(resto,"" ""),1) & ""."")) "&" ), UPPER(primer) & "" "" & UPPER(iniciales) ))"),"") | J47: =IFERROR(__xludf.DUMMYFUNCTION("IF(H47="""","""",IFERROR( IF(REGEXMATCH(E47,""VELOCIDAD""), IF(H47>=MAX(INDEX(BAREMOS!F:X,MATCH(1,(BAREMOS!A:A=A47)*(BAREMOS!B:B=B47)*(BAREMOS!C:C=C47)*(BAREMOS!D:D=D47),0),0)),1, IF(H47<=MIN(INDEX(BAREMOS!F:X,MATCH(1,(BAREMOS!A:A=A47)*(BAREMOS!B"&":B=B47)*(BAREMOS!C:C=C47)*(BAREMOS!D:D=D47),0),0)),19, MATCH(H47,INDEX(BAREMOS!F:X,MATCH(1,(BAREMOS!A:A=A47)*(BAREMOS!B:B=B47)*(BAREMOS!C:C=C47)*(BAREMOS!D:D=D47),0),0),-1) ) ), IF(H47<=MIN(INDEX(BAREMOS!F:X,MATCH(1,(BAREMOS!A:A=A47)*"&"(BAREMOS!B:B=B47)*(BAREMOS!C:C=C47)*(BAREMOS!D:D=D47),0),0)),1, IF(H47>=MAX(INDEX(BAREMOS!F:X,MATCH(1,(BAREMOS!A:A=A47)*(BAREMOS!B:B=B47)*(BAREMOS!C:C=C47)*(BAREMOS!D:D=D47),0),0)),19, MATCH(H47,INDEX(BAREMOS!F:X,MATCH(1,(BAREMOS!A:A=A47)*("&"BAREMOS!B:B=B47)*(BAREMOS!C:C=C47)*(BAREMOS!D:D=D47),0),0),1) ) ) ) ,"""")) "),"") | K47: =IF(J47="","",INDEX(SEQUENCE(1,19,1,0.5),1,J47))
A48: {=IF(E48="","",IFERROR(INDEX(CONFIGURACION!C:C,MATCH(E48,CONFIGURACION!E:E,0)),""))} | B48: {=IF(E48="","",IFERROR(INDEX(CONFIGURACION!D:D,MATCH(E48,CONFIGURACION!E:E,0)),""))} | I48: =IFERROR(__xludf.DUMMYFUNCTION("IF(F48="""","""",LET( nombre, TRIM(F48), primer, REGEXEXTRACT(nombre, ""^\S+""), resto, TRIM(REGEXREPLACE(nombre, ""^\S+\s*"", """")), iniciales, IF( resto="""", """", TEXTJOIN("""",1,ARRAYFORMULA(LEFT(SPLIT(resto,"" ""),1) & ""."")) "&" ), UPPER(primer) & "" "" & UPPER(iniciales) ))"),"") | J48: =IFERROR(__xludf.DUMMYFUNCTION("IF(H48="""","""",IFERROR( IF(REGEXMATCH(E48,""VELOCIDAD""), IF(H48>=MAX(INDEX(BAREMOS!F:X,MATCH(1,(BAREMOS!A:A=A48)*(BAREMOS!B:B=B48)*(BAREMOS!C:C=C48)*(BAREMOS!D:D=D48),0),0)),1, IF(H48<=MIN(INDEX(BAREMOS!F:X,MATCH(1,(BAREMOS!A:A=A48)*(BAREMOS!B"&":B=B48)*(BAREMOS!C:C=C48)*(BAREMOS!D:D=D48),0),0)),19, MATCH(H48,INDEX(BAREMOS!F:X,MATCH(1,(BAREMOS!A:A=A48)*(BAREMOS!B:B=B48)*(BAREMOS!C:C=C48)*(BAREMOS!D:D=D48),0),0),-1) ) ), IF(H48<=MIN(INDEX(BAREMOS!F:X,MATCH(1,(BAREMOS!A:A=A48)*"&"(BAREMOS!B:B=B48)*(BAREMOS!C:C=C48)*(BAREMOS!D:D=D48),0),0)),1, IF(H48>=MAX(INDEX(BAREMOS!F:X,MATCH(1,(BAREMOS!A:A=A48)*(BAREMOS!B:B=B48)*(BAREMOS!C:C=C48)*(BAREMOS!D:D=D48),0),0)),19, MATCH(H48,INDEX(BAREMOS!F:X,MATCH(1,(BAREMOS!A:A=A48)*("&"BAREMOS!B:B=B48)*(BAREMOS!C:C=C48)*(BAREMOS!D:D=D48),0),0),1) ) ) ) ,"""")) "),"") | K48: =IF(J48="","",INDEX(SEQUENCE(1,19,1,0.5),1,J48))
A49: {=IF(E49="","",IFERROR(INDEX(CONFIGURACION!C:C,MATCH(E49,CONFIGURACION!E:E,0)),""))} | B49: {=IF(E49="","",IFERROR(INDEX(CONFIGURACION!D:D,MATCH(E49,CONFIGURACION!E:E,0)),""))} | I49: =IFERROR(__xludf.DUMMYFUNCTION("IF(F49="""","""",LET( nombre, TRIM(F49), primer, REGEXEXTRACT(nombre, ""^\S+""), resto, TRIM(REGEXREPLACE(nombre, ""^\S+\s*"", """")), iniciales, IF( resto="""", """", TEXTJOIN("""",1,ARRAYFORMULA(LEFT(SPLIT(resto,"" ""),1) & ""."")) "&" ), UPPER(primer) & "" "" & UPPER(iniciales) ))"),"") | J49: =IFERROR(__xludf.DUMMYFUNCTION("IF(H49="""","""",IFERROR( IF(REGEXMATCH(E49,""VELOCIDAD""), IF(H49>=MAX(INDEX(BAREMOS!F:X,MATCH(1,(BAREMOS!A:A=A49)*(BAREMOS!B:B=B49)*(BAREMOS!C:C=C49)*(BAREMOS!D:D=D49),0),0)),1, IF(H49<=MIN(INDEX(BAREMOS!F:X,MATCH(1,(BAREMOS!A:A=A49)*(BAREMOS!B"&":B=B49)*(BAREMOS!C:C=C49)*(BAREMOS!D:D=D49),0),0)),19, MATCH(H49,INDEX(BAREMOS!F:X,MATCH(1,(BAREMOS!A:A=A49)*(BAREMOS!B:B=B49)*(BAREMOS!C:C=C49)*(BAREMOS!D:D=D49),0),0),-1) ) ), IF(H49<=MIN(INDEX(BAREMOS!F:X,MATCH(1,(BAREMOS!A:A=A49)*"&"(BAREMOS!B:B=B49)*(BAREMOS!C:C=C49)*(BAREMOS!D:D=D49),0),0)),1, IF(H49>=MAX(INDEX(BAREMOS!F:X,MATCH(1,(BAREMOS!A:A=A49)*(BAREMOS!B:B=B49)*(BAREMOS!C:C=C49)*(BAREMOS!D:D=D49),0),0)),19, MATCH(H49,INDEX(BAREMOS!F:X,MATCH(1,(BAREMOS!A:A=A49)*("&"BAREMOS!B:B=B49)*(BAREMOS!C:C=C49)*(BAREMOS!D:D=D49),0),0),1) ) ) ) ,"""")) "),"") | K49: =IF(J49="","",INDEX(SEQUENCE(1,19,1,0.5),1,J49))
A50: {=IF(E50="","",IFERROR(INDEX(CONFIGURACION!C:C,MATCH(E50,CONFIGURACION!E:E,0)),""))} | B50: {=IF(E50="","",IFERROR(INDEX(CONFIGURACION!D:D,MATCH(E50,CONFIGURACION!E:E,0)),""))} | I50: =IFERROR(__xludf.DUMMYFUNCTION("IF(F50="""","""",LET( nombre, TRIM(F50), primer, REGEXEXTRACT(nombre, ""^\S+""), resto, TRIM(REGEXREPLACE(nombre, ""^\S+\s*"", """")), iniciales, IF( resto="""", """", TEXTJOIN("""",1,ARRAYFORMULA(LEFT(SPLIT(resto,"" ""),1) & ""."")) "&" ), UPPER(primer) & "" "" & UPPER(iniciales) ))"),"") | J50: =IFERROR(__xludf.DUMMYFUNCTION("IF(H50="""","""",IFERROR( IF(REGEXMATCH(E50,""VELOCIDAD""), IF(H50>=MAX(INDEX(BAREMOS!F:X,MATCH(1,(BAREMOS!A:A=A50)*(BAREMOS!B:B=B50)*(BAREMOS!C:C=C50)*(BAREMOS!D:D=D50),0),0)),1, IF(H50<=MIN(INDEX(BAREMOS!F:X,MATCH(1,(BAREMOS!A:A=A50)*(BAREMOS!B"&":B=B50)*(BAREMOS!C:C=C50)*(BAREMOS!D:D=D50),0),0)),19, MATCH(H50,INDEX(BAREMOS!F:X,MATCH(1,(BAREMOS!A:A=A50)*(BAREMOS!B:B=B50)*(BAREMOS!C:C=C50)*(BAREMOS!D:D=D50),0),0),-1) ) ), IF(H50<=MIN(INDEX(BAREMOS!F:X,MATCH(1,(BAREMOS!A:A=A50)*"&"(BAREMOS!B:B=B50)*(BAREMOS!C:C=C50)*(BAREMOS!D:D=D50),0),0)),1, IF(H50>=MAX(INDEX(BAREMOS!F:X,MATCH(1,(BAREMOS!A:A=A50)*(BAREMOS!B:B=B50)*(BAREMOS!C:C=C50)*(BAREMOS!D:D=D50),0),0)),19, MATCH(H50,INDEX(BAREMOS!F:X,MATCH(1,(BAREMOS!A:A=A50)*("&"BAREMOS!B:B=B50)*(BAREMOS!C:C=C50)*(BAREMOS!D:D=D50),0),0),1) ) ) ) ,"""")) "),"") | K50: =IF(J50="","",INDEX(SEQUENCE(1,19,1,0.5),1,J50))
A51: {=IF(E51="","",IFERROR(INDEX(CONFIGURACION!C:C,MATCH(E51,CONFIGURACION!E:E,0)),""))} | B51: {=IF(E51="","",IFERROR(INDEX(CONFIGURACION!D:D,MATCH(E51,CONFIGURACION!E:E,0)),""))} | I51: =IFERROR(__xludf.DUMMYFUNCTION("IF(F51="""","""",LET( nombre, TRIM(F51), primer, REGEXEXTRACT(nombre, ""^\S+""), resto, TRIM(REGEXREPLACE(nombre, ""^\S+\s*"", """")), iniciales, IF( resto="""", """", TEXTJOIN("""",1,ARRAYFORMULA(LEFT(SPLIT(resto,"" ""),1) & ""."")) "&" ), UPPER(primer) & "" "" & UPPER(iniciales) ))"),"") | J51: =IFERROR(__xludf.DUMMYFUNCTION("IF(H51="""","""",IFERROR( IF(REGEXMATCH(E51,""VELOCIDAD""), IF(H51>=MAX(INDEX(BAREMOS!F:X,MATCH(1,(BAREMOS!A:A=A51)*(BAREMOS!B:B=B51)*(BAREMOS!C:C=C51)*(BAREMOS!D:D=D51),0),0)),1, IF(H51<=MIN(INDEX(BAREMOS!F:X,MATCH(1,(BAREMOS!A:A=A51)*(BAREMOS!B"&":B=B51)*(BAREMOS!C:C=C51)*(BAREMOS!D:D=D51),0),0)),19, MATCH(H51,INDEX(BAREMOS!F:X,MATCH(1,(BAREMOS!A:A=A51)*(BAREMOS!B:B=B51)*(BAREMOS!C:C=C51)*(BAREMOS!D:D=D51),0),0),-1) ) ), IF(H51<=MIN(INDEX(BAREMOS!F:X,MATCH(1,(BAREMOS!A:A=A51)*"&"(BAREMOS!B:B=B51)*(BAREMOS!C:C=C51)*(BAREMOS!D:D=D51),0),0)),1, IF(H51>=MAX(INDEX(BAREMOS!F:X,MATCH(1,(BAREMOS!A:A=A51)*(BAREMOS!B:B=B51)*(BAREMOS!C:C=C51)*(BAREMOS!D:D=D51),0),0)),19, MATCH(H51,INDEX(BAREMOS!F:X,MATCH(1,(BAREMOS!A:A=A51)*("&"BAREMOS!B:B=B51)*(BAREMOS!C:C=C51)*(BAREMOS!D:D=D51),0),0),1) ) ) ) ,"""")) "),"") | K51: =IF(J51="","",INDEX(SEQUENCE(1,19,1,0.5),1,J51))
A52: {=IF(E52="","",IFERROR(INDEX(CONFIGURACION!C:C,MATCH(E52,CONFIGURACION!E:E,0)),""))} | B52: {=IF(E52="","",IFERROR(INDEX(CONFIGURACION!D:D,MATCH(E52,CONFIGURACION!E:E,0)),""))} | I52: =IFERROR(__xludf.DUMMYFUNCTION("IF(F52="""","""",LET( nombre, TRIM(F52), primer, REGEXEXTRACT(nombre, ""^\S+""), resto, TRIM(REGEXREPLACE(nombre, ""^\S+\s*"", """")), iniciales, IF( resto="""", """", TEXTJOIN("""",1,ARRAYFORMULA(LEFT(SPLIT(resto,"" ""),1) & ""."")) "&" ), UPPER(primer) & "" "" & UPPER(iniciales) ))"),"") | J52: =IFERROR(__xludf.DUMMYFUNCTION("IF(H52="""","""",IFERROR( IF(REGEXMATCH(E52,""VELOCIDAD""), IF(H52>=MAX(INDEX(BAREMOS!F:X,MATCH(1,(BAREMOS!A:A=A52)*(BAREMOS!B:B=B52)*(BAREMOS!C:C=C52)*(BAREMOS!D:D=D52),0),0)),1, IF(H52<=MIN(INDEX(BAREMOS!F:X,MATCH(1,(BAREMOS!A:A=A52)*(BAREMOS!B"&":B=B52)*(BAREMOS!C:C=C52)*(BAREMOS!D:D=D52),0),0)),19, MATCH(H52,INDEX(BAREMOS!F:X,MATCH(1,(BAREMOS!A:A=A52)*(BAREMOS!B:B=B52)*(BAREMOS!C:C=C52)*(BAREMOS!D:D=D52),0),0),-1) ) ), IF(H52<=MIN(INDEX(BAREMOS!F:X,MATCH(1,(BAREMOS!A:A=A52)*"&"(BAREMOS!B:B=B52)*(BAREMOS!C:C=C52)*(BAREMOS!D:D=D52),0),0)),1, IF(H52>=MAX(INDEX(BAREMOS!F:X,MATCH(1,(BAREMOS!A:A=A52)*(BAREMOS!B:B=B52)*(BAREMOS!C:C=C52)*(BAREMOS!D:D=D52),0),0)),19, MATCH(H52,INDEX(BAREMOS!F:X,MATCH(1,(BAREMOS!A:A=A52)*("&"BAREMOS!B:B=B52)*(BAREMOS!C:C=C52)*(BAREMOS!D:D=D52),0),0),1) ) ) ) ,"""")) "),"") | K52: =IF(J52="","",INDEX(SEQUENCE(1,19,1,0.5),1,J52))
A53: {=IF(E53="","",IFERROR(INDEX(CONFIGURACION!C:C,MATCH(E53,CONFIGURACION!E:E,0)),""))} | B53: {=IF(E53="","",IFERROR(INDEX(CONFIGURACION!D:D,MATCH(E53,CONFIGURACION!E:E,0)),""))} | I53: =IFERROR(__xludf.DUMMYFUNCTION("IF(F53="""","""",LET( nombre, TRIM(F53), primer, REGEXEXTRACT(nombre, ""^\S+""), resto, TRIM(REGEXREPLACE(nombre, ""^\S+\s*"", """")), iniciales, IF( resto="""", """", TEXTJOIN("""",1,ARRAYFORMULA(LEFT(SPLIT(resto,"" ""),1) & ""."")) "&" ), UPPER(primer) & "" "" & UPPER(iniciales) ))"),"") | J53: =IFERROR(__xludf.DUMMYFUNCTION("IF(H53="""","""",IFERROR( IF(REGEXMATCH(E53,""VELOCIDAD""), IF(H53>=MAX(INDEX(BAREMOS!F:X,MATCH(1,(BAREMOS!A:A=A53)*(BAREMOS!B:B=B53)*(BAREMOS!C:C=C53)*(BAREMOS!D:D=D53),0),0)),1, IF(H53<=MIN(INDEX(BAREMOS!F:X,MATCH(1,(BAREMOS!A:A=A53)*(BAREMOS!B"&":B=B53)*(BAREMOS!C:C=C53)*(BAREMOS!D:D=D53),0),0)),19, MATCH(H53,INDEX(BAREMOS!F:X,MATCH(1,(BAREMOS!A:A=A53)*(BAREMOS!B:B=B53)*(BAREMOS!C:C=C53)*(BAREMOS!D:D=D53),0),0),-1) ) ), IF(H53<=MIN(INDEX(BAREMOS!F:X,MATCH(1,(BAREMOS!A:A=A53)*"&"(BAREMOS!B:B=B53)*(BAREMOS!C:C=C53)*(BAREMOS!D:D=D53),0),0)),1, IF(H53>=MAX(INDEX(BAREMOS!F:X,MATCH(1,(BAREMOS!A:A=A53)*(BAREMOS!B:B=B53)*(BAREMOS!C:C=C53)*(BAREMOS!D:D=D53),0),0)),19, MATCH(H53,INDEX(BAREMOS!F:X,MATCH(1,(BAREMOS!A:A=A53)*("&"BAREMOS!B:B=B53)*(BAREMOS!C:C=C53)*(BAREMOS!D:D=D53),0),0),1) ) ) ) ,"""")) "),"") | K53: =IF(J53="","",INDEX(SEQUENCE(1,19,1,0.5),1,J53))
A54: {=IF(E54="","",IFERROR(INDEX(CONFIGURACION!C:C,MATCH(E54,CONFIGURACION!E:E,0)),""))} | B54: {=IF(E54="","",IFERROR(INDEX(CONFIGURACION!D:D,MATCH(E54,CONFIGURACION!E:E,0)),""))} | I54: =IFERROR(__xludf.DUMMYFUNCTION("IF(F54="""","""",LET( nombre, TRIM(F54), primer, REGEXEXTRACT(nombre, ""^\S+""), resto, TRIM(REGEXREPLACE(nombre, ""^\S+\s*"", """")), iniciales, IF( resto="""", """", TEXTJOIN("""",1,ARRAYFORMULA(LEFT(SPLIT(resto,"" ""),1) & ""."")) "&" ), UPPER(primer) & "" "" & UPPER(iniciales) ))"),"") | J54: =IFERROR(__xludf.DUMMYFUNCTION("IF(H54="""","""",IFERROR( IF(REGEXMATCH(E54,""VELOCIDAD""), IF(H54>=MAX(INDEX(BAREMOS!F:X,MATCH(1,(BAREMOS!A:A=A54)*(BAREMOS!B:B=B54)*(BAREMOS!C:C=C54)*(BAREMOS!D:D=D54),0),0)),1, IF(H54<=MIN(INDEX(BAREMOS!F:X,MATCH(1,(BAREMOS!A:A=A54)*(BAREMOS!B"&":B=B54)*(BAREMOS!C:C=C54)*(BAREMOS!D:D=D54),0),0)),19, MATCH(H54,INDEX(BAREMOS!F:X,MATCH(1,(BAREMOS!A:A=A54)*(BAREMOS!B:B=B54)*(BAREMOS!C:C=C54)*(BAREMOS!D:D=D54),0),0),-1) ) ), IF(H54<=MIN(INDEX(BAREMOS!F:X,MATCH(1,(BAREMOS!A:A=A54)*"&"(BAREMOS!B:B=B54)*(BAREMOS!C:C=C54)*(BAREMOS!D:D=D54),0),0)),1, IF(H54>=MAX(INDEX(BAREMOS!F:X,MATCH(1,(BAREMOS!A:A=A54)*(BAREMOS!B:B=B54)*(BAREMOS!C:C=C54)*(BAREMOS!D:D=D54),0),0)),19, MATCH(H54,INDEX(BAREMOS!F:X,MATCH(1,(BAREMOS!A:A=A54)*("&"BAREMOS!B:B=B54)*(BAREMOS!C:C=C54)*(BAREMOS!D:D=D54),0),0),1) ) ) ) ,"""")) "),"") | K54: =IF(J54="","",INDEX(SEQUENCE(1,19,1,0.5),1,J54))
A55: {=IF(E55="","",IFERROR(INDEX(CONFIGURACION!C:C,MATCH(E55,CONFIGURACION!E:E,0)),""))} | B55: {=IF(E55="","",IFERROR(INDEX(CONFIGURACION!D:D,MATCH(E55,CONFIGURACION!E:E,0)),""))} | I55: =IFERROR(__xludf.DUMMYFUNCTION("IF(F55="""","""",LET( nombre, TRIM(F55), primer, REGEXEXTRACT(nombre, ""^\S+""), resto, TRIM(REGEXREPLACE(nombre, ""^\S+\s*"", """")), iniciales, IF( resto="""", """", TEXTJOIN("""",1,ARRAYFORMULA(LEFT(SPLIT(resto,"" ""),1) & ""."")) "&" ), UPPER(primer) & "" "" & UPPER(iniciales) ))"),"") | J55: =IFERROR(__xludf.DUMMYFUNCTION("IF(H55="""","""",IFERROR( IF(REGEXMATCH(E55,""VELOCIDAD""), IF(H55>=MAX(INDEX(BAREMOS!F:X,MATCH(1,(BAREMOS!A:A=A55)*(BAREMOS!B:B=B55)*(BAREMOS!C:C=C55)*(BAREMOS!D:D=D55),0),0)),1, IF(H55<=MIN(INDEX(BAREMOS!F:X,MATCH(1,(BAREMOS!A:A=A55)*(BAREMOS!B"&":B=B55)*(BAREMOS!C:C=C55)*(BAREMOS!D:D=D55),0),0)),19, MATCH(H55,INDEX(BAREMOS!F:X,MATCH(1,(BAREMOS!A:A=A55)*(BAREMOS!B:B=B55)*(BAREMOS!C:C=C55)*(BAREMOS!D:D=D55),0),0),-1) ) ), IF(H55<=MIN(INDEX(BAREMOS!F:X,MATCH(1,(BAREMOS!A:A=A55)*"&"(BAREMOS!B:B=B55)*(BAREMOS!C:C=C55)*(BAREMOS!D:D=D55),0),0)),1, IF(H55>=MAX(INDEX(BAREMOS!F:X,MATCH(1,(BAREMOS!A:A=A55)*(BAREMOS!B:B=B55)*(BAREMOS!C:C=C55)*(BAREMOS!D:D=D55),0),0)),19, MATCH(H55,INDEX(BAREMOS!F:X,MATCH(1,(BAREMOS!A:A=A55)*("&"BAREMOS!B:B=B55)*(BAREMOS!C:C=C55)*(BAREMOS!D:D=D55),0),0),1) ) ) ) ,"""")) "),"") | K55: =IF(J55="","",INDEX(SEQUENCE(1,19,1,0.5),1,J55))
A56: {=IF(E56="","",IFERROR(INDEX(CONFIGURACION!C:C,MATCH(E56,CONFIGURACION!E:E,0)),""))} | B56: {=IF(E56="","",IFERROR(INDEX(CONFIGURACION!D:D,MATCH(E56,CONFIGURACION!E:E,0)),""))} | I56: =IFERROR(__xludf.DUMMYFUNCTION("IF(F56="""","""",LET( nombre, TRIM(F56), primer, REGEXEXTRACT(nombre, ""^\S+""), resto, TRIM(REGEXREPLACE(nombre, ""^\S+\s*"", """")), iniciales, IF( resto="""", """", TEXTJOIN("""",1,ARRAYFORMULA(LEFT(SPLIT(resto,"" ""),1) & ""."")) "&" ), UPPER(primer) & "" "" & UPPER(iniciales) ))"),"") | J56: =IFERROR(__xludf.DUMMYFUNCTION("IF(H56="""","""",IFERROR( IF(REGEXMATCH(E56,""VELOCIDAD""), IF(H56>=MAX(INDEX(BAREMOS!F:X,MATCH(1,(BAREMOS!A:A=A56)*(BAREMOS!B:B=B56)*(BAREMOS!C:C=C56)*(BAREMOS!D:D=D56),0),0)),1, IF(H56<=MIN(INDEX(BAREMOS!F:X,MATCH(1,(BAREMOS!A:A=A56)*(BAREMOS!B"&":B=B56)*(BAREMOS!C:C=C56)*(BAREMOS!D:D=D56),0),0)),19, MATCH(H56,INDEX(BAREMOS!F:X,MATCH(1,(BAREMOS!A:A=A56)*(BAREMOS!B:B=B56)*(BAREMOS!C:C=C56)*(BAREMOS!D:D=D56),0),0),-1) ) ), IF(H56<=MIN(INDEX(BAREMOS!F:X,MATCH(1,(BAREMOS!A:A=A56)*"&"(BAREMOS!B:B=B56)*(BAREMOS!C:C=C56)*(BAREMOS!D:D=D56),0),0)),1, IF(H56>=MAX(INDEX(BAREMOS!F:X,MATCH(1,(BAREMOS!A:A=A56)*(BAREMOS!B:B=B56)*(BAREMOS!C:C=C56)*(BAREMOS!D:D=D56),0),0)),19, MATCH(H56,INDEX(BAREMOS!F:X,MATCH(1,(BAREMOS!A:A=A56)*("&"BAREMOS!B:B=B56)*(BAREMOS!C:C=C56)*(BAREMOS!D:D=D56),0),0),1) ) ) ) ,"""")) "),"") | K56: =IF(J56="","",INDEX(SEQUENCE(1,19,1,0.5),1,J56))
A57: {=IF(E57="","",IFERROR(INDEX(CONFIGURACION!C:C,MATCH(E57,CONFIGURACION!E:E,0)),""))} | B57: {=IF(E57="","",IFERROR(INDEX(CONFIGURACION!D:D,MATCH(E57,CONFIGURACION!E:E,0)),""))} | I57: =IFERROR(__xludf.DUMMYFUNCTION("IF(F57="""","""",LET( nombre, TRIM(F57), primer, REGEXEXTRACT(nombre, ""^\S+""), resto, TRIM(REGEXREPLACE(nombre, ""^\S+\s*"", """")), iniciales, IF( resto="""", """", TEXTJOIN("""",1,ARRAYFORMULA(LEFT(SPLIT(resto,"" ""),1) & ""."")) "&" ), UPPER(primer) & "" "" & UPPER(iniciales) ))"),"") | J57: =IFERROR(__xludf.DUMMYFUNCTION("IF(H57="""","""",IFERROR( IF(REGEXMATCH(E57,""VELOCIDAD""), IF(H57>=MAX(INDEX(BAREMOS!F:X,MATCH(1,(BAREMOS!A:A=A57)*(BAREMOS!B:B=B57)*(BAREMOS!C:C=C57)*(BAREMOS!D:D=D57),0),0)),1, IF(H57<=MIN(INDEX(BAREMOS!F:X,MATCH(1,(BAREMOS!A:A=A57)*(BAREMOS!B"&":B=B57)*(BAREMOS!C:C=C57)*(BAREMOS!D:D=D57),0),0)),19, MATCH(H57,INDEX(BAREMOS!F:X,MATCH(1,(BAREMOS!A:A=A57)*(BAREMOS!B:B=B57)*(BAREMOS!C:C=C57)*(BAREMOS!D:D=D57),0),0),-1) ) ), IF(H57<=MIN(INDEX(BAREMOS!F:X,MATCH(1,(BAREMOS!A:A=A57)*"&"(BAREMOS!B:B=B57)*(BAREMOS!C:C=C57)*(BAREMOS!D:D=D57),0),0)),1, IF(H57>=MAX(INDEX(BAREMOS!F:X,MATCH(1,(BAREMOS!A:A=A57)*(BAREMOS!B:B=B57)*(BAREMOS!C:C=C57)*(BAREMOS!D:D=D57),0),0)),19, MATCH(H57,INDEX(BAREMOS!F:X,MATCH(1,(BAREMOS!A:A=A57)*("&"BAREMOS!B:B=B57)*(BAREMOS!C:C=C57)*(BAREMOS!D:D=D57),0),0),1) ) ) ) ,"""")) "),"") | K57: =IF(J57="","",INDEX(SEQUENCE(1,19,1,0.5),1,J57))
A58: {=IF(E58="","",IFERROR(INDEX(CONFIGURACION!C:C,MATCH(E58,CONFIGURACION!E:E,0)),""))} | B58: {=IF(E58="","",IFERROR(INDEX(CONFIGURACION!D:D,MATCH(E58,CONFIGURACION!E:E,0)),""))} | I58: =IFERROR(__xludf.DUMMYFUNCTION("IF(F58="""","""",LET( nombre, TRIM(F58), primer, REGEXEXTRACT(nombre, ""^\S+""), resto, TRIM(REGEXREPLACE(nombre, ""^\S+\s*"", """")), iniciales, IF( resto="""", """", TEXTJOIN("""",1,ARRAYFORMULA(LEFT(SPLIT(resto,"" ""),1) & ""."")) "&" ), UPPER(primer) & "" "" & UPPER(iniciales) ))"),"") | J58: =IFERROR(__xludf.DUMMYFUNCTION("IF(H58="""","""",IFERROR( IF(REGEXMATCH(E58,""VELOCIDAD""), IF(H58>=MAX(INDEX(BAREMOS!F:X,MATCH(1,(BAREMOS!A:A=A58)*(BAREMOS!B:B=B58)*(BAREMOS!C:C=C58)*(BAREMOS!D:D=D58),0),0)),1, IF(H58<=MIN(INDEX(BAREMOS!F:X,MATCH(1,(BAREMOS!A:A=A58)*(BAREMOS!B"&":B=B58)*(BAREMOS!C:C=C58)*(BAREMOS!D:D=D58),0),0)),19, MATCH(H58,INDEX(BAREMOS!F:X,MATCH(1,(BAREMOS!A:A=A58)*(BAREMOS!B:B=B58)*(BAREMOS!C:C=C58)*(BAREMOS!D:D=D58),0),0),-1) ) ), IF(H58<=MIN(INDEX(BAREMOS!F:X,MATCH(1,(BAREMOS!A:A=A58)*"&"(BAREMOS!B:B=B58)*(BAREMOS!C:C=C58)*(BAREMOS!D:D=D58),0),0)),1, IF(H58>=MAX(INDEX(BAREMOS!F:X,MATCH(1,(BAREMOS!A:A=A58)*(BAREMOS!B:B=B58)*(BAREMOS!C:C=C58)*(BAREMOS!D:D=D58),0),0)),19, MATCH(H58,INDEX(BAREMOS!F:X,MATCH(1,(BAREMOS!A:A=A58)*("&"BAREMOS!B:B=B58)*(BAREMOS!C:C=C58)*(BAREMOS!D:D=D58),0),0),1) ) ) ) ,"""")) "),"") | K58: =IF(J58="","",INDEX(SEQUENCE(1,19,1,0.5),1,J58))
A59: {=IF(E59="","",IFERROR(INDEX(CONFIGURACION!C:C,MATCH(E59,CONFIGURACION!E:E,0)),""))} | B59: {=IF(E59="","",IFERROR(INDEX(CONFIGURACION!D:D,MATCH(E59,CONFIGURACION!E:E,0)),""))} | I59: =IFERROR(__xludf.DUMMYFUNCTION("IF(F59="""","""",LET( nombre, TRIM(F59), primer, REGEXEXTRACT(nombre, ""^\S+""), resto, TRIM(REGEXREPLACE(nombre, ""^\S+\s*"", """")), iniciales, IF( resto="""", """", TEXTJOIN("""",1,ARRAYFORMULA(LEFT(SPLIT(resto,"" ""),1) & ""."")) "&" ), UPPER(primer) & "" "" & UPPER(iniciales) ))"),"") | J59: =IFERROR(__xludf.DUMMYFUNCTION("IF(H59="""","""",IFERROR( IF(REGEXMATCH(E59,""VELOCIDAD""), IF(H59>=MAX(INDEX(BAREMOS!F:X,MATCH(1,(BAREMOS!A:A=A59)*(BAREMOS!B:B=B59)*(BAREMOS!C:C=C59)*(BAREMOS!D:D=D59),0),0)),1, IF(H59<=MIN(INDEX(BAREMOS!F:X,MATCH(1,(BAREMOS!A:A=A59)*(BAREMOS!B"&":B=B59)*(BAREMOS!C:C=C59)*(BAREMOS!D:D=D59),0),0)),19, MATCH(H59,INDEX(BAREMOS!F:X,MATCH(1,(BAREMOS!A:A=A59)*(BAREMOS!B:B=B59)*(BAREMOS!C:C=C59)*(BAREMOS!D:D=D59),0),0),-1) ) ), IF(H59<=MIN(INDEX(BAREMOS!F:X,MATCH(1,(BAREMOS!A:A=A59)*"&"(BAREMOS!B:B=B59)*(BAREMOS!C:C=C59)*(BAREMOS!D:D=D59),0),0)),1, IF(H59>=MAX(INDEX(BAREMOS!F:X,MATCH(1,(BAREMOS!A:A=A59)*(BAREMOS!B:B=B59)*(BAREMOS!C:C=C59)*(BAREMOS!D:D=D59),0),0)),19, MATCH(H59,INDEX(BAREMOS!F:X,MATCH(1,(BAREMOS!A:A=A59)*("&"BAREMOS!B:B=B59)*(BAREMOS!C:C=C59)*(BAREMOS!D:D=D59),0),0),1) ) ) ) ,"""")) "),"") | K59: =IF(J59="","",INDEX(SEQUENCE(1,19,1,0.5),1,J59))
A60: {=IF(E60="","",IFERROR(INDEX(CONFIGURACION!C:C,MATCH(E60,CONFIGURACION!E:E,0)),""))} | B60: {=IF(E60="","",IFERROR(INDEX(CONFIGURACION!D:D,MATCH(E60,CONFIGURACION!E:E,0)),""))} | I60: =IFERROR(__xludf.DUMMYFUNCTION("IF(F60="""","""",LET( nombre, TRIM(F60), primer, REGEXEXTRACT(nombre, ""^\S+""), resto, TRIM(REGEXREPLACE(nombre, ""^\S+\s*"", """")), iniciales, IF( resto="""", """", TEXTJOIN("""",1,ARRAYFORMULA(LEFT(SPLIT(resto,"" ""),1) & ""."")) "&" ), UPPER(primer) & "" "" & UPPER(iniciales) ))"),"") | J60: =IFERROR(__xludf.DUMMYFUNCTION("IF(H60="""","""",IFERROR( IF(REGEXMATCH(E60,""VELOCIDAD""), IF(H60>=MAX(INDEX(BAREMOS!F:X,MATCH(1,(BAREMOS!A:A=A60)*(BAREMOS!B:B=B60)*(BAREMOS!C:C=C60)*(BAREMOS!D:D=D60),0),0)),1, IF(H60<=MIN(INDEX(BAREMOS!F:X,MATCH(1,(BAREMOS!A:A=A60)*(BAREMOS!B"&":B=B60)*(BAREMOS!C:C=C60)*(BAREMOS!D:D=D60),0),0)),19, MATCH(H60,INDEX(BAREMOS!F:X,MATCH(1,(BAREMOS!A:A=A60)*(BAREMOS!B:B=B60)*(BAREMOS!C:C=C60)*(BAREMOS!D:D=D60),0),0),-1) ) ), IF(H60<=MIN(INDEX(BAREMOS!F:X,MATCH(1,(BAREMOS!A:A=A60)*"&"(BAREMOS!B:B=B60)*(BAREMOS!C:C=C60)*(BAREMOS!D:D=D60),0),0)),1, IF(H60>=MAX(INDEX(BAREMOS!F:X,MATCH(1,(BAREMOS!A:A=A60)*(BAREMOS!B:B=B60)*(BAREMOS!C:C=C60)*(BAREMOS!D:D=D60),0),0)),19, MATCH(H60,INDEX(BAREMOS!F:X,MATCH(1,(BAREMOS!A:A=A60)*("&"BAREMOS!B:B=B60)*(BAREMOS!C:C=C60)*(BAREMOS!D:D=D60),0),0),1) ) ) ) ,"""")) "),"") | K60: =IF(J60="","",INDEX(SEQUENCE(1,19,1,0.5),1,J60))
A61: {=IF(E61="","",IFERROR(INDEX(CONFIGURACION!C:C,MATCH(E61,CONFIGURACION!E:E,0)),""))} | B61: {=IF(E61="","",IFERROR(INDEX(CONFIGURACION!D:D,MATCH(E61,CONFIGURACION!E:E,0)),""))} | I61: =IFERROR(__xludf.DUMMYFUNCTION("IF(F61="""","""",LET( nombre, TRIM(F61), primer, REGEXEXTRACT(nombre, ""^\S+""), resto, TRIM(REGEXREPLACE(nombre, ""^\S+\s*"", """")), iniciales, IF( resto="""", """", TEXTJOIN("""",1,ARRAYFORMULA(LEFT(SPLIT(resto,"" ""),1) & ""."")) "&" ), UPPER(primer) & "" "" & UPPER(iniciales) ))"),"") | J61: =IFERROR(__xludf.DUMMYFUNCTION("IF(H61="""","""",IFERROR( IF(REGEXMATCH(E61,""VELOCIDAD""), IF(H61>=MAX(INDEX(BAREMOS!F:X,MATCH(1,(BAREMOS!A:A=A61)*(BAREMOS!B:B=B61)*(BAREMOS!C:C=C61)*(BAREMOS!D:D=D61),0),0)),1, IF(H61<=MIN(INDEX(BAREMOS!F:X,MATCH(1,(BAREMOS!A:A=A61)*(BAREMOS!B"&":B=B61)*(BAREMOS!C:C=C61)*(BAREMOS!D:D=D61),0),0)),19, MATCH(H61,INDEX(BAREMOS!F:X,MATCH(1,(BAREMOS!A:A=A61)*(BAREMOS!B:B=B61)*(BAREMOS!C:C=C61)*(BAREMOS!D:D=D61),0),0),-1) ) ), IF(H61<=MIN(INDEX(BAREMOS!F:X,MATCH(1,(BAREMOS!A:A=A61)*"&"(BAREMOS!B:B=B61)*(BAREMOS!C:C=C61)*(BAREMOS!D:D=D61),0),0)),1, IF(H61>=MAX(INDEX(BAREMOS!F:X,MATCH(1,(BAREMOS!A:A=A61)*(BAREMOS!B:B=B61)*(BAREMOS!C:C=C61)*(BAREMOS!D:D=D61),0),0)),19, MATCH(H61,INDEX(BAREMOS!F:X,MATCH(1,(BAREMOS!A:A=A61)*("&"BAREMOS!B:B=B61)*(BAREMOS!C:C=C61)*(BAREMOS!D:D=D61),0),0),1) ) ) ) ,"""")) "),"") | K61: =IF(J61="","",INDEX(SEQUENCE(1,19,1,0.5),1,J61))
A62: {=IF(E62="","",IFERROR(INDEX(CONFIGURACION!C:C,MATCH(E62,CONFIGURACION!E:E,0)),""))} | B62: {=IF(E62="","",IFERROR(INDEX(CONFIGURACION!D:D,MATCH(E62,CONFIGURACION!E:E,0)),""))} | I62: =IFERROR(__xludf.DUMMYFUNCTION("IF(F62="""","""",LET( nombre, TRIM(F62), primer, REGEXEXTRACT(nombre, ""^\S+""), resto, TRIM(REGEXREPLACE(nombre, ""^\S+\s*"", """")), iniciales, IF( resto="""", """", TEXTJOIN("""",1,ARRAYFORMULA(LEFT(SPLIT(resto,"" ""),1) & ""."")) "&" ), UPPER(primer) & "" "" & UPPER(iniciales) ))"),"") | J62: =IFERROR(__xludf.DUMMYFUNCTION("IF(H62="""","""",IFERROR( IF(REGEXMATCH(E62,""VELOCIDAD""), IF(H62>=MAX(INDEX(BAREMOS!F:X,MATCH(1,(BAREMOS!A:A=A62)*(BAREMOS!B:B=B62)*(BAREMOS!C:C=C62)*(BAREMOS!D:D=D62),0),0)),1, IF(H62<=MIN(INDEX(BAREMOS!F:X,MATCH(1,(BAREMOS!A:A=A62)*(BAREMOS!B"&":B=B62)*(BAREMOS!C:C=C62)*(BAREMOS!D:D=D62),0),0)),19, MATCH(H62,INDEX(BAREMOS!F:X,MATCH(1,(BAREMOS!A:A=A62)*(BAREMOS!B:B=B62)*(BAREMOS!C:C=C62)*(BAREMOS!D:D=D62),0),0),-1) ) ), IF(H62<=MIN(INDEX(BAREMOS!F:X,MATCH(1,(BAREMOS!A:A=A62)*"&"(BAREMOS!B:B=B62)*(BAREMOS!C:C=C62)*(BAREMOS!D:D=D62),0),0)),1, IF(H62>=MAX(INDEX(BAREMOS!F:X,MATCH(1,(BAREMOS!A:A=A62)*(BAREMOS!B:B=B62)*(BAREMOS!C:C=C62)*(BAREMOS!D:D=D62),0),0)),19, MATCH(H62,INDEX(BAREMOS!F:X,MATCH(1,(BAREMOS!A:A=A62)*("&"BAREMOS!B:B=B62)*(BAREMOS!C:C=C62)*(BAREMOS!D:D=D62),0),0),1) ) ) ) ,"""")) "),"") | K62: =IF(J62="","",INDEX(SEQUENCE(1,19,1,0.5),1,J62))
A63: {=IF(E63="","",IFERROR(INDEX(CONFIGURACION!C:C,MATCH(E63,CONFIGURACION!E:E,0)),""))} | B63: {=IF(E63="","",IFERROR(INDEX(CONFIGURACION!D:D,MATCH(E63,CONFIGURACION!E:E,0)),""))} | I63: =IFERROR(__xludf.DUMMYFUNCTION("IF(F63="""","""",LET( nombre, TRIM(F63), primer, REGEXEXTRACT(nombre, ""^\S+""), resto, TRIM(REGEXREPLACE(nombre, ""^\S+\s*"", """")), iniciales, IF( resto="""", """", TEXTJOIN("""",1,ARRAYFORMULA(LEFT(SPLIT(resto,"" ""),1) & ""."")) "&" ), UPPER(primer) & "" "" & UPPER(iniciales) ))"),"") | J63: =IFERROR(__xludf.DUMMYFUNCTION("IF(H63="""","""",IFERROR( IF(REGEXMATCH(E63,""VELOCIDAD""), IF(H63>=MAX(INDEX(BAREMOS!F:X,MATCH(1,(BAREMOS!A:A=A63)*(BAREMOS!B:B=B63)*(BAREMOS!C:C=C63)*(BAREMOS!D:D=D63),0),0)),1, IF(H63<=MIN(INDEX(BAREMOS!F:X,MATCH(1,(BAREMOS!A:A=A63)*(BAREMOS!B"&":B=B63)*(BAREMOS!C:C=C63)*(BAREMOS!D:D=D63),0),0)),19, MATCH(H63,INDEX(BAREMOS!F:X,MATCH(1,(BAREMOS!A:A=A63)*(BAREMOS!B:B=B63)*(BAREMOS!C:C=C63)*(BAREMOS!D:D=D63),0),0),-1) ) ), IF(H63<=MIN(INDEX(BAREMOS!F:X,MATCH(1,(BAREMOS!A:A=A63)*"&"(BAREMOS!B:B=B63)*(BAREMOS!C:C=C63)*(BAREMOS!D:D=D63),0),0)),1, IF(H63>=MAX(INDEX(BAREMOS!F:X,MATCH(1,(BAREMOS!A:A=A63)*(BAREMOS!B:B=B63)*(BAREMOS!C:C=C63)*(BAREMOS!D:D=D63),0),0)),19, MATCH(H63,INDEX(BAREMOS!F:X,MATCH(1,(BAREMOS!A:A=A63)*("&"BAREMOS!B:B=B63)*(BAREMOS!C:C=C63)*(BAREMOS!D:D=D63),0),0),1) ) ) ) ,"""")) "),"") | K63: =IF(J63="","",INDEX(SEQUENCE(1,19,1,0.5),1,J63))
A64: {=IF(E64="","",IFERROR(INDEX(CONFIGURACION!C:C,MATCH(E64,CONFIGURACION!E:E,0)),""))} | B64: {=IF(E64="","",IFERROR(INDEX(CONFIGURACION!D:D,MATCH(E64,CONFIGURACION!E:E,0)),""))} | I64: =IFERROR(__xludf.DUMMYFUNCTION("IF(F64="""","""",LET( nombre, TRIM(F64), primer, REGEXEXTRACT(nombre, ""^\S+""), resto, TRIM(REGEXREPLACE(nombre, ""^\S+\s*"", """")), iniciales, IF( resto="""", """", TEXTJOIN("""",1,ARRAYFORMULA(LEFT(SPLIT(resto,"" ""),1) & ""."")) "&" ), UPPER(primer) & "" "" & UPPER(iniciales) ))"),"") | J64: =IFERROR(__xludf.DUMMYFUNCTION("IF(H64="""","""",IFERROR( IF(REGEXMATCH(E64,""VELOCIDAD""), IF(H64>=MAX(INDEX(BAREMOS!F:X,MATCH(1,(BAREMOS!A:A=A64)*(BAREMOS!B:B=B64)*(BAREMOS!C:C=C64)*(BAREMOS!D:D=D64),0),0)),1, IF(H64<=MIN(INDEX(BAREMOS!F:X,MATCH(1,(BAREMOS!A:A=A64)*(BAREMOS!B"&":B=B64)*(BAREMOS!C:C=C64)*(BAREMOS!D:D=D64),0),0)),19, MATCH(H64,INDEX(BAREMOS!F:X,MATCH(1,(BAREMOS!A:A=A64)*(BAREMOS!B:B=B64)*(BAREMOS!C:C=C64)*(BAREMOS!D:D=D64),0),0),-1) ) ), IF(H64<=MIN(INDEX(BAREMOS!F:X,MATCH(1,(BAREMOS!A:A=A64)*"&"(BAREMOS!B:B=B64)*(BAREMOS!C:C=C64)*(BAREMOS!D:D=D64),0),0)),1, IF(H64>=MAX(INDEX(BAREMOS!F:X,MATCH(1,(BAREMOS!A:A=A64)*(BAREMOS!B:B=B64)*(BAREMOS!C:C=C64)*(BAREMOS!D:D=D64),0),0)),19, MATCH(H64,INDEX(BAREMOS!F:X,MATCH(1,(BAREMOS!A:A=A64)*("&"BAREMOS!B:B=B64)*(BAREMOS!C:C=C64)*(BAREMOS!D:D=D64),0),0),1) ) ) ) ,"""")) "),"") | K64: =IF(J64="","",INDEX(SEQUENCE(1,19,1,0.5),1,J64))
A65: {=IF(E65="","",IFERROR(INDEX(CONFIGURACION!C:C,MATCH(E65,CONFIGURACION!E:E,0)),""))} | B65: {=IF(E65="","",IFERROR(INDEX(CONFIGURACION!D:D,MATCH(E65,CONFIGURACION!E:E,0)),""))} | I65: =IFERROR(__xludf.DUMMYFUNCTION("IF(F65="""","""",LET( nombre, TRIM(F65), primer, REGEXEXTRACT(nombre, ""^\S+""), resto, TRIM(REGEXREPLACE(nombre, ""^\S+\s*"", """")), iniciales, IF( resto="""", """", TEXTJOIN("""",1,ARRAYFORMULA(LEFT(SPLIT(resto,"" ""),1) & ""."")) "&" ), UPPER(primer) & "" "" & UPPER(iniciales) ))"),"") | J65: =IFERROR(__xludf.DUMMYFUNCTION("IF(H65="""","""",IFERROR( IF(REGEXMATCH(E65,""VELOCIDAD""), IF(H65>=MAX(INDEX(BAREMOS!F:X,MATCH(1,(BAREMOS!A:A=A65)*(BAREMOS!B:B=B65)*(BAREMOS!C:C=C65)*(BAREMOS!D:D=D65),0),0)),1, IF(H65<=MIN(INDEX(BAREMOS!F:X,MATCH(1,(BAREMOS!A:A=A65)*(BAREMOS!B"&":B=B65)*(BAREMOS!C:C=C65)*(BAREMOS!D:D=D65),0),0)),19, MATCH(H65,INDEX(BAREMOS!F:X,MATCH(1,(BAREMOS!A:A=A65)*(BAREMOS!B:B=B65)*(BAREMOS!C:C=C65)*(BAREMOS!D:D=D65),0),0),-1) ) ), IF(H65<=MIN(INDEX(BAREMOS!F:X,MATCH(1,(BAREMOS!A:A=A65)*"&"(BAREMOS!B:B=B65)*(BAREMOS!C:C=C65)*(BAREMOS!D:D=D65),0),0)),1, IF(H65>=MAX(INDEX(BAREMOS!F:X,MATCH(1,(BAREMOS!A:A=A65)*(BAREMOS!B:B=B65)*(BAREMOS!C:C=C65)*(BAREMOS!D:D=D65),0),0)),19, MATCH(H65,INDEX(BAREMOS!F:X,MATCH(1,(BAREMOS!A:A=A65)*("&"BAREMOS!B:B=B65)*(BAREMOS!C:C=C65)*(BAREMOS!D:D=D65),0),0),1) ) ) ) ,"""")) "),"") | K65: =IF(J65="","",INDEX(SEQUENCE(1,19,1,0.5),1,J65))
A66: {=IF(E66="","",IFERROR(INDEX(CONFIGURACION!C:C,MATCH(E66,CONFIGURACION!E:E,0)),""))} | B66: {=IF(E66="","",IFERROR(INDEX(CONFIGURACION!D:D,MATCH(E66,CONFIGURACION!E:E,0)),""))} | I66: =IFERROR(__xludf.DUMMYFUNCTION("IF(F66="""","""",LET( nombre, TRIM(F66), primer, REGEXEXTRACT(nombre, ""^\S+""), resto, TRIM(REGEXREPLACE(nombre, ""^\S+\s*"", """")), iniciales, IF( resto="""", """", TEXTJOIN("""",1,ARRAYFORMULA(LEFT(SPLIT(resto,"" ""),1) & ""."")) "&" ), UPPER(primer) & "" "" & UPPER(iniciales) ))"),"") | J66: =IFERROR(__xludf.DUMMYFUNCTION("IF(H66="""","""",IFERROR( IF(REGEXMATCH(E66,""VELOCIDAD""), IF(H66>=MAX(INDEX(BAREMOS!F:X,MATCH(1,(BAREMOS!A:A=A66)*(BAREMOS!B:B=B66)*(BAREMOS!C:C=C66)*(BAREMOS!D:D=D66),0),0)),1, IF(H66<=MIN(INDEX(BAREMOS!F:X,MATCH(1,(BAREMOS!A:A=A66)*(BAREMOS!B"&":B=B66)*(BAREMOS!C:C=C66)*(BAREMOS!D:D=D66),0),0)),19, MATCH(H66,INDEX(BAREMOS!F:X,MATCH(1,(BAREMOS!A:A=A66)*(BAREMOS!B:B=B66)*(BAREMOS!C:C=C66)*(BAREMOS!D:D=D66),0),0),-1) ) ), IF(H66<=MIN(INDEX(BAREMOS!F:X,MATCH(1,(BAREMOS!A:A=A66)*"&"(BAREMOS!B:B=B66)*(BAREMOS!C:C=C66)*(BAREMOS!D:D=D66),0),0)),1, IF(H66>=MAX(INDEX(BAREMOS!F:X,MATCH(1,(BAREMOS!A:A=A66)*(BAREMOS!B:B=B66)*(BAREMOS!C:C=C66)*(BAREMOS!D:D=D66),0),0)),19, MATCH(H66,INDEX(BAREMOS!F:X,MATCH(1,(BAREMOS!A:A=A66)*("&"BAREMOS!B:B=B66)*(BAREMOS!C:C=C66)*(BAREMOS!D:D=D66),0),0),1) ) ) ) ,"""")) "),"") | K66: =IF(J66="","",INDEX(SEQUENCE(1,19,1,0.5),1,J66))
A67: {=IF(E67="","",IFERROR(INDEX(CONFIGURACION!C:C,MATCH(E67,CONFIGURACION!E:E,0)),""))} | B67: {=IF(E67="","",IFERROR(INDEX(CONFIGURACION!D:D,MATCH(E67,CONFIGURACION!E:E,0)),""))} | I67: =IFERROR(__xludf.DUMMYFUNCTION("IF(F67="""","""",LET( nombre, TRIM(F67), primer, REGEXEXTRACT(nombre, ""^\S+""), resto, TRIM(REGEXREPLACE(nombre, ""^\S+\s*"", """")), iniciales, IF( resto="""", """", TEXTJOIN("""",1,ARRAYFORMULA(LEFT(SPLIT(resto,"" ""),1) & ""."")) "&" ), UPPER(primer) & "" "" & UPPER(iniciales) ))"),"") | J67: =IFERROR(__xludf.DUMMYFUNCTION("IF(H67="""","""",IFERROR( IF(REGEXMATCH(E67,""VELOCIDAD""), IF(H67>=MAX(INDEX(BAREMOS!F:X,MATCH(1,(BAREMOS!A:A=A67)*(BAREMOS!B:B=B67)*(BAREMOS!C:C=C67)*(BAREMOS!D:D=D67),0),0)),1, IF(H67<=MIN(INDEX(BAREMOS!F:X,MATCH(1,(BAREMOS!A:A=A67)*(BAREMOS!B"&":B=B67)*(BAREMOS!C:C=C67)*(BAREMOS!D:D=D67),0),0)),19, MATCH(H67,INDEX(BAREMOS!F:X,MATCH(1,(BAREMOS!A:A=A67)*(BAREMOS!B:B=B67)*(BAREMOS!C:C=C67)*(BAREMOS!D:D=D67),0),0),-1) ) ), IF(H67<=MIN(INDEX(BAREMOS!F:X,MATCH(1,(BAREMOS!A:A=A67)*"&"(BAREMOS!B:B=B67)*(BAREMOS!C:C=C67)*(BAREMOS!D:D=D67),0),0)),1, IF(H67>=MAX(INDEX(BAREMOS!F:X,MATCH(1,(BAREMOS!A:A=A67)*(BAREMOS!B:B=B67)*(BAREMOS!C:C=C67)*(BAREMOS!D:D=D67),0),0)),19, MATCH(H67,INDEX(BAREMOS!F:X,MATCH(1,(BAREMOS!A:A=A67)*("&"BAREMOS!B:B=B67)*(BAREMOS!C:C=C67)*(BAREMOS!D:D=D67),0),0),1) ) ) ) ,"""")) "),"") | K67: =IF(J67="","",INDEX(SEQUENCE(1,19,1,0.5),1,J67))
A68: {=IF(E68="","",IFERROR(INDEX(CONFIGURACION!C:C,MATCH(E68,CONFIGURACION!E:E,0)),""))} | B68: {=IF(E68="","",IFERROR(INDEX(CONFIGURACION!D:D,MATCH(E68,CONFIGURACION!E:E,0)),""))} | I68: =IFERROR(__xludf.DUMMYFUNCTION("IF(F68="""","""",LET( nombre, TRIM(F68), primer, REGEXEXTRACT(nombre, ""^\S+""), resto, TRIM(REGEXREPLACE(nombre, ""^\S+\s*"", """")), iniciales, IF( resto="""", """", TEXTJOIN("""",1,ARRAYFORMULA(LEFT(SPLIT(resto,"" ""),1) & ""."")) "&" ), UPPER(primer) & "" "" & UPPER(iniciales) ))"),"") | J68: =IFERROR(__xludf.DUMMYFUNCTION("IF(H68="""","""",IFERROR( IF(REGEXMATCH(E68,""VELOCIDAD""), IF(H68>=MAX(INDEX(BAREMOS!F:X,MATCH(1,(BAREMOS!A:A=A68)*(BAREMOS!B:B=B68)*(BAREMOS!C:C=C68)*(BAREMOS!D:D=D68),0),0)),1, IF(H68<=MIN(INDEX(BAREMOS!F:X,MATCH(1,(BAREMOS!A:A=A68)*(BAREMOS!B"&":B=B68)*(BAREMOS!C:C=C68)*(BAREMOS!D:D=D68),0),0)),19, MATCH(H68,INDEX(BAREMOS!F:X,MATCH(1,(BAREMOS!A:A=A68)*(BAREMOS!B:B=B68)*(BAREMOS!C:C=C68)*(BAREMOS!D:D=D68),0),0),-1) ) ), IF(H68<=MIN(INDEX(BAREMOS!F:X,MATCH(1,(BAREMOS!A:A=A68)*"&"(BAREMOS!B:B=B68)*(BAREMOS!C:C=C68)*(BAREMOS!D:D=D68),0),0)),1, IF(H68>=MAX(INDEX(BAREMOS!F:X,MATCH(1,(BAREMOS!A:A=A68)*(BAREMOS!B:B=B68)*(BAREMOS!C:C=C68)*(BAREMOS!D:D=D68),0),0)),19, MATCH(H68,INDEX(BAREMOS!F:X,MATCH(1,(BAREMOS!A:A=A68)*("&"BAREMOS!B:B=B68)*(BAREMOS!C:C=C68)*(BAREMOS!D:D=D68),0),0),1) ) ) ) ,"""")) "),"") | K68: =IF(J68="","",INDEX(SEQUENCE(1,19,1,0.5),1,J68))
A69: {=IF(E69="","",IFERROR(INDEX(CONFIGURACION!C:C,MATCH(E69,CONFIGURACION!E:E,0)),""))} | B69: {=IF(E69="","",IFERROR(INDEX(CONFIGURACION!D:D,MATCH(E69,CONFIGURACION!E:E,0)),""))} | I69: =IFERROR(__xludf.DUMMYFUNCTION("IF(F69="""","""",LET( nombre, TRIM(F69), primer, REGEXEXTRACT(nombre, ""^\S+""), resto, TRIM(REGEXREPLACE(nombre, ""^\S+\s*"", """")), iniciales, IF( resto="""", """", TEXTJOIN("""",1,ARRAYFORMULA(LEFT(SPLIT(resto,"" ""),1) & ""."")) "&" ), UPPER(primer) & "" "" & UPPER(iniciales) ))"),"") | J69: =IFERROR(__xludf.DUMMYFUNCTION("IF(H69="""","""",IFERROR( IF(REGEXMATCH(E69,""VELOCIDAD""), IF(H69>=MAX(INDEX(BAREMOS!F:X,MATCH(1,(BAREMOS!A:A=A69)*(BAREMOS!B:B=B69)*(BAREMOS!C:C=C69)*(BAREMOS!D:D=D69),0),0)),1, IF(H69<=MIN(INDEX(BAREMOS!F:X,MATCH(1,(BAREMOS!A:A=A69)*(BAREMOS!B"&":B=B69)*(BAREMOS!C:C=C69)*(BAREMOS!D:D=D69),0),0)),19, MATCH(H69,INDEX(BAREMOS!F:X,MATCH(1,(BAREMOS!A:A=A69)*(BAREMOS!B:B=B69)*(BAREMOS!C:C=C69)*(BAREMOS!D:D=D69),0),0),-1) ) ), IF(H69<=MIN(INDEX(BAREMOS!F:X,MATCH(1,(BAREMOS!A:A=A69)*"&"(BAREMOS!B:B=B69)*(BAREMOS!C:C=C69)*(BAREMOS!D:D=D69),0),0)),1, IF(H69>=MAX(INDEX(BAREMOS!F:X,MATCH(1,(BAREMOS!A:A=A69)*(BAREMOS!B:B=B69)*(BAREMOS!C:C=C69)*(BAREMOS!D:D=D69),0),0)),19, MATCH(H69,INDEX(BAREMOS!F:X,MATCH(1,(BAREMOS!A:A=A69)*("&"BAREMOS!B:B=B69)*(BAREMOS!C:C=C69)*(BAREMOS!D:D=D69),0),0),1) ) ) ) ,"""")) "),"") | K69: =IF(J69="","",INDEX(SEQUENCE(1,19,1,0.5),1,J69))
A70: {=IF(E70="","",IFERROR(INDEX(CONFIGURACION!C:C,MATCH(E70,CONFIGURACION!E:E,0)),""))} | B70: {=IF(E70="","",IFERROR(INDEX(CONFIGURACION!D:D,MATCH(E70,CONFIGURACION!E:E,0)),""))} | I70: =IFERROR(__xludf.DUMMYFUNCTION("IF(F70="""","""",LET( nombre, TRIM(F70), primer, REGEXEXTRACT(nombre, ""^\S+""), resto, TRIM(REGEXREPLACE(nombre, ""^\S+\s*"", """")), iniciales, IF( resto="""", """", TEXTJOIN("""",1,ARRAYFORMULA(LEFT(SPLIT(resto,"" ""),1) & ""."")) "&" ), UPPER(primer) & "" "" & UPPER(iniciales) ))"),"") | J70: =IFERROR(__xludf.DUMMYFUNCTION("IF(H70="""","""",IFERROR( IF(REGEXMATCH(E70,""VELOCIDAD""), IF(H70>=MAX(INDEX(BAREMOS!F:X,MATCH(1,(BAREMOS!A:A=A70)*(BAREMOS!B:B=B70)*(BAREMOS!C:C=C70)*(BAREMOS!D:D=D70),0),0)),1, IF(H70<=MIN(INDEX(BAREMOS!F:X,MATCH(1,(BAREMOS!A:A=A70)*(BAREMOS!B"&":B=B70)*(BAREMOS!C:C=C70)*(BAREMOS!D:D=D70),0),0)),19, MATCH(H70,INDEX(BAREMOS!F:X,MATCH(1,(BAREMOS!A:A=A70)*(BAREMOS!B:B=B70)*(BAREMOS!C:C=C70)*(BAREMOS!D:D=D70),0),0),-1) ) ), IF(H70<=MIN(INDEX(BAREMOS!F:X,MATCH(1,(BAREMOS!A:A=A70)*"&"(BAREMOS!B:B=B70)*(BAREMOS!C:C=C70)*(BAREMOS!D:D=D70),0),0)),1, IF(H70>=MAX(INDEX(BAREMOS!F:X,MATCH(1,(BAREMOS!A:A=A70)*(BAREMOS!B:B=B70)*(BAREMOS!C:C=C70)*(BAREMOS!D:D=D70),0),0)),19, MATCH(H70,INDEX(BAREMOS!F:X,MATCH(1,(BAREMOS!A:A=A70)*("&"BAREMOS!B:B=B70)*(BAREMOS!C:C=C70)*(BAREMOS!D:D=D70),0),0),1) ) ) ) ,"""")) "),"") | K70: =IF(J70="","",INDEX(SEQUENCE(1,19,1,0.5),1,J70))
A71: {=IF(E71="","",IFERROR(INDEX(CONFIGURACION!C:C,MATCH(E71,CONFIGURACION!E:E,0)),""))} | B71: {=IF(E71="","",IFERROR(INDEX(CONFIGURACION!D:D,MATCH(E71,CONFIGURACION!E:E,0)),""))} | I71: =IFERROR(__xludf.DUMMYFUNCTION("IF(F71="""","""",LET( nombre, TRIM(F71), primer, REGEXEXTRACT(nombre, ""^\S+""), resto, TRIM(REGEXREPLACE(nombre, ""^\S+\s*"", """")), iniciales, IF( resto="""", """", TEXTJOIN("""",1,ARRAYFORMULA(LEFT(SPLIT(resto,"" ""),1) & ""."")) "&" ), UPPER(primer) & "" "" & UPPER(iniciales) ))"),"") | J71: =IFERROR(__xludf.DUMMYFUNCTION("IF(H71="""","""",IFERROR( IF(REGEXMATCH(E71,""VELOCIDAD""), IF(H71>=MAX(INDEX(BAREMOS!F:X,MATCH(1,(BAREMOS!A:A=A71)*(BAREMOS!B:B=B71)*(BAREMOS!C:C=C71)*(BAREMOS!D:D=D71),0),0)),1, IF(H71<=MIN(INDEX(BAREMOS!F:X,MATCH(1,(BAREMOS!A:A=A71)*(BAREMOS!B"&":B=B71)*(BAREMOS!C:C=C71)*(BAREMOS!D:D=D71),0),0)),19, MATCH(H71,INDEX(BAREMOS!F:X,MATCH(1,(BAREMOS!A:A=A71)*(BAREMOS!B:B=B71)*(BAREMOS!C:C=C71)*(BAREMOS!D:D=D71),0),0),-1) ) ), IF(H71<=MIN(INDEX(BAREMOS!F:X,MATCH(1,(BAREMOS!A:A=A71)*"&"(BAREMOS!B:B=B71)*(BAREMOS!C:C=C71)*(BAREMOS!D:D=D71),0),0)),1, IF(H71>=MAX(INDEX(BAREMOS!F:X,MATCH(1,(BAREMOS!A:A=A71)*(BAREMOS!B:B=B71)*(BAREMOS!C:C=C71)*(BAREMOS!D:D=D71),0),0)),19, MATCH(H71,INDEX(BAREMOS!F:X,MATCH(1,(BAREMOS!A:A=A71)*("&"BAREMOS!B:B=B71)*(BAREMOS!C:C=C71)*(BAREMOS!D:D=D71),0),0),1) ) ) ) ,"""")) "),"") | K71: =IF(J71="","",INDEX(SEQUENCE(1,19,1,0.5),1,J71))
A72: {=IF(E72="","",IFERROR(INDEX(CONFIGURACION!C:C,MATCH(E72,CONFIGURACION!E:E,0)),""))} | B72: {=IF(E72="","",IFERROR(INDEX(CONFIGURACION!D:D,MATCH(E72,CONFIGURACION!E:E,0)),""))} | I72: =IFERROR(__xludf.DUMMYFUNCTION("IF(F72="""","""",LET( nombre, TRIM(F72), primer, REGEXEXTRACT(nombre, ""^\S+""), resto, TRIM(REGEXREPLACE(nombre, ""^\S+\s*"", """")), iniciales, IF( resto="""", """", TEXTJOIN("""",1,ARRAYFORMULA(LEFT(SPLIT(resto,"" ""),1) & ""."")) "&" ), UPPER(primer) & "" "" & UPPER(iniciales) ))"),"") | J72: =IFERROR(__xludf.DUMMYFUNCTION("IF(H72="""","""",IFERROR( IF(REGEXMATCH(E72,""VELOCIDAD""), IF(H72>=MAX(INDEX(BAREMOS!F:X,MATCH(1,(BAREMOS!A:A=A72)*(BAREMOS!B:B=B72)*(BAREMOS!C:C=C72)*(BAREMOS!D:D=D72),0),0)),1, IF(H72<=MIN(INDEX(BAREMOS!F:X,MATCH(1,(BAREMOS!A:A=A72)*(BAREMOS!B"&":B=B72)*(BAREMOS!C:C=C72)*(BAREMOS!D:D=D72),0),0)),19, MATCH(H72,INDEX(BAREMOS!F:X,MATCH(1,(BAREMOS!A:A=A72)*(BAREMOS!B:B=B72)*(BAREMOS!C:C=C72)*(BAREMOS!D:D=D72),0),0),-1) ) ), IF(H72<=MIN(INDEX(BAREMOS!F:X,MATCH(1,(BAREMOS!A:A=A72)*"&"(BAREMOS!B:B=B72)*(BAREMOS!C:C=C72)*(BAREMOS!D:D=D72),0),0)),1, IF(H72>=MAX(INDEX(BAREMOS!F:X,MATCH(1,(BAREMOS!A:A=A72)*(BAREMOS!B:B=B72)*(BAREMOS!C:C=C72)*(BAREMOS!D:D=D72),0),0)),19, MATCH(H72,INDEX(BAREMOS!F:X,MATCH(1,(BAREMOS!A:A=A72)*("&"BAREMOS!B:B=B72)*(BAREMOS!C:C=C72)*(BAREMOS!D:D=D72),0),0),1) ) ) ) ,"""")) "),"") | K72: =IF(J72="","",INDEX(SEQUENCE(1,19,1,0.5),1,J72))
A73: {=IF(E73="","",IFERROR(INDEX(CONFIGURACION!C:C,MATCH(E73,CONFIGURACION!E:E,0)),""))} | B73: {=IF(E73="","",IFERROR(INDEX(CONFIGURACION!D:D,MATCH(E73,CONFIGURACION!E:E,0)),""))} | I73: =IFERROR(__xludf.DUMMYFUNCTION("IF(F73="""","""",LET( nombre, TRIM(F73), primer, REGEXEXTRACT(nombre, ""^\S+""), resto, TRIM(REGEXREPLACE(nombre, ""^\S+\s*"", """")), iniciales, IF( resto="""", """", TEXTJOIN("""",1,ARRAYFORMULA(LEFT(SPLIT(resto,"" ""),1) & ""."")) "&" ), UPPER(primer) & "" "" & UPPER(iniciales) ))"),"") | J73: =IFERROR(__xludf.DUMMYFUNCTION("IF(H73="""","""",IFERROR( IF(REGEXMATCH(E73,""VELOCIDAD""), IF(H73>=MAX(INDEX(BAREMOS!F:X,MATCH(1,(BAREMOS!A:A=A73)*(BAREMOS!B:B=B73)*(BAREMOS!C:C=C73)*(BAREMOS!D:D=D73),0),0)),1, IF(H73<=MIN(INDEX(BAREMOS!F:X,MATCH(1,(BAREMOS!A:A=A73)*(BAREMOS!B"&":B=B73)*(BAREMOS!C:C=C73)*(BAREMOS!D:D=D73),0),0)),19, MATCH(H73,INDEX(BAREMOS!F:X,MATCH(1,(BAREMOS!A:A=A73)*(BAREMOS!B:B=B73)*(BAREMOS!C:C=C73)*(BAREMOS!D:D=D73),0),0),-1) ) ), IF(H73<=MIN(INDEX(BAREMOS!F:X,MATCH(1,(BAREMOS!A:A=A73)*"&"(BAREMOS!B:B=B73)*(BAREMOS!C:C=C73)*(BAREMOS!D:D=D73),0),0)),1, IF(H73>=MAX(INDEX(BAREMOS!F:X,MATCH(1,(BAREMOS!A:A=A73)*(BAREMOS!B:B=B73)*(BAREMOS!C:C=C73)*(BAREMOS!D:D=D73),0),0)),19, MATCH(H73,INDEX(BAREMOS!F:X,MATCH(1,(BAREMOS!A:A=A73)*("&"BAREMOS!B:B=B73)*(BAREMOS!C:C=C73)*(BAREMOS!D:D=D73),0),0),1) ) ) ) ,"""")) "),"") | K73: =IF(J73="","",INDEX(SEQUENCE(1,19,1,0.5),1,J73))
A74: {=IF(E74="","",IFERROR(INDEX(CONFIGURACION!C:C,MATCH(E74,CONFIGURACION!E:E,0)),""))} | B74: {=IF(E74="","",IFERROR(INDEX(CONFIGURACION!D:D,MATCH(E74,CONFIGURACION!E:E,0)),""))} | I74: =IFERROR(__xludf.DUMMYFUNCTION("IF(F74="""","""",LET( nombre, TRIM(F74), primer, REGEXEXTRACT(nombre, ""^\S+""), resto, TRIM(REGEXREPLACE(nombre, ""^\S+\s*"", """")), iniciales, IF( resto="""", """", TEXTJOIN("""",1,ARRAYFORMULA(LEFT(SPLIT(resto,"" ""),1) & ""."")) "&" ), UPPER(primer) & "" "" & UPPER(iniciales) ))"),"") | J74: =IFERROR(__xludf.DUMMYFUNCTION("IF(H74="""","""",IFERROR( IF(REGEXMATCH(E74,""VELOCIDAD""), IF(H74>=MAX(INDEX(BAREMOS!F:X,MATCH(1,(BAREMOS!A:A=A74)*(BAREMOS!B:B=B74)*(BAREMOS!C:C=C74)*(BAREMOS!D:D=D74),0),0)),1, IF(H74<=MIN(INDEX(BAREMOS!F:X,MATCH(1,(BAREMOS!A:A=A74)*(BAREMOS!B"&":B=B74)*(BAREMOS!C:C=C74)*(BAREMOS!D:D=D74),0),0)),19, MATCH(H74,INDEX(BAREMOS!F:X,MATCH(1,(BAREMOS!A:A=A74)*(BAREMOS!B:B=B74)*(BAREMOS!C:C=C74)*(BAREMOS!D:D=D74),0),0),-1) ) ), IF(H74<=MIN(INDEX(BAREMOS!F:X,MATCH(1,(BAREMOS!A:A=A74)*"&"(BAREMOS!B:B=B74)*(BAREMOS!C:C=C74)*(BAREMOS!D:D=D74),0),0)),1, IF(H74>=MAX(INDEX(BAREMOS!F:X,MATCH(1,(BAREMOS!A:A=A74)*(BAREMOS!B:B=B74)*(BAREMOS!C:C=C74)*(BAREMOS!D:D=D74),0),0)),19, MATCH(H74,INDEX(BAREMOS!F:X,MATCH(1,(BAREMOS!A:A=A74)*("&"BAREMOS!B:B=B74)*(BAREMOS!C:C=C74)*(BAREMOS!D:D=D74),0),0),1) ) ) ) ,"""")) "),"") | K74: =IF(J74="","",INDEX(SEQUENCE(1,19,1,0.5),1,J74))
A75: {=IF(E75="","",IFERROR(INDEX(CONFIGURACION!C:C,MATCH(E75,CONFIGURACION!E:E,0)),""))} | B75: {=IF(E75="","",IFERROR(INDEX(CONFIGURACION!D:D,MATCH(E75,CONFIGURACION!E:E,0)),""))} | I75: =IFERROR(__xludf.DUMMYFUNCTION("IF(F75="""","""",LET( nombre, TRIM(F75), primer, REGEXEXTRACT(nombre, ""^\S+""), resto, TRIM(REGEXREPLACE(nombre, ""^\S+\s*"", """")), iniciales, IF( resto="""", """", TEXTJOIN("""",1,ARRAYFORMULA(LEFT(SPLIT(resto,"" ""),1) & ""."")) "&" ), UPPER(primer) & "" "" & UPPER(iniciales) ))"),"") | J75: =IFERROR(__xludf.DUMMYFUNCTION("IF(H75="""","""",IFERROR( IF(REGEXMATCH(E75,""VELOCIDAD""), IF(H75>=MAX(INDEX(BAREMOS!F:X,MATCH(1,(BAREMOS!A:A=A75)*(BAREMOS!B:B=B75)*(BAREMOS!C:C=C75)*(BAREMOS!D:D=D75),0),0)),1, IF(H75<=MIN(INDEX(BAREMOS!F:X,MATCH(1,(BAREMOS!A:A=A75)*(BAREMOS!B"&":B=B75)*(BAREMOS!C:C=C75)*(BAREMOS!D:D=D75),0),0)),19, MATCH(H75,INDEX(BAREMOS!F:X,MATCH(1,(BAREMOS!A:A=A75)*(BAREMOS!B:B=B75)*(BAREMOS!C:C=C75)*(BAREMOS!D:D=D75),0),0),-1) ) ), IF(H75<=MIN(INDEX(BAREMOS!F:X,MATCH(1,(BAREMOS!A:A=A75)*"&"(BAREMOS!B:B=B75)*(BAREMOS!C:C=C75)*(BAREMOS!D:D=D75),0),0)),1, IF(H75>=MAX(INDEX(BAREMOS!F:X,MATCH(1,(BAREMOS!A:A=A75)*(BAREMOS!B:B=B75)*(BAREMOS!C:C=C75)*(BAREMOS!D:D=D75),0),0)),19, MATCH(H75,INDEX(BAREMOS!F:X,MATCH(1,(BAREMOS!A:A=A75)*("&"BAREMOS!B:B=B75)*(BAREMOS!C:C=C75)*(BAREMOS!D:D=D75),0),0),1) ) ) ) ,"""")) "),"") | K75: =IF(J75="","",INDEX(SEQUENCE(1,19,1,0.5),1,J75))
A76: {=IF(E76="","",IFERROR(INDEX(CONFIGURACION!C:C,MATCH(E76,CONFIGURACION!E:E,0)),""))} | B76: {=IF(E76="","",IFERROR(INDEX(CONFIGURACION!D:D,MATCH(E76,CONFIGURACION!E:E,0)),""))} | I76: =IFERROR(__xludf.DUMMYFUNCTION("IF(F76="""","""",LET( nombre, TRIM(F76), primer, REGEXEXTRACT(nombre, ""^\S+""), resto, TRIM(REGEXREPLACE(nombre, ""^\S+\s*"", """")), iniciales, IF( resto="""", """", TEXTJOIN("""",1,ARRAYFORMULA(LEFT(SPLIT(resto,"" ""),1) & ""."")) "&" ), UPPER(primer) & "" "" & UPPER(iniciales) ))"),"") | J76: =IFERROR(__xludf.DUMMYFUNCTION("IF(H76="""","""",IFERROR( IF(REGEXMATCH(E76,""VELOCIDAD""), IF(H76>=MAX(INDEX(BAREMOS!F:X,MATCH(1,(BAREMOS!A:A=A76)*(BAREMOS!B:B=B76)*(BAREMOS!C:C=C76)*(BAREMOS!D:D=D76),0),0)),1, IF(H76<=MIN(INDEX(BAREMOS!F:X,MATCH(1,(BAREMOS!A:A=A76)*(BAREMOS!B"&":B=B76)*(BAREMOS!C:C=C76)*(BAREMOS!D:D=D76),0),0)),19, MATCH(H76,INDEX(BAREMOS!F:X,MATCH(1,(BAREMOS!A:A=A76)*(BAREMOS!B:B=B76)*(BAREMOS!C:C=C76)*(BAREMOS!D:D=D76),0),0),-1) ) ), IF(H76<=MIN(INDEX(BAREMOS!F:X,MATCH(1,(BAREMOS!A:A=A76)*"&"(BAREMOS!B:B=B76)*(BAREMOS!C:C=C76)*(BAREMOS!D:D=D76),0),0)),1, IF(H76>=MAX(INDEX(BAREMOS!F:X,MATCH(1,(BAREMOS!A:A=A76)*(BAREMOS!B:B=B76)*(BAREMOS!C:C=C76)*(BAREMOS!D:D=D76),0),0)),19, MATCH(H76,INDEX(BAREMOS!F:X,MATCH(1,(BAREMOS!A:A=A76)*("&"BAREMOS!B:B=B76)*(BAREMOS!C:C=C76)*(BAREMOS!D:D=D76),0),0),1) ) ) ) ,"""")) "),"") | K76: =IF(J76="","",INDEX(SEQUENCE(1,19,1,0.5),1,J76))
A77: {=IF(E77="","",IFERROR(INDEX(CONFIGURACION!C:C,MATCH(E77,CONFIGURACION!E:E,0)),""))} | B77: {=IF(E77="","",IFERROR(INDEX(CONFIGURACION!D:D,MATCH(E77,CONFIGURACION!E:E,0)),""))} | I77: =IFERROR(__xludf.DUMMYFUNCTION("IF(F77="""","""",LET( nombre, TRIM(F77), primer, REGEXEXTRACT(nombre, ""^\S+""), resto, TRIM(REGEXREPLACE(nombre, ""^\S+\s*"", """")), iniciales, IF( resto="""", """", TEXTJOIN("""",1,ARRAYFORMULA(LEFT(SPLIT(resto,"" ""),1) & ""."")) "&" ), UPPER(primer) & "" "" & UPPER(iniciales) ))"),"") | J77: =IFERROR(__xludf.DUMMYFUNCTION("IF(H77="""","""",IFERROR( IF(REGEXMATCH(E77,""VELOCIDAD""), IF(H77>=MAX(INDEX(BAREMOS!F:X,MATCH(1,(BAREMOS!A:A=A77)*(BAREMOS!B:B=B77)*(BAREMOS!C:C=C77)*(BAREMOS!D:D=D77),0),0)),1, IF(H77<=MIN(INDEX(BAREMOS!F:X,MATCH(1,(BAREMOS!A:A=A77)*(BAREMOS!B"&":B=B77)*(BAREMOS!C:C=C77)*(BAREMOS!D:D=D77),0),0)),19, MATCH(H77,INDEX(BAREMOS!F:X,MATCH(1,(BAREMOS!A:A=A77)*(BAREMOS!B:B=B77)*(BAREMOS!C:C=C77)*(BAREMOS!D:D=D77),0),0),-1) ) ), IF(H77<=MIN(INDEX(BAREMOS!F:X,MATCH(1,(BAREMOS!A:A=A77)*"&"(BAREMOS!B:B=B77)*(BAREMOS!C:C=C77)*(BAREMOS!D:D=D77),0),0)),1, IF(H77>=MAX(INDEX(BAREMOS!F:X,MATCH(1,(BAREMOS!A:A=A77)*(BAREMOS!B:B=B77)*(BAREMOS!C:C=C77)*(BAREMOS!D:D=D77),0),0)),19, MATCH(H77,INDEX(BAREMOS!F:X,MATCH(1,(BAREMOS!A:A=A77)*("&"BAREMOS!B:B=B77)*(BAREMOS!C:C=C77)*(BAREMOS!D:D=D77),0),0),1) ) ) ) ,"""")) "),"") | K77: =IF(J77="","",INDEX(SEQUENCE(1,19,1,0.5),1,J77))
A78: {=IF(E78="","",IFERROR(INDEX(CONFIGURACION!C:C,MATCH(E78,CONFIGURACION!E:E,0)),""))} | B78: {=IF(E78="","",IFERROR(INDEX(CONFIGURACION!D:D,MATCH(E78,CONFIGURACION!E:E,0)),""))} | I78: =IFERROR(__xludf.DUMMYFUNCTION("IF(F78="""","""",LET( nombre, TRIM(F78), primer, REGEXEXTRACT(nombre, ""^\S+""), resto, TRIM(REGEXREPLACE(nombre, ""^\S+\s*"", """")), iniciales, IF( resto="""", """", TEXTJOIN("""",1,ARRAYFORMULA(LEFT(SPLIT(resto,"" ""),1) & ""."")) "&" ), UPPER(primer) & "" "" & UPPER(iniciales) ))"),"") | J78: =IFERROR(__xludf.DUMMYFUNCTION("IF(H78="""","""",IFERROR( IF(REGEXMATCH(E78,""VELOCIDAD""), IF(H78>=MAX(INDEX(BAREMOS!F:X,MATCH(1,(BAREMOS!A:A=A78)*(BAREMOS!B:B=B78)*(BAREMOS!C:C=C78)*(BAREMOS!D:D=D78),0),0)),1, IF(H78<=MIN(INDEX(BAREMOS!F:X,MATCH(1,(BAREMOS!A:A=A78)*(BAREMOS!B"&":B=B78)*(BAREMOS!C:C=C78)*(BAREMOS!D:D=D78),0),0)),19, MATCH(H78,INDEX(BAREMOS!F:X,MATCH(1,(BAREMOS!A:A=A78)*(BAREMOS!B:B=B78)*(BAREMOS!C:C=C78)*(BAREMOS!D:D=D78),0),0),-1) ) ), IF(H78<=MIN(INDEX(BAREMOS!F:X,MATCH(1,(BAREMOS!A:A=A78)*"&"(BAREMOS!B:B=B78)*(BAREMOS!C:C=C78)*(BAREMOS!D:D=D78),0),0)),1, IF(H78>=MAX(INDEX(BAREMOS!F:X,MATCH(1,(BAREMOS!A:A=A78)*(BAREMOS!B:B=B78)*(BAREMOS!C:C=C78)*(BAREMOS!D:D=D78),0),0)),19, MATCH(H78,INDEX(BAREMOS!F:X,MATCH(1,(BAREMOS!A:A=A78)*("&"BAREMOS!B:B=B78)*(BAREMOS!C:C=C78)*(BAREMOS!D:D=D78),0),0),1) ) ) ) ,"""")) "),"") | K78: =IF(J78="","",INDEX(SEQUENCE(1,19,1,0.5),1,J78))
A79: {=IF(E79="","",IFERROR(INDEX(CONFIGURACION!C:C,MATCH(E79,CONFIGURACION!E:E,0)),""))} | B79: {=IF(E79="","",IFERROR(INDEX(CONFIGURACION!D:D,MATCH(E79,CONFIGURACION!E:E,0)),""))} | I79: =IFERROR(__xludf.DUMMYFUNCTION("IF(F79="""","""",LET( nombre, TRIM(F79), primer, REGEXEXTRACT(nombre, ""^\S+""), resto, TRIM(REGEXREPLACE(nombre, ""^\S+\s*"", """")), iniciales, IF( resto="""", """", TEXTJOIN("""",1,ARRAYFORMULA(LEFT(SPLIT(resto,"" ""),1) & ""."")) "&" ), UPPER(primer) & "" "" & UPPER(iniciales) ))"),"") | J79: =IFERROR(__xludf.DUMMYFUNCTION("IF(H79="""","""",IFERROR( IF(REGEXMATCH(E79,""VELOCIDAD""), IF(H79>=MAX(INDEX(BAREMOS!F:X,MATCH(1,(BAREMOS!A:A=A79)*(BAREMOS!B:B=B79)*(BAREMOS!C:C=C79)*(BAREMOS!D:D=D79),0),0)),1, IF(H79<=MIN(INDEX(BAREMOS!F:X,MATCH(1,(BAREMOS!A:A=A79)*(BAREMOS!B"&":B=B79)*(BAREMOS!C:C=C79)*(BAREMOS!D:D=D79),0),0)),19, MATCH(H79,INDEX(BAREMOS!F:X,MATCH(1,(BAREMOS!A:A=A79)*(BAREMOS!B:B=B79)*(BAREMOS!C:C=C79)*(BAREMOS!D:D=D79),0),0),-1) ) ), IF(H79<=MIN(INDEX(BAREMOS!F:X,MATCH(1,(BAREMOS!A:A=A79)*"&"(BAREMOS!B:B=B79)*(BAREMOS!C:C=C79)*(BAREMOS!D:D=D79),0),0)),1, IF(H79>=MAX(INDEX(BAREMOS!F:X,MATCH(1,(BAREMOS!A:A=A79)*(BAREMOS!B:B=B79)*(BAREMOS!C:C=C79)*(BAREMOS!D:D=D79),0),0)),19, MATCH(H79,INDEX(BAREMOS!F:X,MATCH(1,(BAREMOS!A:A=A79)*("&"BAREMOS!B:B=B79)*(BAREMOS!C:C=C79)*(BAREMOS!D:D=D79),0),0),1) ) ) ) ,"""")) "),"") | K79: =IF(J79="","",INDEX(SEQUENCE(1,19,1,0.5),1,J79))
A80: {=IF(E80="","",IFERROR(INDEX(CONFIGURACION!C:C,MATCH(E80,CONFIGURACION!E:E,0)),""))} | B80: {=IF(E80="","",IFERROR(INDEX(CONFIGURACION!D:D,MATCH(E80,CONFIGURACION!E:E,0)),""))} | I80: =IFERROR(__xludf.DUMMYFUNCTION("IF(F80="""","""",LET( nombre, TRIM(F80), primer, REGEXEXTRACT(nombre, ""^\S+""), resto, TRIM(REGEXREPLACE(nombre, ""^\S+\s*"", """")), iniciales, IF( resto="""", """", TEXTJOIN("""",1,ARRAYFORMULA(LEFT(SPLIT(resto,"" ""),1) & ""."")) "&" ), UPPER(primer) & "" "" & UPPER(iniciales) ))"),"") | J80: =IFERROR(__xludf.DUMMYFUNCTION("IF(H80="""","""",IFERROR( IF(REGEXMATCH(E80,""VELOCIDAD""), IF(H80>=MAX(INDEX(BAREMOS!F:X,MATCH(1,(BAREMOS!A:A=A80)*(BAREMOS!B:B=B80)*(BAREMOS!C:C=C80)*(BAREMOS!D:D=D80),0),0)),1, IF(H80<=MIN(INDEX(BAREMOS!F:X,MATCH(1,(BAREMOS!A:A=A80)*(BAREMOS!B"&":B=B80)*(BAREMOS!C:C=C80)*(BAREMOS!D:D=D80),0),0)),19, MATCH(H80,INDEX(BAREMOS!F:X,MATCH(1,(BAREMOS!A:A=A80)*(BAREMOS!B:B=B80)*(BAREMOS!C:C=C80)*(BAREMOS!D:D=D80),0),0),-1) ) ), IF(H80<=MIN(INDEX(BAREMOS!F:X,MATCH(1,(BAREMOS!A:A=A80)*"&"(BAREMOS!B:B=B80)*(BAREMOS!C:C=C80)*(BAREMOS!D:D=D80),0),0)),1, IF(H80>=MAX(INDEX(BAREMOS!F:X,MATCH(1,(BAREMOS!A:A=A80)*(BAREMOS!B:B=B80)*(BAREMOS!C:C=C80)*(BAREMOS!D:D=D80),0),0)),19, MATCH(H80,INDEX(BAREMOS!F:X,MATCH(1,(BAREMOS!A:A=A80)*("&"BAREMOS!B:B=B80)*(BAREMOS!C:C=C80)*(BAREMOS!D:D=D80),0),0),1) ) ) ) ,"""")) "),"") | K80: =IF(J80="","",INDEX(SEQUENCE(1,19,1,0.5),1,J80))
A81: {=IF(E81="","",IFERROR(INDEX(CONFIGURACION!C:C,MATCH(E81,CONFIGURACION!E:E,0)),""))} | B81: {=IF(E81="","",IFERROR(INDEX(CONFIGURACION!D:D,MATCH(E81,CONFIGURACION!E:E,0)),""))} | I81: =IFERROR(__xludf.DUMMYFUNCTION("IF(F81="""","""",LET( nombre, TRIM(F81), primer, REGEXEXTRACT(nombre, ""^\S+""), resto, TRIM(REGEXREPLACE(nombre, ""^\S+\s*"", """")), iniciales, IF( resto="""", """", TEXTJOIN("""",1,ARRAYFORMULA(LEFT(SPLIT(resto,"" ""),1) & ""."")) "&" ), UPPER(primer) & "" "" & UPPER(iniciales) ))"),"") | J81: =IFERROR(__xludf.DUMMYFUNCTION("IF(H81="""","""",IFERROR( IF(REGEXMATCH(E81,""VELOCIDAD""), IF(H81>=MAX(INDEX(BAREMOS!F:X,MATCH(1,(BAREMOS!A:A=A81)*(BAREMOS!B:B=B81)*(BAREMOS!C:C=C81)*(BAREMOS!D:D=D81),0),0)),1, IF(H81<=MIN(INDEX(BAREMOS!F:X,MATCH(1,(BAREMOS!A:A=A81)*(BAREMOS!B"&":B=B81)*(BAREMOS!C:C=C81)*(BAREMOS!D:D=D81),0),0)),19, MATCH(H81,INDEX(BAREMOS!F:X,MATCH(1,(BAREMOS!A:A=A81)*(BAREMOS!B:B=B81)*(BAREMOS!C:C=C81)*(BAREMOS!D:D=D81),0),0),-1) ) ), IF(H81<=MIN(INDEX(BAREMOS!F:X,MATCH(1,(BAREMOS!A:A=A81)*"&"(BAREMOS!B:B=B81)*(BAREMOS!C:C=C81)*(BAREMOS!D:D=D81),0),0)),1, IF(H81>=MAX(INDEX(BAREMOS!F:X,MATCH(1,(BAREMOS!A:A=A81)*(BAREMOS!B:B=B81)*(BAREMOS!C:C=C81)*(BAREMOS!D:D=D81),0),0)),19, MATCH(H81,INDEX(BAREMOS!F:X,MATCH(1,(BAREMOS!A:A=A81)*("&"BAREMOS!B:B=B81)*(BAREMOS!C:C=C81)*(BAREMOS!D:D=D81),0),0),1) ) ) ) ,"""")) "),"") | K81: =IF(J81="","",INDEX(SEQUENCE(1,19,1,0.5),1,J81))
A82: {=IF(E82="","",IFERROR(INDEX(CONFIGURACION!C:C,MATCH(E82,CONFIGURACION!E:E,0)),""))} | B82: {=IF(E82="","",IFERROR(INDEX(CONFIGURACION!D:D,MATCH(E82,CONFIGURACION!E:E,0)),""))} | I82: =IFERROR(__xludf.DUMMYFUNCTION("IF(F82="""","""",LET( nombre, TRIM(F82), primer, REGEXEXTRACT(nombre, ""^\S+""), resto, TRIM(REGEXREPLACE(nombre, ""^\S+\s*"", """")), iniciales, IF( resto="""", """", TEXTJOIN("""",1,ARRAYFORMULA(LEFT(SPLIT(resto,"" ""),1) & ""."")) "&" ), UPPER(primer) & "" "" & UPPER(iniciales) ))"),"") | J82: =IFERROR(__xludf.DUMMYFUNCTION("IF(H82="""","""",IFERROR( IF(REGEXMATCH(E82,""VELOCIDAD""), IF(H82>=MAX(INDEX(BAREMOS!F:X,MATCH(1,(BAREMOS!A:A=A82)*(BAREMOS!B:B=B82)*(BAREMOS!C:C=C82)*(BAREMOS!D:D=D82),0),0)),1, IF(H82<=MIN(INDEX(BAREMOS!F:X,MATCH(1,(BAREMOS!A:A=A82)*(BAREMOS!B"&":B=B82)*(BAREMOS!C:C=C82)*(BAREMOS!D:D=D82),0),0)),19, MATCH(H82,INDEX(BAREMOS!F:X,MATCH(1,(BAREMOS!A:A=A82)*(BAREMOS!B:B=B82)*(BAREMOS!C:C=C82)*(BAREMOS!D:D=D82),0),0),-1) ) ), IF(H82<=MIN(INDEX(BAREMOS!F:X,MATCH(1,(BAREMOS!A:A=A82)*"&"(BAREMOS!B:B=B82)*(BAREMOS!C:C=C82)*(BAREMOS!D:D=D82),0),0)),1, IF(H82>=MAX(INDEX(BAREMOS!F:X,MATCH(1,(BAREMOS!A:A=A82)*(BAREMOS!B:B=B82)*(BAREMOS!C:C=C82)*(BAREMOS!D:D=D82),0),0)),19, MATCH(H82,INDEX(BAREMOS!F:X,MATCH(1,(BAREMOS!A:A=A82)*("&"BAREMOS!B:B=B82)*(BAREMOS!C:C=C82)*(BAREMOS!D:D=D82),0),0),1) ) ) ) ,"""")) "),"") | K82: =IF(J82="","",INDEX(SEQUENCE(1,19,1,0.5),1,J82))
A83: {=IF(E83="","",IFERROR(INDEX(CONFIGURACION!C:C,MATCH(E83,CONFIGURACION!E:E,0)),""))} | B83: {=IF(E83="","",IFERROR(INDEX(CONFIGURACION!D:D,MATCH(E83,CONFIGURACION!E:E,0)),""))} | I83: =IFERROR(__xludf.DUMMYFUNCTION("IF(F83="""","""",LET( nombre, TRIM(F83), primer, REGEXEXTRACT(nombre, ""^\S+""), resto, TRIM(REGEXREPLACE(nombre, ""^\S+\s*"", """")), iniciales, IF( resto="""", """", TEXTJOIN("""",1,ARRAYFORMULA(LEFT(SPLIT(resto,"" ""),1) & ""."")) "&" ), UPPER(primer) & "" "" & UPPER(iniciales) ))"),"") | J83: =IFERROR(__xludf.DUMMYFUNCTION("IF(H83="""","""",IFERROR( IF(REGEXMATCH(E83,""VELOCIDAD""), IF(H83>=MAX(INDEX(BAREMOS!F:X,MATCH(1,(BAREMOS!A:A=A83)*(BAREMOS!B:B=B83)*(BAREMOS!C:C=C83)*(BAREMOS!D:D=D83),0),0)),1, IF(H83<=MIN(INDEX(BAREMOS!F:X,MATCH(1,(BAREMOS!A:A=A83)*(BAREMOS!B"&":B=B83)*(BAREMOS!C:C=C83)*(BAREMOS!D:D=D83),0),0)),19, MATCH(H83,INDEX(BAREMOS!F:X,MATCH(1,(BAREMOS!A:A=A83)*(BAREMOS!B:B=B83)*(BAREMOS!C:C=C83)*(BAREMOS!D:D=D83),0),0),-1) ) ), IF(H83<=MIN(INDEX(BAREMOS!F:X,MATCH(1,(BAREMOS!A:A=A83)*"&"(BAREMOS!B:B=B83)*(BAREMOS!C:C=C83)*(BAREMOS!D:D=D83),0),0)),1, IF(H83>=MAX(INDEX(BAREMOS!F:X,MATCH(1,(BAREMOS!A:A=A83)*(BAREMOS!B:B=B83)*(BAREMOS!C:C=C83)*(BAREMOS!D:D=D83),0),0)),19, MATCH(H83,INDEX(BAREMOS!F:X,MATCH(1,(BAREMOS!A:A=A83)*("&"BAREMOS!B:B=B83)*(BAREMOS!C:C=C83)*(BAREMOS!D:D=D83),0),0),1) ) ) ) ,"""")) "),"") | K83: =IF(J83="","",INDEX(SEQUENCE(1,19,1,0.5),1,J83))
A84: {=IF(E84="","",IFERROR(INDEX(CONFIGURACION!C:C,MATCH(E84,CONFIGURACION!E:E,0)),""))} | B84: {=IF(E84="","",IFERROR(INDEX(CONFIGURACION!D:D,MATCH(E84,CONFIGURACION!E:E,0)),""))} | I84: =IFERROR(__xludf.DUMMYFUNCTION("IF(F84="""","""",LET( nombre, TRIM(F84), primer, REGEXEXTRACT(nombre, ""^\S+""), resto, TRIM(REGEXREPLACE(nombre, ""^\S+\s*"", """")), iniciales, IF( resto="""", """", TEXTJOIN("""",1,ARRAYFORMULA(LEFT(SPLIT(resto,"" ""),1) & ""."")) "&" ), UPPER(primer) & "" "" & UPPER(iniciales) ))"),"") | J84: =IFERROR(__xludf.DUMMYFUNCTION("IF(H84="""","""",IFERROR( IF(REGEXMATCH(E84,""VELOCIDAD""), IF(H84>=MAX(INDEX(BAREMOS!F:X,MATCH(1,(BAREMOS!A:A=A84)*(BAREMOS!B:B=B84)*(BAREMOS!C:C=C84)*(BAREMOS!D:D=D84),0),0)),1, IF(H84<=MIN(INDEX(BAREMOS!F:X,MATCH(1,(BAREMOS!A:A=A84)*(BAREMOS!B"&":B=B84)*(BAREMOS!C:C=C84)*(BAREMOS!D:D=D84),0),0)),19, MATCH(H84,INDEX(BAREMOS!F:X,MATCH(1,(BAREMOS!A:A=A84)*(BAREMOS!B:B=B84)*(BAREMOS!C:C=C84)*(BAREMOS!D:D=D84),0),0),-1) ) ), IF(H84<=MIN(INDEX(BAREMOS!F:X,MATCH(1,(BAREMOS!A:A=A84)*"&"(BAREMOS!B:B=B84)*(BAREMOS!C:C=C84)*(BAREMOS!D:D=D84),0),0)),1, IF(H84>=MAX(INDEX(BAREMOS!F:X,MATCH(1,(BAREMOS!A:A=A84)*(BAREMOS!B:B=B84)*(BAREMOS!C:C=C84)*(BAREMOS!D:D=D84),0),0)),19, MATCH(H84,INDEX(BAREMOS!F:X,MATCH(1,(BAREMOS!A:A=A84)*("&"BAREMOS!B:B=B84)*(BAREMOS!C:C=C84)*(BAREMOS!D:D=D84),0),0),1) ) ) ) ,"""")) "),"") | K84: =IF(J84="","",INDEX(SEQUENCE(1,19,1,0.5),1,J84))
A85: {=IF(E85="","",IFERROR(INDEX(CONFIGURACION!C:C,MATCH(E85,CONFIGURACION!E:E,0)),""))} | B85: {=IF(E85="","",IFERROR(INDEX(CONFIGURACION!D:D,MATCH(E85,CONFIGURACION!E:E,0)),""))} | I85: =IFERROR(__xludf.DUMMYFUNCTION("IF(F85="""","""",LET( nombre, TRIM(F85), primer, REGEXEXTRACT(nombre, ""^\S+""), resto, TRIM(REGEXREPLACE(nombre, ""^\S+\s*"", """")), iniciales, IF( resto="""", """", TEXTJOIN("""",1,ARRAYFORMULA(LEFT(SPLIT(resto,"" ""),1) & ""."")) "&" ), UPPER(primer) & "" "" & UPPER(iniciales) ))"),"") | J85: =IFERROR(__xludf.DUMMYFUNCTION("IF(H85="""","""",IFERROR( IF(REGEXMATCH(E85,""VELOCIDAD""), IF(H85>=MAX(INDEX(BAREMOS!F:X,MATCH(1,(BAREMOS!A:A=A85)*(BAREMOS!B:B=B85)*(BAREMOS!C:C=C85)*(BAREMOS!D:D=D85),0),0)),1, IF(H85<=MIN(INDEX(BAREMOS!F:X,MATCH(1,(BAREMOS!A:A=A85)*(BAREMOS!B"&":B=B85)*(BAREMOS!C:C=C85)*(BAREMOS!D:D=D85),0),0)),19, MATCH(H85,INDEX(BAREMOS!F:X,MATCH(1,(BAREMOS!A:A=A85)*(BAREMOS!B:B=B85)*(BAREMOS!C:C=C85)*(BAREMOS!D:D=D85),0),0),-1) ) ), IF(H85<=MIN(INDEX(BAREMOS!F:X,MATCH(1,(BAREMOS!A:A=A85)*"&"(BAREMOS!B:B=B85)*(BAREMOS!C:C=C85)*(BAREMOS!D:D=D85),0),0)),1, IF(H85>=MAX(INDEX(BAREMOS!F:X,MATCH(1,(BAREMOS!A:A=A85)*(BAREMOS!B:B=B85)*(BAREMOS!C:C=C85)*(BAREMOS!D:D=D85),0),0)),19, MATCH(H85,INDEX(BAREMOS!F:X,MATCH(1,(BAREMOS!A:A=A85)*("&"BAREMOS!B:B=B85)*(BAREMOS!C:C=C85)*(BAREMOS!D:D=D85),0),0),1) ) ) ) ,"""")) "),"") | K85: =IF(J85="","",INDEX(SEQUENCE(1,19,1,0.5),1,J85))
A86: {=IF(E86="","",IFERROR(INDEX(CONFIGURACION!C:C,MATCH(E86,CONFIGURACION!E:E,0)),""))} | B86: {=IF(E86="","",IFERROR(INDEX(CONFIGURACION!D:D,MATCH(E86,CONFIGURACION!E:E,0)),""))} | I86: =IFERROR(__xludf.DUMMYFUNCTION("IF(F86="""","""",LET( nombre, TRIM(F86), primer, REGEXEXTRACT(nombre, ""^\S+""), resto, TRIM(REGEXREPLACE(nombre, ""^\S+\s*"", """")), iniciales, IF( resto="""", """", TEXTJOIN("""",1,ARRAYFORMULA(LEFT(SPLIT(resto,"" ""),1) & ""."")) "&" ), UPPER(primer) & "" "" & UPPER(iniciales) ))"),"") | J86: =IFERROR(__xludf.DUMMYFUNCTION("IF(H86="""","""",IFERROR( IF(REGEXMATCH(E86,""VELOCIDAD""), IF(H86>=MAX(INDEX(BAREMOS!F:X,MATCH(1,(BAREMOS!A:A=A86)*(BAREMOS!B:B=B86)*(BAREMOS!C:C=C86)*(BAREMOS!D:D=D86),0),0)),1, IF(H86<=MIN(INDEX(BAREMOS!F:X,MATCH(1,(BAREMOS!A:A=A86)*(BAREMOS!B"&":B=B86)*(BAREMOS!C:C=C86)*(BAREMOS!D:D=D86),0),0)),19, MATCH(H86,INDEX(BAREMOS!F:X,MATCH(1,(BAREMOS!A:A=A86)*(BAREMOS!B:B=B86)*(BAREMOS!C:C=C86)*(BAREMOS!D:D=D86),0),0),-1) ) ), IF(H86<=MIN(INDEX(BAREMOS!F:X,MATCH(1,(BAREMOS!A:A=A86)*"&"(BAREMOS!B:B=B86)*(BAREMOS!C:C=C86)*(BAREMOS!D:D=D86),0),0)),1, IF(H86>=MAX(INDEX(BAREMOS!F:X,MATCH(1,(BAREMOS!A:A=A86)*(BAREMOS!B:B=B86)*(BAREMOS!C:C=C86)*(BAREMOS!D:D=D86),0),0)),19, MATCH(H86,INDEX(BAREMOS!F:X,MATCH(1,(BAREMOS!A:A=A86)*("&"BAREMOS!B:B=B86)*(BAREMOS!C:C=C86)*(BAREMOS!D:D=D86),0),0),1) ) ) ) ,"""")) "),"") | K86: =IF(J86="","",INDEX(SEQUENCE(1,19,1,0.5),1,J86))
A87: {=IF(E87="","",IFERROR(INDEX(CONFIGURACION!C:C,MATCH(E87,CONFIGURACION!E:E,0)),""))} | B87: {=IF(E87="","",IFERROR(INDEX(CONFIGURACION!D:D,MATCH(E87,CONFIGURACION!E:E,0)),""))} | I87: =IFERROR(__xludf.DUMMYFUNCTION("IF(F87="""","""",LET( nombre, TRIM(F87), primer, REGEXEXTRACT(nombre, ""^\S+""), resto, TRIM(REGEXREPLACE(nombre, ""^\S+\s*"", """")), iniciales, IF( resto="""", """", TEXTJOIN("""",1,ARRAYFORMULA(LEFT(SPLIT(resto,"" ""),1) & ""."")) "&" ), UPPER(primer) & "" "" & UPPER(iniciales) ))"),"") | J87: =IFERROR(__xludf.DUMMYFUNCTION("IF(H87="""","""",IFERROR( IF(REGEXMATCH(E87,""VELOCIDAD""), IF(H87>=MAX(INDEX(BAREMOS!F:X,MATCH(1,(BAREMOS!A:A=A87)*(BAREMOS!B:B=B87)*(BAREMOS!C:C=C87)*(BAREMOS!D:D=D87),0),0)),1, IF(H87<=MIN(INDEX(BAREMOS!F:X,MATCH(1,(BAREMOS!A:A=A87)*(BAREMOS!B"&":B=B87)*(BAREMOS!C:C=C87)*(BAREMOS!D:D=D87),0),0)),19, MATCH(H87,INDEX(BAREMOS!F:X,MATCH(1,(BAREMOS!A:A=A87)*(BAREMOS!B:B=B87)*(BAREMOS!C:C=C87)*(BAREMOS!D:D=D87),0),0),-1) ) ), IF(H87<=MIN(INDEX(BAREMOS!F:X,MATCH(1,(BAREMOS!A:A=A87)*"&"(BAREMOS!B:B=B87)*(BAREMOS!C:C=C87)*(BAREMOS!D:D=D87),0),0)),1, IF(H87>=MAX(INDEX(BAREMOS!F:X,MATCH(1,(BAREMOS!A:A=A87)*(BAREMOS!B:B=B87)*(BAREMOS!C:C=C87)*(BAREMOS!D:D=D87),0),0)),19, MATCH(H87,INDEX(BAREMOS!F:X,MATCH(1,(BAREMOS!A:A=A87)*("&"BAREMOS!B:B=B87)*(BAREMOS!C:C=C87)*(BAREMOS!D:D=D87),0),0),1) ) ) ) ,"""")) "),"") | K87: =IF(J87="","",INDEX(SEQUENCE(1,19,1,0.5),1,J87))
A88: {=IF(E88="","",IFERROR(INDEX(CONFIGURACION!C:C,MATCH(E88,CONFIGURACION!E:E,0)),""))} | B88: {=IF(E88="","",IFERROR(INDEX(CONFIGURACION!D:D,MATCH(E88,CONFIGURACION!E:E,0)),""))} | I88: =IFERROR(__xludf.DUMMYFUNCTION("IF(F88="""","""",LET( nombre, TRIM(F88), primer, REGEXEXTRACT(nombre, ""^\S+""), resto, TRIM(REGEXREPLACE(nombre, ""^\S+\s*"", """")), iniciales, IF( resto="""", """", TEXTJOIN("""",1,ARRAYFORMULA(LEFT(SPLIT(resto,"" ""),1) & ""."")) "&" ), UPPER(primer) & "" "" & UPPER(iniciales) ))"),"") | J88: =IFERROR(__xludf.DUMMYFUNCTION("IF(H88="""","""",IFERROR( IF(REGEXMATCH(E88,""VELOCIDAD""), IF(H88>=MAX(INDEX(BAREMOS!F:X,MATCH(1,(BAREMOS!A:A=A88)*(BAREMOS!B:B=B88)*(BAREMOS!C:C=C88)*(BAREMOS!D:D=D88),0),0)),1, IF(H88<=MIN(INDEX(BAREMOS!F:X,MATCH(1,(BAREMOS!A:A=A88)*(BAREMOS!B"&":B=B88)*(BAREMOS!C:C=C88)*(BAREMOS!D:D=D88),0),0)),19, MATCH(H88,INDEX(BAREMOS!F:X,MATCH(1,(BAREMOS!A:A=A88)*(BAREMOS!B:B=B88)*(BAREMOS!C:C=C88)*(BAREMOS!D:D=D88),0),0),-1) ) ), IF(H88<=MIN(INDEX(BAREMOS!F:X,MATCH(1,(BAREMOS!A:A=A88)*"&"(BAREMOS!B:B=B88)*(BAREMOS!C:C=C88)*(BAREMOS!D:D=D88),0),0)),1, IF(H88>=MAX(INDEX(BAREMOS!F:X,MATCH(1,(BAREMOS!A:A=A88)*(BAREMOS!B:B=B88)*(BAREMOS!C:C=C88)*(BAREMOS!D:D=D88),0),0)),19, MATCH(H88,INDEX(BAREMOS!F:X,MATCH(1,(BAREMOS!A:A=A88)*("&"BAREMOS!B:B=B88)*(BAREMOS!C:C=C88)*(BAREMOS!D:D=D88),0),0),1) ) ) ) ,"""")) "),"") | K88: =IF(J88="","",INDEX(SEQUENCE(1,19,1,0.5),1,J88))
A89: {=IF(E89="","",IFERROR(INDEX(CONFIGURACION!C:C,MATCH(E89,CONFIGURACION!E:E,0)),""))} | B89: {=IF(E89="","",IFERROR(INDEX(CONFIGURACION!D:D,MATCH(E89,CONFIGURACION!E:E,0)),""))} | I89: =IFERROR(__xludf.DUMMYFUNCTION("IF(F89="""","""",LET( nombre, TRIM(F89), primer, REGEXEXTRACT(nombre, ""^\S+""), resto, TRIM(REGEXREPLACE(nombre, ""^\S+\s*"", """")), iniciales, IF( resto="""", """", TEXTJOIN("""",1,ARRAYFORMULA(LEFT(SPLIT(resto,"" ""),1) & ""."")) "&" ), UPPER(primer) & "" "" & UPPER(iniciales) ))"),"") | J89: =IFERROR(__xludf.DUMMYFUNCTION("IF(H89="""","""",IFERROR( IF(REGEXMATCH(E89,""VELOCIDAD""), IF(H89>=MAX(INDEX(BAREMOS!F:X,MATCH(1,(BAREMOS!A:A=A89)*(BAREMOS!B:B=B89)*(BAREMOS!C:C=C89)*(BAREMOS!D:D=D89),0),0)),1, IF(H89<=MIN(INDEX(BAREMOS!F:X,MATCH(1,(BAREMOS!A:A=A89)*(BAREMOS!B"&":B=B89)*(BAREMOS!C:C=C89)*(BAREMOS!D:D=D89),0),0)),19, MATCH(H89,INDEX(BAREMOS!F:X,MATCH(1,(BAREMOS!A:A=A89)*(BAREMOS!B:B=B89)*(BAREMOS!C:C=C89)*(BAREMOS!D:D=D89),0),0),-1) ) ), IF(H89<=MIN(INDEX(BAREMOS!F:X,MATCH(1,(BAREMOS!A:A=A89)*"&"(BAREMOS!B:B=B89)*(BAREMOS!C:C=C89)*(BAREMOS!D:D=D89),0),0)),1, IF(H89>=MAX(INDEX(BAREMOS!F:X,MATCH(1,(BAREMOS!A:A=A89)*(BAREMOS!B:B=B89)*(BAREMOS!C:C=C89)*(BAREMOS!D:D=D89),0),0)),19, MATCH(H89,INDEX(BAREMOS!F:X,MATCH(1,(BAREMOS!A:A=A89)*("&"BAREMOS!B:B=B89)*(BAREMOS!C:C=C89)*(BAREMOS!D:D=D89),0),0),1) ) ) ) ,"""")) "),"") | K89: =IF(J89="","",INDEX(SEQUENCE(1,19,1,0.5),1,J89))
A90: {=IF(E90="","",IFERROR(INDEX(CONFIGURACION!C:C,MATCH(E90,CONFIGURACION!E:E,0)),""))} | B90: {=IF(E90="","",IFERROR(INDEX(CONFIGURACION!D:D,MATCH(E90,CONFIGURACION!E:E,0)),""))} | I90: =IFERROR(__xludf.DUMMYFUNCTION("IF(F90="""","""",LET( nombre, TRIM(F90), primer, REGEXEXTRACT(nombre, ""^\S+""), resto, TRIM(REGEXREPLACE(nombre, ""^\S+\s*"", """")), iniciales, IF( resto="""", """", TEXTJOIN("""",1,ARRAYFORMULA(LEFT(SPLIT(resto,"" ""),1) & ""."")) "&" ), UPPER(primer) & "" "" & UPPER(iniciales) ))"),"") | J90: =IFERROR(__xludf.DUMMYFUNCTION("IF(H90="""","""",IFERROR( IF(REGEXMATCH(E90,""VELOCIDAD""), IF(H90>=MAX(INDEX(BAREMOS!F:X,MATCH(1,(BAREMOS!A:A=A90)*(BAREMOS!B:B=B90)*(BAREMOS!C:C=C90)*(BAREMOS!D:D=D90),0),0)),1, IF(H90<=MIN(INDEX(BAREMOS!F:X,MATCH(1,(BAREMOS!A:A=A90)*(BAREMOS!B"&":B=B90)*(BAREMOS!C:C=C90)*(BAREMOS!D:D=D90),0),0)),19, MATCH(H90,INDEX(BAREMOS!F:X,MATCH(1,(BAREMOS!A:A=A90)*(BAREMOS!B:B=B90)*(BAREMOS!C:C=C90)*(BAREMOS!D:D=D90),0),0),-1) ) ), IF(H90<=MIN(INDEX(BAREMOS!F:X,MATCH(1,(BAREMOS!A:A=A90)*"&"(BAREMOS!B:B=B90)*(BAREMOS!C:C=C90)*(BAREMOS!D:D=D90),0),0)),1, IF(H90>=MAX(INDEX(BAREMOS!F:X,MATCH(1,(BAREMOS!A:A=A90)*(BAREMOS!B:B=B90)*(BAREMOS!C:C=C90)*(BAREMOS!D:D=D90),0),0)),19, MATCH(H90,INDEX(BAREMOS!F:X,MATCH(1,(BAREMOS!A:A=A90)*("&"BAREMOS!B:B=B90)*(BAREMOS!C:C=C90)*(BAREMOS!D:D=D90),0),0),1) ) ) ) ,"""")) "),"") | K90: =IF(J90="","",INDEX(SEQUENCE(1,19,1,0.5),1,J90))
A91: {=IF(E91="","",IFERROR(INDEX(CONFIGURACION!C:C,MATCH(E91,CONFIGURACION!E:E,0)),""))} | B91: {=IF(E91="","",IFERROR(INDEX(CONFIGURACION!D:D,MATCH(E91,CONFIGURACION!E:E,0)),""))} | I91: =IFERROR(__xludf.DUMMYFUNCTION("IF(F91="""","""",LET( nombre, TRIM(F91), primer, REGEXEXTRACT(nombre, ""^\S+""), resto, TRIM(REGEXREPLACE(nombre, ""^\S+\s*"", """")), iniciales, IF( resto="""", """", TEXTJOIN("""",1,ARRAYFORMULA(LEFT(SPLIT(resto,"" ""),1) & ""."")) "&" ), UPPER(primer) & "" "" & UPPER(iniciales) ))"),"") | J91: =IFERROR(__xludf.DUMMYFUNCTION("IF(H91="""","""",IFERROR( IF(REGEXMATCH(E91,""VELOCIDAD""), IF(H91>=MAX(INDEX(BAREMOS!F:X,MATCH(1,(BAREMOS!A:A=A91)*(BAREMOS!B:B=B91)*(BAREMOS!C:C=C91)*(BAREMOS!D:D=D91),0),0)),1, IF(H91<=MIN(INDEX(BAREMOS!F:X,MATCH(1,(BAREMOS!A:A=A91)*(BAREMOS!B"&":B=B91)*(BAREMOS!C:C=C91)*(BAREMOS!D:D=D91),0),0)),19, MATCH(H91,INDEX(BAREMOS!F:X,MATCH(1,(BAREMOS!A:A=A91)*(BAREMOS!B:B=B91)*(BAREMOS!C:C=C91)*(BAREMOS!D:D=D91),0),0),-1) ) ), IF(H91<=MIN(INDEX(BAREMOS!F:X,MATCH(1,(BAREMOS!A:A=A91)*"&"(BAREMOS!B:B=B91)*(BAREMOS!C:C=C91)*(BAREMOS!D:D=D91),0),0)),1, IF(H91>=MAX(INDEX(BAREMOS!F:X,MATCH(1,(BAREMOS!A:A=A91)*(BAREMOS!B:B=B91)*(BAREMOS!C:C=C91)*(BAREMOS!D:D=D91),0),0)),19, MATCH(H91,INDEX(BAREMOS!F:X,MATCH(1,(BAREMOS!A:A=A91)*("&"BAREMOS!B:B=B91)*(BAREMOS!C:C=C91)*(BAREMOS!D:D=D91),0),0),1) ) ) ) ,"""")) "),"") | K91: =IF(J91="","",INDEX(SEQUENCE(1,19,1,0.5),1,J91))
A92: {=IF(E92="","",IFERROR(INDEX(CONFIGURACION!C:C,MATCH(E92,CONFIGURACION!E:E,0)),""))} | B92: {=IF(E92="","",IFERROR(INDEX(CONFIGURACION!D:D,MATCH(E92,CONFIGURACION!E:E,0)),""))} | I92: =IFERROR(__xludf.DUMMYFUNCTION("IF(F92="""","""",LET( nombre, TRIM(F92), primer, REGEXEXTRACT(nombre, ""^\S+""), resto, TRIM(REGEXREPLACE(nombre, ""^\S+\s*"", """")), iniciales, IF( resto="""", """", TEXTJOIN("""",1,ARRAYFORMULA(LEFT(SPLIT(resto,"" ""),1) & ""."")) "&" ), UPPER(primer) & "" "" & UPPER(iniciales) ))"),"") | J92: =IFERROR(__xludf.DUMMYFUNCTION("IF(H92="""","""",IFERROR( IF(REGEXMATCH(E92,""VELOCIDAD""), IF(H92>=MAX(INDEX(BAREMOS!F:X,MATCH(1,(BAREMOS!A:A=A92)*(BAREMOS!B:B=B92)*(BAREMOS!C:C=C92)*(BAREMOS!D:D=D92),0),0)),1, IF(H92<=MIN(INDEX(BAREMOS!F:X,MATCH(1,(BAREMOS!A:A=A92)*(BAREMOS!B"&":B=B92)*(BAREMOS!C:C=C92)*(BAREMOS!D:D=D92),0),0)),19, MATCH(H92,INDEX(BAREMOS!F:X,MATCH(1,(BAREMOS!A:A=A92)*(BAREMOS!B:B=B92)*(BAREMOS!C:C=C92)*(BAREMOS!D:D=D92),0),0),-1) ) ), IF(H92<=MIN(INDEX(BAREMOS!F:X,MATCH(1,(BAREMOS!A:A=A92)*"&"(BAREMOS!B:B=B92)*(BAREMOS!C:C=C92)*(BAREMOS!D:D=D92),0),0)),1, IF(H92>=MAX(INDEX(BAREMOS!F:X,MATCH(1,(BAREMOS!A:A=A92)*(BAREMOS!B:B=B92)*(BAREMOS!C:C=C92)*(BAREMOS!D:D=D92),0),0)),19, MATCH(H92,INDEX(BAREMOS!F:X,MATCH(1,(BAREMOS!A:A=A92)*("&"BAREMOS!B:B=B92)*(BAREMOS!C:C=C92)*(BAREMOS!D:D=D92),0),0),1) ) ) ) ,"""")) "),"") | K92: =IF(J92="","",INDEX(SEQUENCE(1,19,1,0.5),1,J92))
A93: {=IF(E93="","",IFERROR(INDEX(CONFIGURACION!C:C,MATCH(E93,CONFIGURACION!E:E,0)),""))} | B93: {=IF(E93="","",IFERROR(INDEX(CONFIGURACION!D:D,MATCH(E93,CONFIGURACION!E:E,0)),""))} | I93: =IFERROR(__xludf.DUMMYFUNCTION("IF(F93="""","""",LET( nombre, TRIM(F93), primer, REGEXEXTRACT(nombre, ""^\S+""), resto, TRIM(REGEXREPLACE(nombre, ""^\S+\s*"", """")), iniciales, IF( resto="""", """", TEXTJOIN("""",1,ARRAYFORMULA(LEFT(SPLIT(resto,"" ""),1) & ""."")) "&" ), UPPER(primer) & "" "" & UPPER(iniciales) ))"),"") | J93: =IFERROR(__xludf.DUMMYFUNCTION("IF(H93="""","""",IFERROR( IF(REGEXMATCH(E93,""VELOCIDAD""), IF(H93>=MAX(INDEX(BAREMOS!F:X,MATCH(1,(BAREMOS!A:A=A93)*(BAREMOS!B:B=B93)*(BAREMOS!C:C=C93)*(BAREMOS!D:D=D93),0),0)),1, IF(H93<=MIN(INDEX(BAREMOS!F:X,MATCH(1,(BAREMOS!A:A=A93)*(BAREMOS!B"&":B=B93)*(BAREMOS!C:C=C93)*(BAREMOS!D:D=D93),0),0)),19, MATCH(H93,INDEX(BAREMOS!F:X,MATCH(1,(BAREMOS!A:A=A93)*(BAREMOS!B:B=B93)*(BAREMOS!C:C=C93)*(BAREMOS!D:D=D93),0),0),-1) ) ), IF(H93<=MIN(INDEX(BAREMOS!F:X,MATCH(1,(BAREMOS!A:A=A93)*"&"(BAREMOS!B:B=B93)*(BAREMOS!C:C=C93)*(BAREMOS!D:D=D93),0),0)),1, IF(H93>=MAX(INDEX(BAREMOS!F:X,MATCH(1,(BAREMOS!A:A=A93)*(BAREMOS!B:B=B93)*(BAREMOS!C:C=C93)*(BAREMOS!D:D=D93),0),0)),19, MATCH(H93,INDEX(BAREMOS!F:X,MATCH(1,(BAREMOS!A:A=A93)*("&"BAREMOS!B:B=B93)*(BAREMOS!C:C=C93)*(BAREMOS!D:D=D93),0),0),1) ) ) ) ,"""")) "),"") | K93: =IF(J93="","",INDEX(SEQUENCE(1,19,1,0.5),1,J93))
A94: {=IF(E94="","",IFERROR(INDEX(CONFIGURACION!C:C,MATCH(E94,CONFIGURACION!E:E,0)),""))} | B94: {=IF(E94="","",IFERROR(INDEX(CONFIGURACION!D:D,MATCH(E94,CONFIGURACION!E:E,0)),""))} | I94: =IFERROR(__xludf.DUMMYFUNCTION("IF(F94="""","""",LET( nombre, TRIM(F94), primer, REGEXEXTRACT(nombre, ""^\S+""), resto, TRIM(REGEXREPLACE(nombre, ""^\S+\s*"", """")), iniciales, IF( resto="""", """", TEXTJOIN("""",1,ARRAYFORMULA(LEFT(SPLIT(resto,"" ""),1) & ""."")) "&" ), UPPER(primer) & "" "" & UPPER(iniciales) ))"),"") | J94: =IFERROR(__xludf.DUMMYFUNCTION("IF(H94="""","""",IFERROR( IF(REGEXMATCH(E94,""VELOCIDAD""), IF(H94>=MAX(INDEX(BAREMOS!F:X,MATCH(1,(BAREMOS!A:A=A94)*(BAREMOS!B:B=B94)*(BAREMOS!C:C=C94)*(BAREMOS!D:D=D94),0),0)),1, IF(H94<=MIN(INDEX(BAREMOS!F:X,MATCH(1,(BAREMOS!A:A=A94)*(BAREMOS!B"&":B=B94)*(BAREMOS!C:C=C94)*(BAREMOS!D:D=D94),0),0)),19, MATCH(H94,INDEX(BAREMOS!F:X,MATCH(1,(BAREMOS!A:A=A94)*(BAREMOS!B:B=B94)*(BAREMOS!C:C=C94)*(BAREMOS!D:D=D94),0),0),-1) ) ), IF(H94<=MIN(INDEX(BAREMOS!F:X,MATCH(1,(BAREMOS!A:A=A94)*"&"(BAREMOS!B:B=B94)*(BAREMOS!C:C=C94)*(BAREMOS!D:D=D94),0),0)),1, IF(H94>=MAX(INDEX(BAREMOS!F:X,MATCH(1,(BAREMOS!A:A=A94)*(BAREMOS!B:B=B94)*(BAREMOS!C:C=C94)*(BAREMOS!D:D=D94),0),0)),19, MATCH(H94,INDEX(BAREMOS!F:X,MATCH(1,(BAREMOS!A:A=A94)*("&"BAREMOS!B:B=B94)*(BAREMOS!C:C=C94)*(BAREMOS!D:D=D94),0),0),1) ) ) ) ,"""")) "),"") | K94: =IF(J94="","",INDEX(SEQUENCE(1,19,1,0.5),1,J94))
A95: {=IF(E95="","",IFERROR(INDEX(CONFIGURACION!C:C,MATCH(E95,CONFIGURACION!E:E,0)),""))} | B95: {=IF(E95="","",IFERROR(INDEX(CONFIGURACION!D:D,MATCH(E95,CONFIGURACION!E:E,0)),""))} | I95: =IFERROR(__xludf.DUMMYFUNCTION("IF(F95="""","""",LET( nombre, TRIM(F95), primer, REGEXEXTRACT(nombre, ""^\S+""), resto, TRIM(REGEXREPLACE(nombre, ""^\S+\s*"", """")), iniciales, IF( resto="""", """", TEXTJOIN("""",1,ARRAYFORMULA(LEFT(SPLIT(resto,"" ""),1) & ""."")) "&" ), UPPER(primer) & "" "" & UPPER(iniciales) ))"),"") | J95: =IFERROR(__xludf.DUMMYFUNCTION("IF(H95="""","""",IFERROR( IF(REGEXMATCH(E95,""VELOCIDAD""), IF(H95>=MAX(INDEX(BAREMOS!F:X,MATCH(1,(BAREMOS!A:A=A95)*(BAREMOS!B:B=B95)*(BAREMOS!C:C=C95)*(BAREMOS!D:D=D95),0),0)),1, IF(H95<=MIN(INDEX(BAREMOS!F:X,MATCH(1,(BAREMOS!A:A=A95)*(BAREMOS!B"&":B=B95)*(BAREMOS!C:C=C95)*(BAREMOS!D:D=D95),0),0)),19, MATCH(H95,INDEX(BAREMOS!F:X,MATCH(1,(BAREMOS!A:A=A95)*(BAREMOS!B:B=B95)*(BAREMOS!C:C=C95)*(BAREMOS!D:D=D95),0),0),-1) ) ), IF(H95<=MIN(INDEX(BAREMOS!F:X,MATCH(1,(BAREMOS!A:A=A95)*"&"(BAREMOS!B:B=B95)*(BAREMOS!C:C=C95)*(BAREMOS!D:D=D95),0),0)),1, IF(H95>=MAX(INDEX(BAREMOS!F:X,MATCH(1,(BAREMOS!A:A=A95)*(BAREMOS!B:B=B95)*(BAREMOS!C:C=C95)*(BAREMOS!D:D=D95),0),0)),19, MATCH(H95,INDEX(BAREMOS!F:X,MATCH(1,(BAREMOS!A:A=A95)*("&"BAREMOS!B:B=B95)*(BAREMOS!C:C=C95)*(BAREMOS!D:D=D95),0),0),1) ) ) ) ,"""")) "),"") | K95: =IF(J95="","",INDEX(SEQUENCE(1,19,1,0.5),1,J95))
A96: {=IF(E96="","",IFERROR(INDEX(CONFIGURACION!C:C,MATCH(E96,CONFIGURACION!E:E,0)),""))} | B96: {=IF(E96="","",IFERROR(INDEX(CONFIGURACION!D:D,MATCH(E96,CONFIGURACION!E:E,0)),""))} | I96: =IFERROR(__xludf.DUMMYFUNCTION("IF(F96="""","""",LET( nombre, TRIM(F96), primer, REGEXEXTRACT(nombre, ""^\S+""), resto, TRIM(REGEXREPLACE(nombre, ""^\S+\s*"", """")), iniciales, IF( resto="""", """", TEXTJOIN("""",1,ARRAYFORMULA(LEFT(SPLIT(resto,"" ""),1) & ""."")) "&" ), UPPER(primer) & "" "" & UPPER(iniciales) ))"),"") | J96: =IFERROR(__xludf.DUMMYFUNCTION("IF(H96="""","""",IFERROR( IF(REGEXMATCH(E96,""VELOCIDAD""), IF(H96>=MAX(INDEX(BAREMOS!F:X,MATCH(1,(BAREMOS!A:A=A96)*(BAREMOS!B:B=B96)*(BAREMOS!C:C=C96)*(BAREMOS!D:D=D96),0),0)),1, IF(H96<=MIN(INDEX(BAREMOS!F:X,MATCH(1,(BAREMOS!A:A=A96)*(BAREMOS!B"&":B=B96)*(BAREMOS!C:C=C96)*(BAREMOS!D:D=D96),0),0)),19, MATCH(H96,INDEX(BAREMOS!F:X,MATCH(1,(BAREMOS!A:A=A96)*(BAREMOS!B:B=B96)*(BAREMOS!C:C=C96)*(BAREMOS!D:D=D96),0),0),-1) ) ), IF(H96<=MIN(INDEX(BAREMOS!F:X,MATCH(1,(BAREMOS!A:A=A96)*"&"(BAREMOS!B:B=B96)*(BAREMOS!C:C=C96)*(BAREMOS!D:D=D96),0),0)),1, IF(H96>=MAX(INDEX(BAREMOS!F:X,MATCH(1,(BAREMOS!A:A=A96)*(BAREMOS!B:B=B96)*(BAREMOS!C:C=C96)*(BAREMOS!D:D=D96),0),0)),19, MATCH(H96,INDEX(BAREMOS!F:X,MATCH(1,(BAREMOS!A:A=A96)*("&"BAREMOS!B:B=B96)*(BAREMOS!C:C=C96)*(BAREMOS!D:D=D96),0),0),1) ) ) ) ,"""")) "),"") | K96: =IF(J96="","",INDEX(SEQUENCE(1,19,1,0.5),1,J96))
A97: {=IF(E97="","",IFERROR(INDEX(CONFIGURACION!C:C,MATCH(E97,CONFIGURACION!E:E,0)),""))} | B97: {=IF(E97="","",IFERROR(INDEX(CONFIGURACION!D:D,MATCH(E97,CONFIGURACION!E:E,0)),""))} | I97: =IFERROR(__xludf.DUMMYFUNCTION("IF(F97="""","""",LET( nombre, TRIM(F97), primer, REGEXEXTRACT(nombre, ""^\S+""), resto, TRIM(REGEXREPLACE(nombre, ""^\S+\s*"", """")), iniciales, IF( resto="""", """", TEXTJOIN("""",1,ARRAYFORMULA(LEFT(SPLIT(resto,"" ""),1) & ""."")) "&" ), UPPER(primer) & "" "" & UPPER(iniciales) ))"),"") | J97: =IFERROR(__xludf.DUMMYFUNCTION("IF(H97="""","""",IFERROR( IF(REGEXMATCH(E97,""VELOCIDAD""), IF(H97>=MAX(INDEX(BAREMOS!F:X,MATCH(1,(BAREMOS!A:A=A97)*(BAREMOS!B:B=B97)*(BAREMOS!C:C=C97)*(BAREMOS!D:D=D97),0),0)),1, IF(H97<=MIN(INDEX(BAREMOS!F:X,MATCH(1,(BAREMOS!A:A=A97)*(BAREMOS!B"&":B=B97)*(BAREMOS!C:C=C97)*(BAREMOS!D:D=D97),0),0)),19, MATCH(H97,INDEX(BAREMOS!F:X,MATCH(1,(BAREMOS!A:A=A97)*(BAREMOS!B:B=B97)*(BAREMOS!C:C=C97)*(BAREMOS!D:D=D97),0),0),-1) ) ), IF(H97<=MIN(INDEX(BAREMOS!F:X,MATCH(1,(BAREMOS!A:A=A97)*"&"(BAREMOS!B:B=B97)*(BAREMOS!C:C=C97)*(BAREMOS!D:D=D97),0),0)),1, IF(H97>=MAX(INDEX(BAREMOS!F:X,MATCH(1,(BAREMOS!A:A=A97)*(BAREMOS!B:B=B97)*(BAREMOS!C:C=C97)*(BAREMOS!D:D=D97),0),0)),19, MATCH(H97,INDEX(BAREMOS!F:X,MATCH(1,(BAREMOS!A:A=A97)*("&"BAREMOS!B:B=B97)*(BAREMOS!C:C=C97)*(BAREMOS!D:D=D97),0),0),1) ) ) ) ,"""")) "),"") | K97: =IF(J97="","",INDEX(SEQUENCE(1,19,1,0.5),1,J97))
A98: {=IF(E98="","",IFERROR(INDEX(CONFIGURACION!C:C,MATCH(E98,CONFIGURACION!E:E,0)),""))} | B98: {=IF(E98="","",IFERROR(INDEX(CONFIGURACION!D:D,MATCH(E98,CONFIGURACION!E:E,0)),""))} | I98: =IFERROR(__xludf.DUMMYFUNCTION("IF(F98="""","""",LET( nombre, TRIM(F98), primer, REGEXEXTRACT(nombre, ""^\S+""), resto, TRIM(REGEXREPLACE(nombre, ""^\S+\s*"", """")), iniciales, IF( resto="""", """", TEXTJOIN("""",1,ARRAYFORMULA(LEFT(SPLIT(resto,"" ""),1) & ""."")) "&" ), UPPER(primer) & "" "" & UPPER(iniciales) ))"),"") | J98: =IFERROR(__xludf.DUMMYFUNCTION("IF(H98="""","""",IFERROR( IF(REGEXMATCH(E98,""VELOCIDAD""), IF(H98>=MAX(INDEX(BAREMOS!F:X,MATCH(1,(BAREMOS!A:A=A98)*(BAREMOS!B:B=B98)*(BAREMOS!C:C=C98)*(BAREMOS!D:D=D98),0),0)),1, IF(H98<=MIN(INDEX(BAREMOS!F:X,MATCH(1,(BAREMOS!A:A=A98)*(BAREMOS!B"&":B=B98)*(BAREMOS!C:C=C98)*(BAREMOS!D:D=D98),0),0)),19, MATCH(H98,INDEX(BAREMOS!F:X,MATCH(1,(BAREMOS!A:A=A98)*(BAREMOS!B:B=B98)*(BAREMOS!C:C=C98)*(BAREMOS!D:D=D98),0),0),-1) ) ), IF(H98<=MIN(INDEX(BAREMOS!F:X,MATCH(1,(BAREMOS!A:A=A98)*"&"(BAREMOS!B:B=B98)*(BAREMOS!C:C=C98)*(BAREMOS!D:D=D98),0),0)),1, IF(H98>=MAX(INDEX(BAREMOS!F:X,MATCH(1,(BAREMOS!A:A=A98)*(BAREMOS!B:B=B98)*(BAREMOS!C:C=C98)*(BAREMOS!D:D=D98),0),0)),19, MATCH(H98,INDEX(BAREMOS!F:X,MATCH(1,(BAREMOS!A:A=A98)*("&"BAREMOS!B:B=B98)*(BAREMOS!C:C=C98)*(BAREMOS!D:D=D98),0),0),1) ) ) ) ,"""")) "),"") | K98: =IF(J98="","",INDEX(SEQUENCE(1,19,1,0.5),1,J98))
A99: {=IF(E99="","",IFERROR(INDEX(CONFIGURACION!C:C,MATCH(E99,CONFIGURACION!E:E,0)),""))} | B99: {=IF(E99="","",IFERROR(INDEX(CONFIGURACION!D:D,MATCH(E99,CONFIGURACION!E:E,0)),""))} | I99: =IFERROR(__xludf.DUMMYFUNCTION("IF(F99="""","""",LET( nombre, TRIM(F99), primer, REGEXEXTRACT(nombre, ""^\S+""), resto, TRIM(REGEXREPLACE(nombre, ""^\S+\s*"", """")), iniciales, IF( resto="""", """", TEXTJOIN("""",1,ARRAYFORMULA(LEFT(SPLIT(resto,"" ""),1) & ""."")) "&" ), UPPER(primer) & "" "" & UPPER(iniciales) ))"),"") | J99: =IFERROR(__xludf.DUMMYFUNCTION("IF(H99="""","""",IFERROR( IF(REGEXMATCH(E99,""VELOCIDAD""), IF(H99>=MAX(INDEX(BAREMOS!F:X,MATCH(1,(BAREMOS!A:A=A99)*(BAREMOS!B:B=B99)*(BAREMOS!C:C=C99)*(BAREMOS!D:D=D99),0),0)),1, IF(H99<=MIN(INDEX(BAREMOS!F:X,MATCH(1,(BAREMOS!A:A=A99)*(BAREMOS!B"&":B=B99)*(BAREMOS!C:C=C99)*(BAREMOS!D:D=D99),0),0)),19, MATCH(H99,INDEX(BAREMOS!F:X,MATCH(1,(BAREMOS!A:A=A99)*(BAREMOS!B:B=B99)*(BAREMOS!C:C=C99)*(BAREMOS!D:D=D99),0),0),-1) ) ), IF(H99<=MIN(INDEX(BAREMOS!F:X,MATCH(1,(BAREMOS!A:A=A99)*"&"(BAREMOS!B:B=B99)*(BAREMOS!C:C=C99)*(BAREMOS!D:D=D99),0),0)),1, IF(H99>=MAX(INDEX(BAREMOS!F:X,MATCH(1,(BAREMOS!A:A=A99)*(BAREMOS!B:B=B99)*(BAREMOS!C:C=C99)*(BAREMOS!D:D=D99),0),0)),19, MATCH(H99,INDEX(BAREMOS!F:X,MATCH(1,(BAREMOS!A:A=A99)*("&"BAREMOS!B:B=B99)*(BAREMOS!C:C=C99)*(BAREMOS!D:D=D99),0),0),1) ) ) ) ,"""")) "),"") | K99: =IF(J99="","",INDEX(SEQUENCE(1,19,1,0.5),1,J99))
A100: {=IF(E100="","",IFERROR(INDEX(CONFIGURACION!C:C,MATCH(E100,CONFIGURACION!E:E,0)),""))} | B100: {=IF(E100="","",IFERROR(INDEX(CONFIGURACION!D:D,MATCH(E100,CONFIGURACION!E:E,0)),""))} | I100: =IFERROR(__xludf.DUMMYFUNCTION("IF(F100="""","""",LET( nombre, TRIM(F100), primer, REGEXEXTRACT(nombre, ""^\S+""), resto, TRIM(REGEXREPLACE(nombre, ""^\S+\s*"", """")), iniciales, IF( resto="""", """", TEXTJOIN("""",1,ARRAYFORMULA(LEFT(SPLIT(resto,"" ""),1) & "".""))"&" ), UPPER(primer) & "" "" & UPPER(iniciales) ))"),"") | J100: =IFERROR(__xludf.DUMMYFUNCTION("IF(H100="""","""",IFERROR( IF(REGEXMATCH(E100,""VELOCIDAD""), IF(H100>=MAX(INDEX(BAREMOS!F:X,MATCH(1,(BAREMOS!A:A=A100)*(BAREMOS!B:B=B100)*(BAREMOS!C:C=C100)*(BAREMOS!D:D=D100),0),0)),1, IF(H100<=MIN(INDEX(BAREMOS!F:X,MATCH(1,(BAREMOS!A:A=A100)*("&"BAREMOS!B:B=B100)*(BAREMOS!C:C=C100)*(BAREMOS!D:D=D100),0),0)),19, MATCH(H100,INDEX(BAREMOS!F:X,MATCH(1,(BAREMOS!A:A=A100)*(BAREMOS!B:B=B100)*(BAREMOS!C:C=C100)*(BAREMOS!D:D=D100),0),0),-1) ) ), IF(H100<=MIN(INDEX(BAREMOS!F:X,MATCH(1,"&"(BAREMOS!A:A=A100)*(BAREMOS!B:B=B100)*(BAREMOS!C:C=C100)*(BAREMOS!D:D=D100),0),0)),1, IF(H100>=MAX(INDEX(BAREMOS!F:X,MATCH(1,(BAREMOS!A:A=A100)*(BAREMOS!B:B=B100)*(BAREMOS!C:C=C100)*(BAREMOS!D:D=D100),0),0)),19, MATCH(H100,INDEX(BAREMOS!F:X"&",MATCH(1,(BAREMOS!A:A=A100)*(BAREMOS!B:B=B100)*(BAREMOS!C:C=C100)*(BAREMOS!D:D=D100),0),0),1) ) ) ) ,"""")) "),"") | K100: =IF(J100="","",INDEX(SEQUENCE(1,19,1,0.5),1,J100))
...

Sheet BAREMOS
A1: CICLO | B1: GRADO | C1: GENERO | D1: PRUEBA | E1: PUNTUACION | F1: 1 | G1: 46143 | H1: 2 | I1: 46144 | J1: 3 | K1: 46145 | L1: 4 | M1: 46146 | N1: 5 | O1: 46147 | P1: 6 | Q1: 46148 | R1: 7 | S1: 46149 | T1: 8 | U1: 46150 | V1: 9 | W1: 46151 | X1: 10
A2: BCH | B2: 1 | C2: MASCULINO | D2: COOPER | E2: 0 | F2: 1900 | G2: 2025 | H2: 2150 | I2: 2225 | J2: 2300 | K2: 2375 | L2: 2450 | M2: 2496 | N2: 2543 | O2: 2621 | P2: 2700 | Q2: 2775 | R2: 2850 | S2: 2900 | T2: 2950 | U2: 3050 | V2: 3150 | W2: 3200 | X2: 3250
A3: BCH | B3: 1 | C3: MASCULINO | D3: FLEXIBILIDAD | E3: 0 | F3: 24 | G3: 46167 | H3: 27 | I3: 46170 | J3: 30 | K3: 46172 | L3: 31 | M3: 32 | N3: 33 | O3: 34.5 | P3: 36 | Q3: 37.5 | R3: 39 | S3: 40 | T3: 41 | U3: 42 | V3: 43 | W3: 44 | X3: 45
A4: BCH | B4: 1 | C4: MASCULINO | D4: S. VERTICAL | E4: 0 | F4: 28 | G4: 46172 | H4: 33 | I4: 35.5 | J4: 38 | K4: 41 | L4: 44 | M4: 46 | N4: 48 | O4: 49 | P4: 50 | Q4: 51 | R4: 52 | S4: 53.5 | T4: 55 | U4: 56 | V4: 57 | W4: 58.5 | X4: 60
A5: BCH | B5: 1 | C5: MASCULINO | D5: S. HORIZONTAL | E5: 0 | F5: 157 | G5: 161 | H5: 165 | I5: 172.5 | J5: 180 | K5: 185 | L5: 190 | M5: 192.5 | N5: 195 | O5: 200 | P5: 205 | Q5: 212.5 | R5: 220 | S5: 225 | T5: 230 | U5: 235 | V5: 240 | W5: 245 | X5: 250
A6: BCH | B6: 1 | C6: MASCULINO | D6: ABDOMINALES | E6: 0 | F6: 14 | G6: 15 | H6: 16 | I6: 17 | J6: 19 | K6: 20 | L6: 22 | M6: 23 | N6: 24 | O6: 25 | P6: 26 | Q6: 27 | R6: 28 | S6: 29 | T6: 30 | U6: 31 | V6: 32 | W6: 33 | X6: 35
A7: BCH | B7: 1 | C7: MASCULINO | D7: L. BALON | E7: 0 | F7: 46237 | G7: 4 | H7: 46057 | I7: 4.75 | J7: 46086 | K7: 5.65 | L7: 6 | M7: 6.25 | N7: 46148 | O7: 6.75 | P7: 7 | Q7: 46088 | R7: 46180 | S7: 7.85 | T7: 46030 | U7: 8.55 | V7: 9 | W7: 46151 | X7: 10
A8: BCH | B8: 1 | C8: MASCULINO | D8: VELOCIDAD | E8: 0 | F8: 9 | G8: 46242 | H8: 46181 | I8: 46120 | J8: 46061 | K8: 8 | L8: 46241 | M8: 46180 | N8: 46119 | O8: 46088 | P8: 46060 | Q8: 46029 | R8: 7 | S8: 46271 | T8: 46240 | U8: 46209 | V8: 46179 | W8: 46148 | X8: 46118
A9: CICLO | B9: GRADO | C9: GENERO | D9: PRUEBA
A10: BCH | B10: 1 | C10: FEMENINO | D10: COOPER | E10: 0 | F10: 1700 | G10: 1750 | H10: 1800 | I10: 1850 | J10: 1900 | K10: 1950 | L10: 2000 | M10: 2050 | N10: 2100 | O10: 2150 | P10: 2250 | Q10: 2350 | R10: 2400 | S10: 2500 | T10: 2550 | U10: 2600 | V10: 2700 | W10: 2750 | X10: 2800
A11: BCH | B11: 1 | C11: FEMENINO | D11: FLEXIBILIDAD | E11: 0 | F11: 22 | G11: 24 | H11: 25 | I11: 26 | J11: 28 | K11: 30 | L11: 31 | M11: 33 | N11: 34 | O11: 35 | P11: 36 | Q11: 37 | R11: 38 | S11: 39 | T11: 40 | U11: 41 | V11: 42 | W11: 43 | X11: 44
A12: BCH | B12: 1 | C12: FEMENINO | D12: S. VERTICAL | E12: 0 | F12: 23 | G12: 24 | H12: 26 | I12: 27 | J12: 29 | K12: 30 | L12: 32 | M12: 35 | N12: 36 | O12: 37 | P12: 38 | Q12: 39 | R12: 41 | S12: 42 | T12: 43 | U12: 44 | V12: 45 | W12: 46 | X12: 47
A13: BCH | B13: 1 | C13: FEMENINO | D13: S. HORIZONTAL | E13: 0 | F13: 140 | G13: 144 | H13: 148 | I13: 152 | J13: 155 | K13: 159 | L13: 162 | M13: 166 | N13: 169 | O13: 171 | P13: 174 | Q13: 177 | R13: 179 | S13: 181 | T13: 184 | U13: 187 | V13: 189 | W13: 190 | X13: 192
A14: BCH | B14: 1 | C14: FEMENINO | D14: ABDOMINALES | E14: 0 | F14: 12 | G14: 13 | H14: 14 | I14: 15 | J14: 16 | K14: 17 | L14: 18 | M14: 19 | N14: 20 | O14: 21 | P14: 22 | Q14: 23 | R14: 24 | S14: 25 | T14: 26 | U14: 27 | V14: 28 | W14: 29 | X14: 30
A15: BCH | B15: 1 | C15: FEMENINO | D15: L. BALON | E15: 0 | F15: 4 | G15: 46026 | H15: 46057 | I15: 46085 | J15: 46116 | K15: 46146 | L15: 46207 | M15: 46238 | N15: 5 | O15: 46027 | P15: 46086 | Q15: 46117 | R15: 46178 | S15: 46208 | T15: 46270 | U15: 6 | V15: 46059 | W15: 46087 | X15: 46148
A16: BCH | B16: 1 | C16: FEMENINO | D16: VELOCIDAD | E16: 0 | F16: 9.65 | G16: 46121 | H16: 46062 | I16: 9 | J16: 46273 | K16: 46242 | L16: 46181 | M16: 46150 | N16: 46089 | O16: 8.27 | P16: 8.25 | Q16: 46061 | R16: 8.15 | S16: 8 | T16: 46272 | U16: 46241 | V16: 7.75 | W16: 46210 | X16: 46180
A17: CICLO | B17: GRADO | C17: GENERO | D17: PRUEBA
A18: ESO | B18: 2 | C18: MASCULINO | D18: COOPER | E18: 0 | F18: 1400 | G18: 1475 | H18: 1548 | I18: 1622 | J18: 1697 | K18: 1771 | L18: 1845 | M18: 1919 | N18: 1995 | O18: 2068 | P18: 2142 | Q18: 2216 | R18: 2291 | S18: 2365 | T18: 2439 | U18: 2513 | V18: 2588 | W18: 2662 | X18: 2736
A19: ESO | B19: 2 | C19: MASCULINO | D19: FLEXIBILIDAD | E19: 0 | F19: 6 | G19: 7 | H19: 9 | I19: 10 | J19: 12 | K19: 14 | L19: 15 | M19: 17 | N19: 20 | O19: 21 | P19: 23 | Q19: 24 | R19: 26 | S19: 27 | T19: 29 | U19: 30 | V19: 32 | W19: 34 | X19: 36
A20: ESO | B20: 2 | C20: MASCULINO | D20: S. VERTICAL | E20: 0 | F20: 25 | G20: 26 | H20: 28 | I20: 30 | J20: 31 | K20: 33 | L20: 35 | M20: 36 | N20: 38 | O20: 40 | P20: 42 | Q20: 43 | R20: 45 | S20: 47 | T20: 48 | U20: 50 | V20: 52 | W20: 53 | X20: 55
A21: ESO | B21: 2 | C21: MASCULINO | D21: S. HORIZONTAL | E21: 0 | F21: 1.33 | G21: 1.36 | H21: 1.39 | I21: 1.42 | J21: 1.45 | K21: 1.48 | L21: 1.51 | M21: 1.54 | N21: 1.57 | O21: 46174 | P21: 1.63 | Q21: 1.66 | R21: 1.69 | S21: 1.72 | T21: 1.72 | U21: 1.75 | V21: 1.78 | W21: 1.81 | X21: 1.84
A22: ESO | B22: 2 | C22: MASCULINO | D22: ABDOMINAL | E22: 0 | F22: 15 | G22: 16 | H22: 17 | I22: 18 | J22: 19 | K22: 20 | L22: 21 | M22: 22 | N22: 23 | O22: 24 | P22: 25 | Q22: 26 | R22: 27 | S22: 28 | T22: 29 | U22: 30 | V22: 31 | W22: 32 | X22: 33
A23: ESO | B23: 2 | C23: MASCULINO | D23: L. BALON | E23: 0 | F23: 3.23 | G23: 3.47 | H23: 3.71 | I23: 3.95 | J23: 4.18 | K23: 4.42 | L23: 4.66 | M23: 46269 | N23: 5.13 | O23: 5.37 | P23: 5.61 | Q23: 5.85 | R23: 46240 | S23: 6.32 | T23: 6.56 | U23: 46240 | V23: 46088 | W23: 7.27 | X23: 7.51
A24: ESO | B24: 2 | C24: MASCULINO | D24: VELOCIDAD | E24: 0 | F24: 46212 | G24: 46182 | H24: 46151 | I24: 46121 | J24: 46090 | K24: 46062 | L24: 46031 | M24: 9 | N24: 46273 | O24: 46211 | P24: 46181 | Q24: 46150 | R24: 46120 | S24: 46089 | T24: 46061 | U24: 8 | V24: 46272 | W24: 46241 | X24: 46210
A25: CICLO | B25: GRADO | C25: GENERO | D25: PRUEBA
A26: ESO | B26: 2 | C26: FEMENINO | D26: COOPER | E26: 0 | F26: 700 | G26: 792 | H26: 882 | I26: 974 | J26: 1065 | K26: 1156 | L26: 1247 | M26: 1338 | N26: 1430 | O26: 1521 | P26: 1612 | Q26: 1703 | R26: 1795 | S26: 1886 | T26: 1977 | U26: 2068 | V26: 2160 | W26: 2251 | X26: 2342
A27: ESO | B27: 2 | C27: FEMENINO | D27: FLEXIBILIDAD | E27: 0 | F27: 15 | G27: 16 | H27: 18 | I27: 20 | J27: 22 | K27: 24 | L27: 26 | M27: 28 | N27: 31 | O27: 33 | P27: 35 | Q27: 37 | R27: 39 | S27: 41 | T27: 43 | U27: 45 | V27: 47 | W27: 49 | X27: 50
A28: ESO | B28: 2 | C28: FEMENINO | D28: S. VERTICAL | E28: 0 | F28: 31 | G28: 32 | H28: 34 | I28: 35 | J28: 36 | K28: 38 | L28: 39 | M28: 40 | N28: 42 | O28: 43 | P28: 44 | Q28: 46 | R28: 47 | S28: 48 | T28: 50 | U28: 51 | V28: 53 | W28: 54 | X28: 55
A29: ESO | B29: 2 | C29: FEMENINO | D29: S. HORIZONTAL | E29: 0 | F29: 46054 | G29: 1.24 | H29: 1.28 | I29: 1.32 | J29: 1.36 | K29: 46113 | L29: 1.44 | M29: 1.48 | N29: 1.52 | O29: 1.56 | P29: 46174 | Q29: 1.64 | R29: 1.68 | S29: 1.72 | T29: 1.76 | U29: 46235 | V29: 1.84 | W29: 1.88 | X29: 1.92
A30: ESO | B30: 2 | C30: FEMENINO | D30: ABDOMINAL | E30: 0 | F30: 8 | G30: 9 | H30: 10 | I30: 11 | J30: 12 | K30: 13 | L30: 14 | M30: 15 | N30: 16 | O30: 17 | P30: 18 | Q30: 19 | R30: 20 | S30: 21 | T30: 22 | U30: 23 | V30: 24 | W30: 25 | X30: 26
A31: ESO | B31: 2 | C31: FEMENINO | D31: L. BALÓN | E31: 0 | F31: 46145 | G31: 46359 | H31: 3.25 | I31: 3.38 | J31: 3.51 | K31: 3.63 | L31: 3.76 | M31: 46268 | N31: 46057 | O31: 4.15 | P31: 4.27 | Q31: 46116 | R31: 4.53 | S31: 4.65 | T31: 4.78 | U31: 4.91 | V31: 46117 | W31: 5.16 | X31: 46086
A32: ESO | B32: 2 | C32: FEMENINO | D32: VELOCIDAD | E32: 0 | F32: 46153 | G32: 46092 | H32: 46033 | I32: 46244 | J32: 46183 | K32: 46091 | L32: 46032 | M32: 46274 | N32: 46182 | O32: 46121 | P32: 46062 | Q32: 46273 | R32: 46211 | S32: 46150 | T32: 46061 | U32: 8 | V32: 46241 | W32: 46149 | X32: 46088
A33: CICLO | B33: GRADO | C33: GENERO | D33: PRUEBA / PUNTUACION
A34: ESO | B34: 3 | C34: MASCULINO | D34: COOPER | E34: 0 | F34: 1577 | G34: 1600 | H34: 1624 | I34: 1647 | J34: 1671 | K34: 1694 | L34: 1718 | M34: 1741 | N34: 1765 | O34: 1788 | P34: 1812 | Q34: 1835 | R34: 1859 | S34: 1882 | T34: 1906 | U34: 1929 | V34: 1953 | W34: 1976 | X34: 2000
A35: ESO | B35: 3 | C35: MASCULINO | D35: FLEXIBILIDAD | E35: 0 | F35: 18 | G35: 21 | H35: 22 | I35: 23 | J35: 24 | K35: 25 | L35: 26 | M35: 27 | N35: 28 | O35: 29 | P35: 30 | Q35: 31 | R35: 32 | S35: 33 | T35: 34 | U35: 36 | V35: 37 | W35: 39 | X35: 43
A36: ESO | B36: 3 | C36: MASCULINO | D36: S. VERTICAL | E36: 0 | F36: 17 | G36: 19 | H36: 21 | I36: 23 | J36: 25 | K36: 27 | L36: 29 | M36: 31 | N36: 33 | O36: 35 | P36: 37 | Q36: 39 | R36: 41 | S36: 43 | T36: 45 | U36: 47 | V36: 49 | W36: 51 | X36: 53
A37: ESO | B37: 3 | C37: MASCULINO | D37: S. HORIZONTAL | E37: 0 | F37: 1.72 | G37: 1.75 | H37: 1.78 | I37: 1.81 | J37: 1.84 | K37: 1.87 | L37: 46266 | M37: 1.93 | N37: 1.96 | O37: 1.98 | P37: 2 | Q37: 46083 | R37: 46205 | S37: 46328 | T37: 2.16 | U37: 2.21 | V37: 2.27 | W37: 2.33 | X37: 46114
A38: ESO | B38: 3 | C38: MASCULINO | D38: ABDOMINAL | E38: 0 | F38: 16 | G38: 17 | H38: 18 | I38: 19 | J38: 20 | K38: 21 | L38: 22 | M38: 23 | N38: 24 | O38: 25 | P38: 26 | Q38: 27 | R38: 28 | S38: 29 | T38: 30 | U38: 31 | V38: 32 | W38: 33 | X38: 34
A39: ESO | B39: 3 | C39: MASCULINO | D39: L. BALON | E39: 0 | F39: 46115 | G39: 3.65 | H39: 46268 | I39: 4.15 | J39: 46116 | K39: 4.65 | L39: 46269 | M39: 5.15 | N39: 46117 | O39: 5.65 | P39: 46270 | Q39: 6.15 | R39: 46118 | S39: 6.65 | T39: 46271 | U39: 7.15 | V39: 46119 | W39: 46210 | X39: 8
A40: ESO | B40: 3 | C40: MASCULINO | D40: VELOCIDAD | E40: 0 | F40: 46213 | G40: 46122 | H40: 46032 | I40: 46243 | J40: 46151 | K40: 46062 | L40: 46273 | M40: 46181 | N40: 46089 | O40: 46030 | P40: 46272 | Q40: 46210 | R40: 46149 | S40: 46088 | T40: 46029 | U40: 7 | V40: 46240 | W40: 46179 | X40: 46118
A41: CICLO | B41: GRADO | C41: GENERO | D41: PRUEBA | E41: PUNTUACION | F41: 1 | G41: 46143 | H41: 2 | I41: 46144 | J41: 3 | K41: 46145 | L41: 4 | M41: 46146 | N41: 5 | O41: 46147 | P41: 6 | Q41: 46148 | R41: 7 | S41: 46149 | T41: 8 | U41: 46150 | V41: 9 | W41: 46151 | X41: 10
A42: ESO | B42: 3 | C42: FEMENINO | D42: COOPER | E42: 0 | F42: 1347 | G42: 1371 | H42: 1395 | I42: 1418 | J42: 1442 | K42: 1466 | L42: 1490 | M42: 1513 | N42: 1537 | O42: 1561 | P42: 1585 | Q42: 1608 | R42: 1632 | S42: 1656 | T42: 1680 | U42: 1703 | V42: 1727 | W42: 1751 | X42: 1775
A43: ESO | B43: 3 | C43: FEMENINO | D43: FLEXIBILIDAD | E43: 0 | F43: 23 | G43: 24 | H43: 26 | I43: 28 | J43: 29 | K43: 30 | L43: 31 | M43: 32 | N43: 33 | O43: 34 | P43: 35 | Q43: 36 | R43: 37 | S43: 38 | T43: 39 | U43: 40 | V43: 42 | W43: 44 | X43: 49
A44: ESO | B44: 3 | C44: FEMENINO | D44: S. VERTICAL | E44: 0 | F44: 17 | G44: 18 | H44: 20 | I44: 21 | J44: 24 | K44: 26 | L44: 27 | M44: 29 | N44: 31 | O44: 32 | P44: 34 | Q44: 36 | R44: 37 | S44: 40 | T44: 43 | U44: 44 | V44: 49 | W44: 50 | X44: 52
A45: ESO | B45: 3 | C45: FEMENINO | D45: S. HORIZONTAL | E45: 0 | F45: 1.26 | G45: 1.29 | H45: 1.32 | I45: 1.35 | J45: 1.38 | K45: 1.41 | L45: 1.44 | M45: 1.47 | N45: 46143 | O45: 1.53 | P45: 1.56 | Q45: 46174 | R45: 1.65 | S45: 46204 | T45: 1.75 | U45: 1.81 | V45: 1.87 | W45: 1.93 | X45: 2
A46: ESO | B46: 3 | C46: FEMENINO | D46: ABDOMINAL | E46: 0 | F46: 12 | G46: 13 | H46: 14 | I46: 15 | J46: 16 | K46: 17 | L46: 18 | M46: 19 | N46: 20 | O46: 21 | P46: 22 | Q46: 23 | R46: 24 | S46: 25 | T46: 26 | U46: 27 | V46: 25 | W46: 26 | X46: 32
A47: ESO | B47: 3 | C47: FEMENINO | D47: L. BALON | E47: 0 | F47: 2.49 | G47: 2.67 | H47: 2.86 | I47: 46145 | J47: 3.23 | K47: 3.42 | L47: 3.61 | M47: 46237 | N47: 3.98 | O47: 4.28 | P47: 4.59 | Q47: 4.89 | R47: 5.19 | S47: 5.44 | T47: 5.79 | U47: 46271 | V47: 46118 | W47: 46209 | X47: 7
A48: ESO | B48: 3 | C48: FEMENINO | D48: VELOCIDAD | E48: 0 | F48: 46276 | G48: 46153 | H48: 46064 | I48: 46244 | J48: 46152 | K48: 46032 | L48: 46243 | M48: 46121 | N48: 46031 | O48: 46273 | P48: 46211 | Q48: 46150 | R48: 46089 | S48: 8 | T48: 46241 | U48: 46180 | V48: 46119 | W48: 46060 | X48: 7
